region,timePeriod,S_proportion,I_proportion,R_proportion,X_proportion
1,0,0.9399999999999998,0.01,0.0,0.05
1,1,0.47051479171445393,0.46968520828554594,0.0098,0.05
1,2,0.0743151651673588,0.453816312781764,0.470091504119835,0.0017770179310422326
1,3,0.0743151651673588,0.01085334418667752,0.9148314906459638,0.0
1,4,0.0,0.07453223205109234,0.9254677679489077,0.0
1,5,0.0,0.001490644641021848,0.9985093553589782,0.0
1,6,0.0,2.981289282043699e-05,0.9999701871071797,0.0
1,7,0.0,5.962578564087403e-07,0.9999994037421436,0.0
1,8,0.0,1.1925157128174817e-08,0.9999999880748429,0.0
1,9,0.0,2.3850314256349655e-10,0.9999999997614968,0.0
1,10,0.0,0.0,0.9999999999952299,0.0
1,11,0.0,0.0,0.9999999999952299,0.0
1,12,0.0,0.0,0.9999999999952299,0.0
1,13,0.0,0.0,0.9999999999952299,0.0
1,14,0.0,0.0,0.9999999999952299,0.0
1,15,0.0,0.0,0.9999999999952299,0.0
1,16,0.0,0.0,0.9999999999952299,0.0
1,17,0.0,0.0,0.9999999999952299,0.0
1,18,0.0,0.0,0.9999999999952299,0.0
1,19,0.0,0.0,0.9999999999952299,0.0
1,20,0.0,0.0,0.9999999999952299,0.0
1,21,0.0,0.0,0.9999999999952299,0.0
1,22,0.0,0.0,0.9999999999952299,0.0
1,23,0.0,0.0,0.9999999999952299,0.0
1,24,0.0,0.0,0.9999999999952299,0.0
1,25,0.0,0.0,0.9999999999952299,0.0
1,26,0.0,0.0,0.9999999999952299,0.0
2,0,0.94,0.01,0.0,0.05
2,1,0.9393907567499205,0.000809243250079522,0.0098,0.05
2,2,0.9134747416661237,0.02852380145717795,0.010593058385077932,0.04740839849162033
2,3,0.0,0.9614536161868877,0.038546383813112324,0.0
2,4,0.0,0.019229072323737773,0.9807709276762622,0.0
2,5,0.0,0.0003845814464747558,0.9996154185535251,0.0
2,6,0.0,7.691628929495124e-06,0.9999923083710703,0.0
2,7,0.0,1.538325785899026e-07,0.9999998461674212,0.0
2,8,0.0,3.0766515717980548e-09,0.9999999969233482,0.0
2,9,6.153303143596116e-11,0.0,0.9999999999384667,0.0
2,10,0.0,0.0,0.9999999999384667,0.0
2,11,0.0,0.0,0.9999999999384667,0.0
2,12,0.0,0.0,0.9999999999384667,0.0
2,13,0.0,0.0,0.9999999999384667,0.0
2,14,0.0,0.0,0.9999999999384667,0.0
2,15,0.0,0.0,0.9999999999384667,0.0
2,16,0.0,0.0,0.9999999999384667,0.0
2,17,0.0,0.0,0.9999999999384667,0.0
2,18,0.0,0.0,0.9999999999384667,0.0
2,19,0.0,0.0,0.9999999999384667,0.0
2,20,0.0,0.0,0.9999999999384667,0.0
2,21,0.0,0.0,0.9999999999384667,0.0
2,22,0.0,0.0,0.9999999999384667,0.0
2,23,0.0,0.0,0.9999999999384667,0.0
2,24,0.0,0.0,0.9999999999384667,0.0
2,25,0.0,0.0,0.9999999999384667,0.0
2,26,0.0,0.0,0.9999999999384667,0.0
3,0,0.94,0.01,0.0,0.05
3,1,0.9316471433458775,0.008552856654122476,0.0098,0.05
3,2,0.818859478518877,0.162958721960083,0.018181799521040026,0.0
3,3,0.0009742274131659997,0.8211444255449127,0.17788134704192135,0.0
3,4,0.0,0.017397115924064267,0.9826028840759358,0.0
3,5,0.0,0.0003479423184812856,0.9996520576815187,0.0
3,6,0.0,6.958846369625719e-06,0.9999930411536304,0.0
3,7,0.0,1.3917692739251451e-07,0.9999998608230727,0.0
3,8,0.0,0.0,0.9999999972164615,0.0
3,9,0.0,0.0,0.9999999972164615,0.0
3,10,0.0,0.0,0.9999999972164615,0.0
3,11,0.0,0.0,0.9999999972164615,0.0
3,12,0.0,0.0,0.9999999972164615,0.0
3,13,0.0,0.0,0.9999999972164615,0.0
3,14,0.0,0.0,0.9999999972164615,0.0
3,15,0.0,0.0,0.9999999972164615,0.0
3,16,0.0,0.0,0.9999999972164615,0.0
3,17,0.0,0.0,0.9999999972164615,0.0
3,18,0.0,0.0,0.9999999972164615,0.0
3,19,0.0,0.0,0.9999999972164615,0.0
3,20,0.0,0.0,0.9999999972164615,0.0
3,21,0.0,0.0,0.9999999972164615,0.0
3,22,0.0,0.0,0.9999999972164615,0.0
3,23,0.0,0.0,0.9999999972164615,0.0
3,24,0.0,0.0,0.9999999972164615,0.0
3,25,0.0,0.0,0.9999999972164615,0.0
3,26,0.0,0.0,0.9999999972164615,0.0
4,0,0.9399999999999998,0.01,0.0,0.05
4,1,0.0,0.0001999999999999956,0.009800000000000001,0.9899999999999999
4,2,-7.864864864864703e-08,3.999999999999915e-06,0.009995999999999996,0.99000008
4,3,0.0,0.0,0.009999919999999995,0.99000008
4,4,0.0,0.0,0.009999919999999995,0.99000008
4,5,0.0,0.0,0.009999919999999995,0.99000008
4,6,0.0,0.0,0.009999919999999995,0.99000008
4,7,0.0,0.0,0.009999919999999995,0.99000008
4,8,0.0,0.0,0.009999919999999995,0.99000008
4,9,0.0,0.0,0.009999919999999995,0.99000008
4,10,0.0,0.0,0.009999919999999995,0.99000008
4,11,0.0,0.0,0.009999919999999995,0.99000008
4,12,0.0,0.0,0.009999919999999995,0.99000008
4,13,0.0,0.0,0.009999919999999995,0.99000008
4,14,0.0,0.0,0.009999919999999995,0.99000008
4,15,0.0,0.0,0.009999919999999995,0.99000008
4,16,0.0,0.0,0.009999919999999995,0.99000008
4,17,0.0,0.0,0.009999919999999995,0.99000008
4,18,0.0,0.0,0.009999919999999995,0.99000008
4,19,0.0,0.0,0.009999919999999995,0.99000008
4,20,0.0,0.0,0.009999919999999995,0.99000008
4,21,0.0,0.0,0.009999919999999995,0.99000008
4,22,0.0,0.0,0.009999919999999995,0.99000008
4,23,0.0,0.0,0.009999919999999995,0.99000008
4,24,0.0,0.0,0.009999919999999995,0.99000008
4,25,0.0,0.0,0.009999919999999995,0.99000008
4,26,0.0,0.0,0.009999919999999995,0.99000008
5,0,0.9399999999999998,0.01,0.0,0.05
5,1,0.7269203519266656,0.21327964807333427,0.009800000000000001,0.05
5,2,0.0,0.7623621076977537,0.21881405511186755,0.018823837190378556
5,3,0.0,0.0340710793443335,0.9659289206556662,0.0
5,4,0.0,0.0006814215868866582,0.9993185784131129,0.0
5,5,0.0,1.3628431737733176e-05,0.9999863715682618,0.0
5,6,0.0,2.7256863475466377e-07,0.9999997274313648,0.0
5,7,0.0,5.4513726950932796e-09,0.9999999945486268,0.0
5,8,0.0,0.0,0.999999999890972,0.0
5,9,0.0,0.0,0.999999999890972,0.0
5,10,0.0,0.0,0.999999999890972,0.0
5,11,0.0,0.0,0.999999999890972,0.0
5,12,0.0,0.0,0.999999999890972,0.0
5,13,0.0,0.0,0.999999999890972,0.0
5,14,0.0,0.0,0.999999999890972,0.0
5,15,0.0,0.0,0.999999999890972,0.0
5,16,0.0,0.0,0.999999999890972,0.0
5,17,0.0,0.0,0.999999999890972,0.0
5,18,0.0,0.0,0.999999999890972,0.0
5,19,0.0,0.0,0.999999999890972,0.0
5,20,0.0,0.0,0.999999999890972,0.0
5,21,0.0,0.0,0.999999999890972,0.0
5,22,0.0,0.0,0.999999999890972,0.0
5,23,0.0,0.0,0.999999999890972,0.0
5,24,0.0,0.0,0.999999999890972,0.0
5,25,0.0,0.0,0.999999999890972,0.0
5,26,0.0,0.0,0.999999999890972,0.0
6,0,0.94,0.01,0.0,0.05
6,1,0.6933324268397826,0.24686757316021726,0.009800000000000001,0.05
6,2,0.47208580718545,0.1149283090841398,0.2517302216970129,0.1612556620333971
6,3,0.47208580718545,0.16355422821507987,0.3643599645994699,0.0
6,4,0.3616317041135756,0.11372518763617602,0.5246431082502483,0.0
6,5,0.3351521750457163,0.02875403282058282,0.6360937921337008,0.0
6,6,0.30697284630639976,0.028754409395728212,0.6642727442978719,0.0
6,7,0.2787935175670832,0.028754416927231123,0.6924520655056855,0.0
6,8,0.25011505535486506,0.028754417080935266,0.720631394094372,0.0004991334698275054
6,9,0.222434860085376,0.028754417080935266,0.7488107228336887,0.0
6,10,0.026419151947658946,0.028754417080935266,0.7769900515730052,0.16783637939840046
6,11,0.026419151947658946,0.028754417080935266,0.8051693803123218,0.1396570506590839
6,12,0.026419151947658946,0.028754417080935266,0.8333487090516384,0.11147772191976733
6,13,0.026419151947658946,0.11205281026138603,0.861528037790955,0.0
6,14,0.0,0.028660208152886668,0.9713397918471134,0.0
6,15,0.0,0.0005732041630577339,0.9994267958369423,0.0
6,16,0.0,1.1464083261154687e-05,0.9999885359167389,0.0
6,17,0.0,2.2928166522309395e-07,0.9999997707183348,0.0
6,18,0.0,4.585633304461884e-09,0.9999999954143668,0.0
6,19,0.0,9.171266608923776e-11,0.9999999999082874,0.0
6,20,0.0,0.0,0.9999999999981657,0.0
6,21,0.0,0.0,0.9999999999981657,0.0
6,22,0.0,0.0,0.9999999999981657,0.0
6,23,0.0,0.0,0.9999999999981657,0.0
6,24,0.0,0.0,0.9999999999981657,0.0
6,25,0.0,0.0,0.9999999999981657,0.0
6,26,0.0,0.0,0.9999999999981657,0.0
7,0,0.94,0.01,0.0,0.049999999999999996
7,1,0.0,0.00019999999999999825,0.0098,0.99
7,2,0.0,3.9999999999999685e-06,0.009995999999999998,0.99
7,3,0.0,7.999999999999945e-08,0.009999919999999997,0.99
7,4,0.0,0.0,0.009999998399999998,0.9900000016
7,5,0.0,0.0,0.009999998399999998,0.9900000016
7,6,0.0,0.0,0.009999998399999998,0.9900000016
7,7,0.0,0.0,0.009999998399999998,0.9900000016
7,8,0.0,0.0,0.009999998399999998,0.9900000016
7,9,0.0,0.0,0.009999998399999998,0.9900000016
7,10,0.0,0.0,0.009999998399999998,0.9900000016
7,11,0.0,0.0,0.009999998399999998,0.9900000016
7,12,0.0,0.0,0.009999998399999998,0.9900000016
7,13,0.0,0.0,0.009999998399999998,0.9900000016
7,14,0.0,0.0,0.009999998399999998,0.9900000016
7,15,0.0,0.0,0.009999998399999998,0.9900000016
7,16,0.0,0.0,0.009999998399999998,0.9900000016
7,17,0.0,0.0,0.009999998399999998,0.9900000016
7,18,0.0,0.0,0.009999998399999998,0.9900000016
7,19,0.0,0.0,0.009999998399999998,0.9900000016
7,20,0.0,0.0,0.009999998399999998,0.9900000016
7,21,0.0,0.0,0.009999998399999998,0.9900000016
7,22,0.0,0.0,0.009999998399999998,0.9900000016
7,23,0.0,0.0,0.009999998399999998,0.9900000016
7,24,0.0,0.0,0.009999998399999998,0.9900000016
7,25,0.0,0.0,0.009999998399999998,0.9900000016
7,26,0.0,0.0,0.009999998399999998,0.9900000016
8,0,0.94,0.01,0.0,0.05
8,1,0.9388205246508934,0.0013794753491065794,0.009800000000000001,0.05
8,2,0.9388205246508934,0.007658847138239762,0.011151885842124449,0.042368742368742364
8,3,0.9388205246508934,0.042521919311507166,0.018657556037599415,0.0
8,4,0.4935681511129291,0.4461028119241943,0.06032903696287643,0.0
8,5,0.4935681511129291,0.008922056238483895,0.4975097926485869,0.0
8,6,0.0,0.49374659223769884,0.5062534077623011,0.0
8,7,0.0,0.009874931844753985,0.990125068155246,0.0
8,8,0.0,0.00019749863689507991,0.9998025013631049,0.0
8,9,0.0,3.949972737901601e-06,0.9999960500272621,0.0
8,10,0.0,7.899945475803211e-08,0.9999999210005451,0.0
8,11,1.5799890951606435e-09,0.0,0.9999999984200109,0.0
8,12,0.0,0.0,0.9999999984200109,0.0
8,13,0.0,0.0,0.9999999984200109,0.0
8,14,0.0,0.0,0.9999999984200109,0.0
8,15,0.0,0.0,0.9999999984200109,0.0
8,16,0.0,0.0,0.9999999984200109,0.0
8,17,0.0,0.0,0.9999999984200109,0.0
8,18,0.0,0.0,0.9999999984200109,0.0
8,19,0.0,0.0,0.9999999984200109,0.0
8,20,0.0,0.0,0.9999999984200109,0.0
8,21,0.0,0.0,0.9999999984200109,0.0
8,22,0.0,0.0,0.9999999984200109,0.0
8,23,0.0,0.0,0.9999999984200109,0.0
8,24,0.0,0.0,0.9999999984200109,0.0
8,25,0.0,0.0,0.9999999984200109,0.0
8,26,0.0,0.0,0.9999999984200109,0.0
9,0,0.94,0.01,0.0,0.05
9,1,0.8902,0.05,0.0098,0.05
9,2,0.0,0.9411999999999999,0.058800000000000005,0.0
9,3,0.0,0.018824000000000018,0.9811759999999999,0.0
9,4,0.0,0.00037648000000000065,0.99962352,0.0
9,5,0.0,7.52960000000002e-06,0.9999924703999999,0.0
9,6,0.0,1.5059200000000056e-07,0.9999998494079999,0.0
9,7,0.0,3.0118400000000135e-09,0.99999999698816,0.0
9,8,0.0,0.0,0.9999999999397632,0.0
9,9,0.0,0.0,0.9999999999397632,0.0
9,10,0.0,0.0,0.9999999999397632,0.0
9,11,0.0,0.0,0.9999999999397632,0.0
9,12,0.0,0.0,0.9999999999397632,0.0
9,13,0.0,0.0,0.9999999999397632,0.0
9,14,0.0,0.0,0.9999999999397632,0.0
9,15,0.0,0.0,0.9999999999397632,0.0
9,16,0.0,0.0,0.9999999999397632,0.0
9,17,0.0,0.0,0.9999999999397632,0.0
9,18,0.0,0.0,0.9999999999397632,0.0
9,19,0.0,0.0,0.9999999999397632,0.0
9,20,0.0,0.0,0.9999999999397632,0.0
9,21,0.0,0.0,0.9999999999397632,0.0
9,22,0.0,0.0,0.9999999999397632,0.0
9,23,0.0,0.0,0.9999999999397632,0.0
9,24,0.0,0.0,0.9999999999397632,0.0
9,25,0.0,0.0,0.9999999999397632,0.0
9,26,0.0,0.0,0.9999999999397632,0.0
10,0,0.94,0.01,0.0,0.05
10,1,0.94,0.00020000000000000017,0.0098,0.05
10,2,0.9337525654277972,0.007542934572202864,0.009996,0.0487085
10,3,0.9337525654277972,0.04885935869144406,0.017388075880758806,0.0
10,4,0.0,0.9347297526016259,0.06527024739837399,0.0
10,5,0.0,0.01869459505203254,0.9813054049479675,0.0
10,6,0.0,0.0003738919010406511,0.9996261080989594,0.0
10,7,0.0,7.477838020813029e-06,0.9999925221619791,0.0
10,8,0.0,1.495567604162607e-07,0.9999998504432395,0.0
10,9,0.0,2.9911352083252165e-09,0.9999999970088645,0.0
10,10,0.0,0.0,0.9999999999401771,0.0
10,11,0.0,0.0,0.9999999999401771,0.0
10,12,0.0,0.0,0.9999999999401771,0.0
10,13,0.0,0.0,0.9999999999401771,0.0
10,14,0.0,0.0,0.9999999999401771,0.0
10,15,0.0,0.0,0.9999999999401771,0.0
10,16,0.0,0.0,0.9999999999401771,0.0
10,17,0.0,0.0,0.9999999999401771,0.0
10,18,0.0,0.0,0.9999999999401771,0.0
10,19,0.0,0.0,0.9999999999401771,0.0
10,20,0.0,0.0,0.9999999999401771,0.0
10,21,0.0,0.0,0.9999999999401771,0.0
10,22,0.0,0.0,0.9999999999401771,0.0
10,23,0.0,0.0,0.9999999999401771,0.0
10,24,0.0,0.0,0.9999999999401771,0.0
10,25,0.0,0.0,0.9999999999401771,0.0
10,26,0.0,0.0,0.9999999999401771,0.0
11,0,0.94,0.01,0.0,0.05
11,1,0.9307918847250711,0.009408115274928667,0.0098,0.05
11,2,0.0,0.9809800470305696,0.01901995296943009,0.0
11,3,0.0,0.01961960094061142,0.9803803990593882,0.0
11,4,0.0,0.00039239201881222866,0.9996076079811875,0.0
11,5,0.0,7.84784037624458e-06,0.9999921521596234,0.0
11,6,0.0,1.5695680752489174e-07,0.9999998430431921,0.0
11,7,0.0,3.139134410498892e-09,0.9999999968608635,0.0
11,8,0.0,0.0,0.9999999999372152,0.0
11,9,0.0,0.0,0.9999999999372152,0.0
11,10,0.0,0.0,0.9999999999372152,0.0
11,11,0.0,0.0,0.9999999999372152,0.0
11,12,0.0,0.0,0.9999999999372152,0.0
11,13,0.0,0.0,0.9999999999372152,0.0
11,14,0.0,0.0,0.9999999999372152,0.0
11,15,0.0,0.0,0.9999999999372152,0.0
11,16,0.0,0.0,0.9999999999372152,0.0
11,17,0.0,0.0,0.9999999999372152,0.0
11,18,0.0,0.0,0.9999999999372152,0.0
11,19,0.0,0.0,0.9999999999372152,0.0
11,20,0.0,0.0,0.9999999999372152,0.0
11,21,0.0,0.0,0.9999999999372152,0.0
11,22,0.0,0.0,0.9999999999372152,0.0
11,23,0.0,0.0,0.9999999999372152,0.0
11,24,0.0,0.0,0.9999999999372152,0.0
11,25,0.0,0.0,0.9999999999372152,0.0
11,26,0.0,0.0,0.9999999999372152,0.0
12,0,0.94,0.01,0.0,0.05
12,1,0.8675976833976834,0.0726023166023166,0.0098,0.05
12,2,0.0,0.8690497297297296,0.08095027027027026,0.05
12,3,0.0,0.030697491842639913,0.9326190054054054,0.03668350275195469
12,4,0.0,0.03729745258880749,0.9627025474111925,0.0
12,5,0.0,0.0007459490517761505,0.9992540509482238,0.0
12,6,0.0,1.4918981035523022e-05,0.9999850810189646,0.0
12,7,0.0,2.9837962071046074e-07,0.9999997016203793,0.0
12,8,5.967592414209219e-09,0.0,0.9999999940324077,0.0
12,9,5.967592414209219e-09,0.0,0.9999999940324077,0.0
12,10,0.0,0.0,0.9999999940324077,0.0
12,11,0.0,0.0,0.9999999940324077,0.0
12,12,0.0,0.0,0.9999999940324077,0.0
12,13,0.0,0.0,0.9999999940324077,0.0
12,14,0.0,0.0,0.9999999940324077,0.0
12,15,0.0,0.0,0.9999999940324077,0.0
12,16,0.0,0.0,0.9999999940324077,0.0
12,17,0.0,0.0,0.9999999940324077,0.0
12,18,0.0,0.0,0.9999999940324077,0.0
12,19,0.0,0.0,0.9999999940324077,0.0
12,20,0.0,0.0,0.9999999940324077,0.0
12,21,0.0,0.0,0.9999999940324077,0.0
12,22,0.0,0.0,0.9999999940324077,0.0
12,23,0.0,0.0,0.9999999940324077,0.0
12,24,0.0,0.0,0.9999999940324077,0.0
12,25,0.0,0.0,0.9999999940324077,0.0
12,26,0.0,0.0,0.9999999940324077,0.0
13,0,0.94,0.01,0.0,0.05
13,1,0.8788499999999999,0.06746500000000069,0.0098,0.043884999999999307
13,2,0.4663015249999957,0.41389777500000424,0.07591570000000068,0.043884999999999307
13,3,0.43094219130990463,0.0704729666900907,0.4815355195000049,0.017049322499999728
13,4,0.0,0.43235165064370645,0.5505990268562938,0.017049322499999728
13,5,0.0,0.008647033012874138,0.9743036444871261,0.017049322499999728
13,6,0.0,0.00017294066025748292,0.9827777368397428,0.017049322499999728
13,7,0.0,3.4588132051496607e-06,0.9829472186867951,0.017049322499999728
13,8,0.0,6.917626410299328e-08,0.982950608323736,0.017049322499999728
13,9,1.383525282059867e-09,0.0,0.9829506761164749,0.017049322499999728
13,10,0.0,0.0,0.9829506761164749,0.017049322499999728
13,11,0.0,0.0,0.9829506761164749,0.017049322499999728
13,12,0.0,0.0,0.9829506761164749,0.017049322499999728
13,13,0.0,0.0,0.9829506761164749,0.017049322499999728
13,14,0.0,0.0,0.9829506761164749,0.017049322499999728
13,15,0.0,0.0,0.9829506761164749,0.017049322499999728
13,16,0.0,0.0,0.9829506761164749,0.017049322499999728
13,17,0.0,0.0,0.9829506761164749,0.017049322499999728
13,18,0.0,0.0,0.9829506761164749,0.017049322499999728
13,19,0.0,0.0,0.9829506761164749,0.017049322499999728
13,20,0.0,0.0,0.9829506761164749,0.017049322499999728
13,21,0.0,0.0,0.9829506761164749,0.017049322499999728
13,22,0.0,0.0,0.9829506761164749,0.017049322499999728
13,23,0.0,0.0,0.9829506761164749,0.017049322499999728
13,24,0.0,0.0,0.9829506761164749,0.017049322499999728
13,25,0.0,0.0,0.9829506761164749,0.017049322499999728
13,26,0.0,0.0,0.9829506761164749,0.017049322499999728
14,0,0.0,0.0,0.0,0.0
14,1,0.0,0.0,0.0,0.0
14,2,0.0,0.0,0.0,0.0
14,3,0.0,0.0,0.0,0.0
14,4,0.0,0.0,0.0,0.0
14,5,0.0,0.0,0.0,0.0
14,6,0.0,0.0,0.0,0.0
14,7,0.0,0.0,0.0,0.0
14,8,0.0,0.0,0.0,0.0
14,9,0.0,0.0,0.0,0.0
14,10,0.0,0.0,0.0,0.0
14,11,0.0,0.0,0.0,0.0
14,12,0.0,0.0,0.0,0.0
14,13,0.0,0.0,0.0,0.0
14,14,0.0,0.0,0.0,0.0
14,15,0.0,0.0,0.0,0.0
14,16,0.0,0.0,0.0,0.0
14,17,0.0,0.0,0.0,0.0
14,18,0.0,0.0,0.0,0.0
14,19,0.0,0.0,0.0,0.0
14,20,0.0,0.0,0.0,0.0
14,21,0.0,0.0,0.0,0.0
14,22,0.0,0.0,0.0,0.0
14,23,0.0,0.0,0.0,0.0
14,24,0.0,0.0,0.0,0.0
14,25,0.0,0.0,0.0,0.0
14,26,0.0,0.0,0.0,0.0
15,0,0.94,0.01,0.0,0.05
15,1,0.9399064873603095,0.00029351263969058615,0.0098,0.05
15,2,0.6992546510899171,0.1206483705448154,0.010087642386896772,0.17000933597837056
15,3,0.6992546510899171,0.17242230338926687,0.12832304552081586,0.0
15,4,0.4533818678848849,0.24495883149561595,0.2972969028422974,0.004362397777201733
15,5,0.2784366298257638,0.18420681246623516,0.537356557708001,0.0
15,6,0.0,0.28212076607508846,0.7178792339249115,0.0
15,7,0.0,0.005642415321501775,0.9943575846784982,0.0
15,8,0.0,0.00011284830643003559,0.99988715169357,0.0
15,9,0.0,2.2569661286007138e-06,0.9999977430338715,0.0
15,10,0.0,4.5139322572014314e-08,0.9999999548606775,0.0
15,11,0.0,9.027864514402871e-10,0.9999999990972136,0.0
15,12,0.0,0.0,0.9999999999819443,0.0
15,13,0.0,0.0,0.9999999999819443,0.0
15,14,0.0,0.0,0.9999999999819443,0.0
15,15,0.0,0.0,0.9999999999819443,0.0
15,16,0.0,0.0,0.9999999999819443,0.0
15,17,0.0,0.0,0.9999999999819443,0.0
15,18,0.0,0.0,0.9999999999819443,0.0
15,19,0.0,0.0,0.9999999999819443,0.0
15,20,0.0,0.0,0.9999999999819443,0.0
15,21,0.0,0.0,0.9999999999819443,0.0
15,22,0.0,0.0,0.9999999999819443,0.0
15,23,0.0,0.0,0.9999999999819443,0.0
15,24,0.0,0.0,0.9999999999819443,0.0
15,25,0.0,0.0,0.9999999999819443,0.0
15,26,0.0,0.0,0.9999999999819443,0.0
16,0,0.94,0.01,0.0,0.05
16,1,0.481400339625651,0.458799660374349,0.009800000000000001,0.05
16,2,0.0,0.5405763328331379,0.4594236671668621,0.0
16,3,0.0,0.010811526656662768,0.9891884733433373,0.0
16,4,0.0,0.00021623053313325554,0.9997837694668666,0.0
16,5,0.0,4.324610662665115e-06,0.9999956753893373,0.0
16,6,0.0,8.649221325330237e-08,0.9999999135077867,0.0
16,7,0.0,1.729844265066049e-09,0.9999999982701557,0.0
16,8,0.0,0.0,0.9999999999654031,0.0
16,9,0.0,0.0,0.9999999999654031,0.0
16,10,0.0,0.0,0.9999999999654031,0.0
16,11,0.0,0.0,0.9999999999654031,0.0
16,12,0.0,0.0,0.9999999999654031,0.0
16,13,0.0,0.0,0.9999999999654031,0.0
16,14,0.0,0.0,0.9999999999654031,0.0
16,15,0.0,0.0,0.9999999999654031,0.0
16,16,0.0,0.0,0.9999999999654031,0.0
16,17,0.0,0.0,0.9999999999654031,0.0
16,18,0.0,0.0,0.9999999999654031,0.0
16,19,0.0,0.0,0.9999999999654031,0.0
16,20,0.0,0.0,0.9999999999654031,0.0
16,21,0.0,0.0,0.9999999999654031,0.0
16,22,0.0,0.0,0.9999999999654031,0.0
16,23,0.0,0.0,0.9999999999654031,0.0
16,24,0.0,0.0,0.9999999999654031,0.0
16,25,0.0,0.0,0.9999999999654031,0.0
16,26,0.0,0.0,0.9999999999654031,0.0
17,0,0.94,0.01,0.0,0.05
17,1,0.8542977615349474,0.08590223846505253,0.0098,0.05
17,2,0.0,0.8560158063042624,0.09398419369575148,0.05
17,3,0.0,0.03356015806304263,0.9328796838739285,0.03356015806304263
17,4,0.0,0.03404678035495676,0.9657686387757103,0.00018458086934672948
17,5,0.0,0.0006809356070991356,0.9991344835235679,0.00018458086934672948
17,6,0.0,0.00018686568968958857,0.9998018004185252,1.1333891799123646e-05
17,7,0.0,3.7373137937917744e-06,0.9999849287944209,1.1333891799123646e-05
17,8,0.0,3.7915048438017543e-06,0.9999885913619387,7.617133231197726e-06
17,9,0.0,3.8464816640368806e-06,0.9999923070366857,3.8464816640368806e-06
17,10,0.0,3.902255648165416e-06,0.9999960765887165,2.1155649152202435e-08
17,11,0.0,7.804511296330841e-08,0.9999999007992517,2.1155649152202435e-08
17,12,0.0,0.0,0.9999999772834623,2.2716551411468605e-08
17,13,0.0,0.0,0.9999999772834623,2.2716551411468605e-08
17,14,0.0,0.0,0.9999999772834623,0.0
17,15,0.0,0.0,0.9999999772834623,0.0
17,16,0.0,0.0,0.9999999772834623,0.0
17,17,0.0,0.0,0.9999999772834623,0.0
17,18,0.0,0.0,0.9999999772834623,0.0
17,19,0.0,0.0,0.9999999772834623,0.0
17,20,0.0,0.0,0.9999999772834623,0.0
17,21,0.0,0.0,0.9999999772834623,0.0
17,22,0.0,0.0,0.9999999772834623,0.0
17,23,0.0,0.0,0.9999999772834623,0.0
17,24,0.0,0.0,0.9999999772834623,0.0
17,25,0.0,0.0,0.9999999772834623,0.0
17,26,0.0,0.0,0.9999999772834623,0.0
18,0,0.94,0.01,0.0,0.049999999999999996
18,1,0.94,0.00019999999999999806,0.0098,0.049999999999999996
18,2,0.0,1.7999999999999828e-05,0.009995999999999998,0.9899859999999999
18,3,0.0,1.6199999999999851e-06,0.010013639999999997,0.9899847399999998
18,4,0.0,1.457999999999987e-07,0.010015227599999997,0.9899846265999999
18,5,0.0,2.9159999999999763e-09,0.010015370483999997,0.9899846265999999
18,6,0.0,2.624399999999979e-10,0.010015373341679998,0.9899846263958798
18,7,0.0,0.0,0.010015373598871198,0.9899846263958798
18,8,0.0,0.0,0.010015373604015023,0.9899846263955123
18,9,0.0,0.0,0.010015373604477967,0.9899846263955123
18,10,0.0,0.0,0.010015373604477967,0.9899846263955123
18,11,0.0,0.0,0.010015373604477967,0.9899846263955123
18,12,0.0,0.0,0.010015373604477967,0.9899846263955123
18,13,0.0,0.0,0.010015373604477967,0.9899846263955123
18,14,0.0,0.0,0.010015373604477967,0.9899846263955123
18,15,0.0,0.0,0.010015373604477967,0.9899846263955123
18,16,0.0,0.0,0.010015373604477967,0.9899846263955123
18,17,0.0,0.0,0.010015373604477967,0.9899846263955123
18,18,0.0,0.0,0.010015373604477967,0.9899846263955123
18,19,0.0,0.0,0.010015373604477967,0.9899846263955123
18,20,0.0,0.0,0.010015373604477967,0.9899846263955123
18,21,0.0,0.0,0.010015373604477967,0.9899846263955123
18,22,0.0,0.0,0.010015373604477967,0.9899846263955123
18,23,0.0,0.0,0.010015373604477967,0.9899846263955123
18,24,0.0,0.0,0.010015373604477967,0.9899846263955123
18,25,0.0,0.0,0.010015373604477967,0.9899846263955123
18,26,0.0,0.0,0.010015373604477967,0.9899846263955123
19,0,0.94,0.01,0.0,0.05
19,1,0.9300073590867394,0.010192640913260626,0.0098,0.05
19,2,0.9300073590867394,0.050203852818265206,0.019788788094995412,0.0
19,3,0.9124116671661172,0.018599768976987407,0.06898856385689531,0.0
19,4,0.0,0.912783662545657,0.08721633745434297,0.0
19,5,0.0,0.018255673250913155,0.9817443267490868,0.0
19,6,0.0,0.00036511346501826345,0.9996348865349818,0.0
19,7,0.0,7.302269300365276e-06,0.9999926977306997,0.0
19,8,0.0,1.4604538600730566e-07,0.999999853954614,0.0
19,9,2.920907720146116e-09,0.0,0.9999999970790923,0.0
19,10,0.0,0.0,0.9999999970790923,0.0
19,11,0.0,0.0,0.9999999970790923,0.0
19,12,0.0,0.0,0.9999999970790923,0.0
19,13,0.0,0.0,0.9999999970790923,0.0
19,14,0.0,0.0,0.9999999970790923,0.0
19,15,0.0,0.0,0.9999999970790923,0.0
19,16,0.0,0.0,0.9999999970790923,0.0
19,17,0.0,0.0,0.9999999970790923,0.0
19,18,0.0,0.0,0.9999999970790923,0.0
19,19,0.0,0.0,0.9999999970790923,0.0
19,20,0.0,0.0,0.9999999970790923,0.0
19,21,0.0,0.0,0.9999999970790923,0.0
19,22,0.0,0.0,0.9999999970790923,0.0
19,23,0.0,0.0,0.9999999970790923,0.0
19,24,0.0,0.0,0.9999999970790923,0.0
19,25,0.0,0.0,0.9999999970790923,0.0
19,26,0.0,0.0,0.9999999970790923,0.0
20,0,0.0,0.0,0.0,0.0
20,1,0.0,0.0,0.0,0.0
20,2,0.0,0.0,0.0,0.0
20,3,0.0,0.0,0.0,0.0
20,4,0.0,0.0,0.0,0.0
20,5,0.0,0.0,0.0,0.0
20,6,0.0,0.0,0.0,0.0
20,7,0.0,0.0,0.0,0.0
20,8,0.0,0.0,0.0,0.0
20,9,0.0,0.0,0.0,0.0
20,10,0.0,0.0,0.0,0.0
20,11,0.0,0.0,0.0,0.0
20,12,0.0,0.0,0.0,0.0
20,13,0.0,0.0,0.0,0.0
20,14,0.0,0.0,0.0,0.0
20,15,0.0,0.0,0.0,0.0
20,16,0.0,0.0,0.0,0.0
20,17,0.0,0.0,0.0,0.0
20,18,0.0,0.0,0.0,0.0
20,19,0.0,0.0,0.0,0.0
20,20,0.0,0.0,0.0,0.0
20,21,0.0,0.0,0.0,0.0
20,22,0.0,0.0,0.0,0.0
20,23,0.0,0.0,0.0,0.0
20,24,0.0,0.0,0.0,0.0
20,25,0.0,0.0,0.0,0.0
20,26,0.0,0.0,0.0,0.0
21,0,0.0,0.0,0.0,0.0
21,1,0.0,0.0,0.0,0.0
21,2,0.0,0.0,0.0,0.0
21,3,0.0,0.0,0.0,0.0
21,4,0.0,0.0,0.0,0.0
21,5,0.0,0.0,0.0,0.0
21,6,0.0,0.0,0.0,0.0
21,7,0.0,0.0,0.0,0.0
21,8,0.0,0.0,0.0,0.0
21,9,0.0,0.0,0.0,0.0
21,10,0.0,0.0,0.0,0.0
21,11,0.0,0.0,0.0,0.0
21,12,0.0,0.0,0.0,0.0
21,13,0.0,0.0,0.0,0.0
21,14,0.0,0.0,0.0,0.0
21,15,0.0,0.0,0.0,0.0
21,16,0.0,0.0,0.0,0.0
21,17,0.0,0.0,0.0,0.0
21,18,0.0,0.0,0.0,0.0
21,19,0.0,0.0,0.0,0.0
21,20,0.0,0.0,0.0,0.0
21,21,0.0,0.0,0.0,0.0
21,22,0.0,0.0,0.0,0.0
21,23,0.0,0.0,0.0,0.0
21,24,0.0,0.0,0.0,0.0
21,25,0.0,0.0,0.0,0.0
21,26,0.0,0.0,0.0,0.0
22,0,0.94,0.01,0.0,0.05
22,1,0.92945,0.011805,0.009800000000000001,0.048945
22,2,0.9169957249999999,0.01393580250000012,0.0213689,0.047699572499999884
22,3,0.21305611331676524,0.016451214851250506,0.035025986450000116,0.7354666853819841
22,4,0.19570008164869596,0.019420659131902017,0.05114817700422561,0.7337310822151764
22,5,0.17521128626453933,0.022926088105211635,0.07018042295348959,0.7316822026767594
22,6,0.15102426331354107,0.024645544713102503,0.09264798929659698,0.7316822026767594
22,7,0.12502321364121793,0.026493960566585192,0.11680062311543744,0.7316822026767594
22,8,0.09707208524347055,0.02848100760907908,0.14276470447069092,0.7316822026767594
22,9,0.06702462221589213,0.03061708317976001,0.17067609192758842,0.7316822026767594
22,10,0.03472359946124532,0.03291336441824201,0.20068083344375323,0.7316822026767594
22,11,0.0,0.035381866749610164,0.2329359305736304,0.7316822026767594
22,12,0.0,0.0007076373349922038,0.2676101599882484,0.7316822026767594
22,13,0.0,1.415274669984409e-05,0.2683036445765407,0.7316822026767594
22,14,0.0,2.83054933996882e-07,0.2683175142683066,0.7316822026767594
22,15,0.0,0.0,0.2683177916621419,0.7316822026767594
22,16,0.0,0.0,0.2683177916621419,0.7316822026767594
22,17,0.0,0.0,0.2683177916621419,0.7316822026767594
22,18,0.0,0.0,0.2683177916621419,0.7316822026767594
22,19,0.0,0.0,0.2683177916621419,0.7316822026767594
22,20,0.0,0.0,0.2683177916621419,0.7316822026767594
22,21,0.0,0.0,0.2683177916621419,0.7316822026767594
22,22,0.0,0.0,0.2683177916621419,0.7316822026767594
22,23,0.0,0.0,0.2683177916621419,0.7316822026767594
22,24,0.0,0.0,0.2683177916621419,0.7316822026767594
22,25,0.0,0.0,0.2683177916621419,0.7316822026767594
22,26,0.0,0.0,0.2683177916621419,0.7316822026767594
23,0,0.0,0.0,0.0,0.0
23,1,0.0,0.0,0.0,0.0
23,2,0.0,0.0,0.0,0.0
23,3,0.0,0.0,0.0,0.0
23,4,0.0,0.0,0.0,0.0
23,5,0.0,0.0,0.0,0.0
23,6,0.0,0.0,0.0,0.0
23,7,0.0,0.0,0.0,0.0
23,8,0.0,0.0,0.0,0.0
23,9,0.0,0.0,0.0,0.0
23,10,0.0,0.0,0.0,0.0
23,11,0.0,0.0,0.0,0.0
23,12,0.0,0.0,0.0,0.0
23,13,0.0,0.0,0.0,0.0
23,14,0.0,0.0,0.0,0.0
23,15,0.0,0.0,0.0,0.0
23,16,0.0,0.0,0.0,0.0
23,17,0.0,0.0,0.0,0.0
23,18,0.0,0.0,0.0,0.0
23,19,0.0,0.0,0.0,0.0
23,20,0.0,0.0,0.0,0.0
23,21,0.0,0.0,0.0,0.0
23,22,0.0,0.0,0.0,0.0
23,23,0.0,0.0,0.0,0.0
23,24,0.0,0.0,0.0,0.0
23,25,0.0,0.0,0.0,0.0
23,26,0.0,0.0,0.0,0.0
24,0,0.94,0.01,0.0,0.05
24,1,0.9182499999999995,0.024125000000000462,0.0098,0.047825
24,2,0.8657781249999985,0.052954375000001004,0.03344250000000045,0.047825
24,3,0.7506023593749963,0.11623485312500222,0.08533778750000143,0.047825
24,4,0.7506023593749963,0.002324697062500046,0.19924794356250358,0.047825
24,5,0.0,4.6493941250000966e-05,0.20152614668375363,0.7984273593749963
24,6,0.0,9.2987882500002e-07,0.20157171074617863,0.7984273593749963
24,7,0.0,0.0,0.20157262202742712,0.7984273593749963
24,8,0.0,0.0,0.20157262202742712,0.7984273593749963
24,9,0.0,0.0,0.20157262202742712,0.7984273593749963
24,10,0.0,0.0,0.20157262202742712,0.7984273593749963
24,11,0.0,0.0,0.20157262202742712,0.7984273593749963
24,12,0.0,0.0,0.20157262202742712,0.7984273593749963
24,13,0.0,0.0,0.20157262202742712,0.7984273593749963
24,14,0.0,0.0,0.20157262202742712,0.7984273593749963
24,15,0.0,0.0,0.20157262202742712,0.7984273593749963
24,16,0.0,0.0,0.20157262202742712,0.7984273593749963
24,17,0.0,0.0,0.20157262202742712,0.7984273593749963
24,18,0.0,0.0,0.20157262202742712,0.7984273593749963
24,19,0.0,0.0,0.20157262202742712,0.7984273593749963
24,20,0.0,0.0,0.20157262202742712,0.7984273593749963
24,21,0.0,0.0,0.20157262202742712,0.7984273593749963
24,22,0.0,0.0,0.20157262202742712,0.7984273593749963
24,23,0.0,0.0,0.20157262202742712,0.7984273593749963
24,24,0.0,0.0,0.20157262202742712,0.7984273593749963
24,25,0.0,0.0,0.20157262202742712,0.7984273593749963
24,26,0.0,0.0,0.20157262202742712,0.7984273593749963
25,0,0.94,0.01,0.0,0.05
25,1,0.9135499999999994,0.029295000000000626,0.0098,0.04735500000000001
25,2,0.8360647249999977,0.08581970250000365,0.03850910000000061,0.03960647249999803
25,3,0.0,0.22870950716250973,0.12261240845000418,0.6486780843874861
25,4,0.0,0.004574190143250199,0.34674772546926375,0.6486780843874861
25,5,0.0,9.148380286500407e-05,0.35123043180964897,0.6486780843874861
25,6,0.0,1.8296760573000831e-06,0.35132008593645664,0.6486780843874861
25,7,0.0,0.0,0.35132187901899276,0.6486780843874861
25,8,0.0,0.0,0.35132187901899276,0.6486780843874861
25,9,0.0,0.0,0.35132187901899276,0.6486780843874861
25,10,0.0,0.0,0.35132187901899276,0.6486780843874861
25,11,0.0,0.0,0.35132187901899276,0.6486780843874861
25,12,0.0,0.0,0.35132187901899276,0.6486780843874861
25,13,0.0,0.0,0.35132187901899276,0.6486780843874861
25,14,0.0,0.0,0.35132187901899276,0.6486780843874861
25,15,0.0,0.0,0.35132187901899276,0.6486780843874861
25,16,0.0,0.0,0.35132187901899276,0.6486780843874861
25,17,0.0,0.0,0.35132187901899276,0.6486780843874861
25,18,0.0,0.0,0.35132187901899276,0.6486780843874861
25,19,0.0,0.0,0.35132187901899276,0.6486780843874861
25,20,0.0,0.0,0.35132187901899276,0.6486780843874861
25,21,0.0,0.0,0.35132187901899276,0.6486780843874861
25,22,0.0,0.0,0.35132187901899276,0.6486780843874861
25,23,0.0,0.0,0.35132187901899276,0.6486780843874861
25,24,0.0,0.0,0.35132187901899276,0.6486780843874861
25,25,0.0,0.0,0.35132187901899276,0.6486780843874861
25,26,0.0,0.0,0.35132187901899276,0.6486780843874861
26,0,0.94,0.01,0.0,0.05
26,1,0.94,0.0008196592528718552,0.0098,0.049380340747128146
26,2,0.94,0.005974086464556519,0.010603266067814417,0.04342264746762906
26,3,0.94,0.04354212919692019,0.016457870803079807,0.0
26,4,0.0,0.9408708425839383,0.0591291574160616,0.0
26,5,0.0,0.01881741685167878,0.9811825831483211,0.0
26,6,0.0,0.00037634833703357594,0.9996236516629664,0.0
26,7,0.0,7.526966740671526e-06,0.9999924730332592,0.0
26,8,0.0,1.5053933481343064e-07,0.9999998494606651,0.0
26,9,0.0,3.010786696268616e-09,0.9999999969892133,0.0
26,10,0.0,0.0,0.9999999999397842,0.0
26,11,0.0,0.0,0.9999999999397842,0.0
26,12,0.0,0.0,0.9999999999397842,0.0
26,13,0.0,0.0,0.9999999999397842,0.0
26,14,0.0,0.0,0.9999999999397842,0.0
26,15,0.0,0.0,0.9999999999397842,0.0
26,16,0.0,0.0,0.9999999999397842,0.0
26,17,0.0,0.0,0.9999999999397842,0.0
26,18,0.0,0.0,0.9999999999397842,0.0
26,19,0.0,0.0,0.9999999999397842,0.0
26,20,0.0,0.0,0.9999999999397842,0.0
26,21,0.0,0.0,0.9999999999397842,0.0
26,22,0.0,0.0,0.9999999999397842,0.0
26,23,0.0,0.0,0.9999999999397842,0.0
26,24,0.0,0.0,0.9999999999397842,0.0
26,25,0.0,0.0,0.9999999999397842,0.0
26,26,0.0,0.0,0.9999999999397842,0.0
27,0,0.94,0.01,0.0,0.05000000000000001
27,1,0.9087735595156863,0.031426440484313756,0.009799999999999998,0.05000000000000001
27,2,0.0,0.9594020883253724,0.04059791167462748,0.0
27,3,0.0,0.019188041766507465,0.9808119582334924,0.0
27,4,0.0,0.0003837608353301497,0.9996162391646697,0.0
27,5,0.0,7.675216706603e-06,0.9999923247832933,0.0
27,6,0.0,1.5350433413206016e-07,0.9999998464956658,0.0
27,7,3.0700866826412057e-09,0.0,0.9999999969299131,0.0
27,8,0.0,0.0,0.9999999969299131,0.0
27,9,0.0,0.0,0.9999999969299131,0.0
27,10,0.0,0.0,0.9999999969299131,0.0
27,11,0.0,0.0,0.9999999969299131,0.0
27,12,0.0,0.0,0.9999999969299131,0.0
27,13,0.0,0.0,0.9999999969299131,0.0
27,14,0.0,0.0,0.9999999969299131,0.0
27,15,0.0,0.0,0.9999999969299131,0.0
27,16,0.0,0.0,0.9999999969299131,0.0
27,17,0.0,0.0,0.9999999969299131,0.0
27,18,0.0,0.0,0.9999999969299131,0.0
27,19,0.0,0.0,0.9999999969299131,0.0
27,20,0.0,0.0,0.9999999969299131,0.0
27,21,0.0,0.0,0.9999999969299131,0.0
27,22,0.0,0.0,0.9999999969299131,0.0
27,23,0.0,0.0,0.9999999969299131,0.0
27,24,0.0,0.0,0.9999999969299131,0.0
27,25,0.0,0.0,0.9999999969299131,0.0
27,26,0.0,0.0,0.9999999969299131,0.0
28,0,0.94,0.01,0.0,0.05
28,1,0.5863282392286361,0.35387176077136373,0.0098,0.05
28,2,0.43304222447392526,0.21036344997013817,0.35659432555593645,0.0
28,3,0.43304222447392526,0.00420726899940277,0.5627505065266719,0.0
28,4,0.31302897101060406,0.12009739884330921,0.5668736301460866,0.0
28,5,0.31302897101060406,0.0024019479768661862,0.6845690810125296,0.0
28,6,0.310533990673474,0.001271509648333657,0.6869229900298585,0.001271509648333657
28,7,0.2562621443536485,0.055568786161125816,0.6881690694852254,0.0
28,8,0.12244338152878567,0.13493013854808542,0.7426264799231287,0.0
28,9,0.12244338152878567,0.0026986027709617103,0.8748580157002526,0.0
28,10,0.0,0.1224973535842049,0.877502646415795,0.0
28,11,0.0,0.0024499470716841,0.9975500529283158,0.0
28,12,0.0,4.899894143368205e-05,0.9999510010585662,0.0
28,13,0.0,9.79978828673642e-07,0.9999990200211711,0.0
28,14,0.0,1.9599576573472855e-08,0.9999999804004233,0.0
28,15,0.0,3.9199153146945746e-10,0.9999999996080082,0.0
28,16,0.0,0.0,0.9999999999921599,0.0
28,17,0.0,0.0,0.9999999999921599,0.0
28,18,0.0,0.0,0.9999999999921599,0.0
28,19,0.0,0.0,0.9999999999921599,0.0
28,20,0.0,0.0,0.9999999999921599,0.0
28,21,0.0,0.0,0.9999999999921599,0.0
28,22,0.0,0.0,0.9999999999921599,0.0
28,23,0.0,0.0,0.9999999999921599,0.0
28,24,0.0,0.0,0.9999999999921599,0.0
28,25,0.0,0.0,0.9999999999921599,0.0
28,26,0.0,0.0,0.9999999999921599,0.0
29,0,0.94,0.01,0.0,0.05000000000000001
29,1,0.9239999999999985,0.017800000000001374,0.0098,0.048400000000000006
29,2,0.8955199999999963,0.028836000000002228,0.027244000000001344,0.048400000000000006
29,3,0.8493823999999928,0.04671432000000361,0.05550328000000352,0.048400000000000006
29,4,0.7746394879999869,0.07567719840000586,0.10128331360000707,0.048400000000000006
29,5,0.0,0.12259706140800951,0.17544696803201282,0.7019559705599776
29,6,0.0,0.002451941228160192,0.2955920882118621,0.7019559705599776
29,7,0.0,4.903882456320389e-05,0.2979949906154591,0.7019559705599776
29,8,0.0,9.807764912640786e-07,0.29804304866353104,0.7019559705599776
29,9,0.0,0.0,0.2980440098244925,0.7019559705599776
29,10,0.0,0.0,0.2980440098244925,0.7019559705599776
29,11,0.0,0.0,0.2980440098244925,0.7019559705599776
29,12,0.0,0.0,0.2980440098244925,0.7019559705599776
29,13,0.0,0.0,0.2980440098244925,0.7019559705599776
29,14,0.0,0.0,0.2980440098244925,0.7019559705599776
29,15,0.0,0.0,0.2980440098244925,0.7019559705599776
29,16,0.0,0.0,0.2980440098244925,0.7019559705599776
29,17,0.0,0.0,0.2980440098244925,0.7019559705599776
29,18,0.0,0.0,0.2980440098244925,0.7019559705599776
29,19,0.0,0.0,0.2980440098244925,0.7019559705599776
29,20,0.0,0.0,0.2980440098244925,0.7019559705599776
29,21,0.0,0.0,0.2980440098244925,0.7019559705599776
29,22,0.0,0.0,0.2980440098244925,0.7019559705599776
29,23,0.0,0.0,0.2980440098244925,0.7019559705599776
29,24,0.0,0.0,0.2980440098244925,0.7019559705599776
29,25,0.0,0.0,0.2980440098244925,0.7019559705599776
29,26,0.0,0.0,0.2980440098244925,0.7019559705599776
30,0,0.94,0.01,0.0,0.05
30,1,0.9283726788882317,0.011827321111768185,0.009800000000000001,0.05
30,2,0.9283726788882317,0.05023654642223537,0.021390774689532824,0.0
30,3,0.9079013287117271,0.021476081104949276,0.07062259018332348,0.0
30,4,0.0,0.9083308503338263,0.09166914966617377,0.0
30,5,0.0,0.01816661700667654,0.9818333829933237,0.0
30,6,0.0,0.00036333234013353116,0.9996366676598667,0.0
30,7,0.0,7.266646802670629e-06,0.9999927333531976,0.0
30,8,0.0,1.453329360534127e-07,0.9999998546670642,0.0
30,9,2.906658721068257e-09,0.0,0.9999999970933415,0.0
30,10,0.0,0.0,0.9999999970933415,0.0
30,11,0.0,0.0,0.9999999970933415,0.0
30,12,0.0,0.0,0.9999999970933415,0.0
30,13,0.0,0.0,0.9999999970933415,0.0
30,14,0.0,0.0,0.9999999970933415,0.0
30,15,0.0,0.0,0.9999999970933415,0.0
30,16,0.0,0.0,0.9999999970933415,0.0
30,17,0.0,0.0,0.9999999970933415,0.0
30,18,0.0,0.0,0.9999999970933415,0.0
30,19,0.0,0.0,0.9999999970933415,0.0
30,20,0.0,0.0,0.9999999970933415,0.0
30,21,0.0,0.0,0.9999999970933415,0.0
30,22,0.0,0.0,0.9999999970933415,0.0
30,23,0.0,0.0,0.9999999970933415,0.0
30,24,0.0,0.0,0.9999999970933415,0.0
30,25,0.0,0.0,0.9999999970933415,0.0
30,26,0.0,0.0,0.9999999970933415,0.0
31,0,0.94,0.01,0.0,0.05
31,1,0.86805,0.0793450000000014,0.0098,0.042804999999998594
31,2,0.29716272499998986,0.5724741750000102,0.08755810000000137,0.042804999999998594
31,3,0.29716272499998986,0.04224768099999921,0.6485827915000113,0.012006802499999601
31,4,0.00029316761536287426,0.30635340540337663,0.6899855188800105,0.003367908101249887
31,5,0.00029316761536287426,0.008550277986916833,0.9902118561753196,0.0009446982224005931
31,6,0.00029316761536287426,0.00017100555973833685,0.9985911286024982,0.0009446982224005931
31,7,0.00029316761536287426,5.5099418800971145e-05,0.9987587140510418,0.0008930189147943885
31,8,0.00029316761536287426,4.074602020331817e-05,0.9988127114814667,0.0008533748829670899
31,9,0.0,0.000323299297303228,0.9988526425812659,0.0008240581214308025
31,10,0.0,0.00023907983035573714,0.9991694758926231,0.0005914442770211299
31,11,0.0,0.00017679953454806767,0.9994037741263717,0.00041942633908017706
31,12,0.0,0.00013074325579829607,0.9995770376702289,0.00029221907397284237
31,13,0.0,9.668463766283995e-05,0.9997051660609112,0.00019814930142596834
31,14,0.0,7.149828955167016e-05,0.9997999170058208,0.00012858470462755498
31,15,0.0,5.287298512346009e-05,0.9998699853295814,7.71416852951283e-05
31,16,0.0,3.909957249879875e-05,0.9999218008550024,3.909957249879875e-05
31,17,0.0,2.8914133862861677e-05,0.9999601184360513,1.0967430085913046e-05
31,18,0.0,8.46934862407167e-06,0.9999884542872368,3.076364139098609e-06
31,19,0.0,1.6938697248143353e-07,0.9999967542488883,3.076364139098609e-06
31,20,0.0,0.0,0.9999969202481215,3.0797518785482377e-06
31,21,0.0,0.0,0.9999969202481215,3.0797518785482377e-06
31,22,0.0,0.0,0.9999969202481215,3.0797518785482377e-06
31,23,0.0,0.0,0.9999969202481215,3.0797518785482377e-06
31,24,0.0,0.0,0.9999969202481215,3.0797518785482377e-06
31,25,0.0,0.0,0.9999969202481215,3.0797518785482377e-06
31,26,0.0,0.0,0.9999969202481215,3.0797518785482377e-06
32,0,0.0,0.0,0.0,0.0
32,1,0.0,0.0,0.0,0.0
32,2,0.0,0.0,0.0,0.0
32,3,0.0,0.0,0.0,0.0
32,4,0.0,0.0,0.0,0.0
32,5,0.0,0.0,0.0,0.0
32,6,0.0,0.0,0.0,0.0
32,7,0.0,0.0,0.0,0.0
32,8,0.0,0.0,0.0,0.0
32,9,0.0,0.0,0.0,0.0
32,10,0.0,0.0,0.0,0.0
32,11,0.0,0.0,0.0,0.0
32,12,0.0,0.0,0.0,0.0
32,13,0.0,0.0,0.0,0.0
32,14,0.0,0.0,0.0,0.0
32,15,0.0,0.0,0.0,0.0
32,16,0.0,0.0,0.0,0.0
32,17,0.0,0.0,0.0,0.0
32,18,0.0,0.0,0.0,0.0
32,19,0.0,0.0,0.0,0.0
32,20,0.0,0.0,0.0,0.0
32,21,0.0,0.0,0.0,0.0
32,22,0.0,0.0,0.0,0.0
32,23,0.0,0.0,0.0,0.0
32,24,0.0,0.0,0.0,0.0
32,25,0.0,0.0,0.0,0.0
32,26,0.0,0.0,0.0,0.0
33,0,0.0,0.0,0.0,0.0
33,1,0.0,0.0,0.0,0.0
33,2,0.0,0.0,0.0,0.0
33,3,0.0,0.0,0.0,0.0
33,4,0.0,0.0,0.0,0.0
33,5,0.0,0.0,0.0,0.0
33,6,0.0,0.0,0.0,0.0
33,7,0.0,0.0,0.0,0.0
33,8,0.0,0.0,0.0,0.0
33,9,0.0,0.0,0.0,0.0
33,10,0.0,0.0,0.0,0.0
33,11,0.0,0.0,0.0,0.0
33,12,0.0,0.0,0.0,0.0
33,13,0.0,0.0,0.0,0.0
33,14,0.0,0.0,0.0,0.0
33,15,0.0,0.0,0.0,0.0
33,16,0.0,0.0,0.0,0.0
33,17,0.0,0.0,0.0,0.0
33,18,0.0,0.0,0.0,0.0
33,19,0.0,0.0,0.0,0.0
33,20,0.0,0.0,0.0,0.0
33,21,0.0,0.0,0.0,0.0
33,22,0.0,0.0,0.0,0.0
33,23,0.0,0.0,0.0,0.0
33,24,0.0,0.0,0.0,0.0
33,25,0.0,0.0,0.0,0.0
33,26,0.0,0.0,0.0,0.0
34,0,0.94,0.01,0.0,0.05
34,1,0.9397978810138967,0.0004021189861032341,0.009799999999999998,0.05
34,2,0.9397978810138967,0.0042916148791866185,0.010194076606381169,0.04571642750053545
34,3,0.9397978810138967,0.04580225979811919,0.014399859187984055,0.0
34,4,0.9310757582822166,0.0009160451959623845,0.05928607379014085,0.008722122731680115
34,5,0.9310757582822166,0.008740443635599334,0.06018379808218399,0.0
34,6,0.0,0.9312505671549287,0.06874943284507133,0.0
34,7,0.0,0.01862501134309859,0.9813749886569014,0.0
34,8,0.0,0.00037250022686197213,0.9996274997731381,0.0
34,9,0.0,7.450004537239449e-06,0.9999925499954629,0.0
34,10,0.0,1.4900009074478912e-07,0.9999998509999094,0.0
34,11,0.0,2.9800018148957847e-09,0.9999999970199982,0.0
34,12,0.0,0.0,0.9999999999404,0.0
34,13,0.0,0.0,0.9999999999404,0.0
34,14,0.0,0.0,0.9999999999404,0.0
34,15,0.0,0.0,0.9999999999404,0.0
34,16,0.0,0.0,0.9999999999404,0.0
34,17,0.0,0.0,0.9999999999404,0.0
34,18,0.0,0.0,0.9999999999404,0.0
34,19,0.0,0.0,0.9999999999404,0.0
34,20,0.0,0.0,0.9999999999404,0.0
34,21,0.0,0.0,0.9999999999404,0.0
34,22,0.0,0.0,0.9999999999404,0.0
34,23,0.0,0.0,0.9999999999404,0.0
34,24,0.0,0.0,0.9999999999404,0.0
34,25,0.0,0.0,0.9999999999404,0.0
34,26,0.0,0.0,0.9999999999404,0.0
35,0,0.94,0.01,0.0,0.05
35,1,0.9399964160232572,0.00020358397674269437,0.0098,0.05
35,2,0.0,0.04269461368259415,0.00999951229720784,0.947305874020198
35,3,0.0,0.89613859389081,0.0518402337061501,0.05202117240303978
35,4,0.0,0.069943944280856,0.9300560557191438,0.0
35,5,0.0,0.0013988788856171212,0.9986011211143827,0.0
35,6,0.0,2.7977577712342452e-05,0.9999720224222876,0.0
35,7,0.0,5.595515542468496e-07,0.9999994404484456,0.0
35,8,0.0,1.1191031084937e-08,0.9999999888089688,0.0
35,9,0.0,2.2382062169874025e-10,0.9999999997761791,0.0
35,10,0.0,0.0,0.9999999999955235,0.0
35,11,0.0,0.0,0.9999999999955235,0.0
35,12,0.0,0.0,0.9999999999955235,0.0
35,13,0.0,0.0,0.9999999999955235,0.0
35,14,0.0,0.0,0.9999999999955235,0.0
35,15,0.0,0.0,0.9999999999955235,0.0
35,16,0.0,0.0,0.9999999999955235,0.0
35,17,0.0,0.0,0.9999999999955235,0.0
35,18,0.0,0.0,0.9999999999955235,0.0
35,19,0.0,0.0,0.9999999999955235,0.0
35,20,0.0,0.0,0.9999999999955235,0.0
35,21,0.0,0.0,0.9999999999955235,0.0
35,22,0.0,0.0,0.9999999999955235,0.0
35,23,0.0,0.0,0.9999999999955235,0.0
35,24,0.0,0.0,0.9999999999955235,0.0
35,25,0.0,0.0,0.9999999999955235,0.0
35,26,0.0,0.0,0.9999999999955235,0.0
36,0,0.9399999999999998,0.01,0.0,0.05
36,1,0.9342578115108362,0.005942188489163703,0.009800000000000001,0.05
36,2,0.38986421307610364,0.5945124422045158,0.015623344719380428,0.0
36,3,0.38986421307610364,0.011890248844090328,0.598245538079806,0.0
36,4,0.0,0.39010201805298544,0.6098979819470145,0.0
36,5,0.0,0.0078020403610597165,0.9921979596389402,0.0
36,6,0.0,0.00015604080722119446,0.9998439591927787,0.0
36,7,0.0,3.1208161444238917e-06,0.9999968791838555,0.0
36,8,0.0,6.241632288847788e-08,0.9999999375836771,0.0
36,9,0.0,1.2483264577695589e-09,0.9999999987516734,0.0
36,10,0.0,0.0,0.9999999999750335,0.0
36,11,0.0,0.0,0.9999999999750335,0.0
36,12,0.0,0.0,0.9999999999750335,0.0
36,13,0.0,0.0,0.9999999999750335,0.0
36,14,0.0,0.0,0.9999999999750335,0.0
36,15,0.0,0.0,0.9999999999750335,0.0
36,16,0.0,0.0,0.9999999999750335,0.0
36,17,0.0,0.0,0.9999999999750335,0.0
36,18,0.0,0.0,0.9999999999750335,0.0
36,19,0.0,0.0,0.9999999999750335,0.0
36,20,0.0,0.0,0.9999999999750335,0.0
36,21,0.0,0.0,0.9999999999750335,0.0
36,22,0.0,0.0,0.9999999999750335,0.0
36,23,0.0,0.0,0.9999999999750335,0.0
36,24,0.0,0.0,0.9999999999750335,0.0
36,25,0.0,0.0,0.9999999999750335,0.0
36,26,0.0,0.0,0.9999999999750335,0.0
37,0,0.0,0.0,0.0,0.0
37,1,0.0,0.0,0.0,0.0
37,2,0.0,0.0,0.0,0.0
37,3,0.0,0.0,0.0,0.0
37,4,0.0,0.0,0.0,0.0
37,5,0.0,0.0,0.0,0.0
37,6,0.0,0.0,0.0,0.0
37,7,0.0,0.0,0.0,0.0
37,8,0.0,0.0,0.0,0.0
37,9,0.0,0.0,0.0,0.0
37,10,0.0,0.0,0.0,0.0
37,11,0.0,0.0,0.0,0.0
37,12,0.0,0.0,0.0,0.0
37,13,0.0,0.0,0.0,0.0
37,14,0.0,0.0,0.0,0.0
37,15,0.0,0.0,0.0,0.0
37,16,0.0,0.0,0.0,0.0
37,17,0.0,0.0,0.0,0.0
37,18,0.0,0.0,0.0,0.0
37,19,0.0,0.0,0.0,0.0
37,20,0.0,0.0,0.0,0.0
37,21,0.0,0.0,0.0,0.0
37,22,0.0,0.0,0.0,0.0
37,23,0.0,0.0,0.0,0.0
37,24,0.0,0.0,0.0,0.0
37,25,0.0,0.0,0.0,0.0
37,26,0.0,0.0,0.0,0.0
38,0,0.0,0.0,0.0,0.0
38,1,0.0,0.0,0.0,0.0
38,2,0.0,0.0,0.0,0.0
38,3,0.0,0.0,0.0,0.0
38,4,0.0,0.0,0.0,0.0
38,5,0.0,0.0,0.0,0.0
38,6,0.0,0.0,0.0,0.0
38,7,0.0,0.0,0.0,0.0
38,8,0.0,0.0,0.0,0.0
38,9,0.0,0.0,0.0,0.0
38,10,0.0,0.0,0.0,0.0
38,11,0.0,0.0,0.0,0.0
38,12,0.0,0.0,0.0,0.0
38,13,0.0,0.0,0.0,0.0
38,14,0.0,0.0,0.0,0.0
38,15,0.0,0.0,0.0,0.0
38,16,0.0,0.0,0.0,0.0
38,17,0.0,0.0,0.0,0.0
38,18,0.0,0.0,0.0,0.0
38,19,0.0,0.0,0.0,0.0
38,20,0.0,0.0,0.0,0.0
38,21,0.0,0.0,0.0,0.0
38,22,0.0,0.0,0.0,0.0
38,23,0.0,0.0,0.0,0.0
38,24,0.0,0.0,0.0,0.0
38,25,0.0,0.0,0.0,0.0
38,26,0.0,0.0,0.0,0.0
39,0,0.94,0.01,0.0,0.05
39,1,0.9298999999999998,0.01131,0.009799999999999998,0.04899
39,2,0.9184768999999999,0.012791610000000073,0.020883799999999998,0.04784768999999993
39,3,0.9055573738999998,0.014467310910000083,0.03341957780000007,0.04655573738999992
39,4,0.8909453898808997,0.016362528639210644,0.047597542491800156,0.045094538988089364
39,5,0.874419235955297,0.018506019890948223,0.06363282055822658,0.0434419235955281
39,6,0.8557281558654393,0.020930308496662442,0.08176872005135584,0.04157281558654233
39,7,0.23286982751873195,0.02367217890972756,0.10228042237808503,0.6411775711934554
39,8,0.20896092681990713,0.024382344277019387,0.12547915770961804,0.6411775711934554
39,9,0.18433475910011754,0.02511381460532997,0.14937385510109702,0.6411775711934554
39,10,0.15896980634873428,0.025867229043489866,0.1739853934143204,0.6411775711934554
39,11,0.13284390501480953,0.029255836048187038,0.19933527787694044,0.6385649810600629
39,12,0.10329551060614062,0.033088350570499546,0.22800599720416373,0.635610141619196
39,13,0.06987627652993608,0.03408100108761453,0.2604325807632533,0.635610141619196
39,14,0.0354544654314454,0.035103431120242966,0.29383196182911553,0.635610141619196
39,15,0.0,0.03615653405385026,0.3282333243269536,0.635610141619196
39,16,0.0,0.0007231306810770059,0.36366672769972685,0.635610141619196
39,17,0.0,1.446261362154013e-05,0.36437539576718236,0.635610141619196
39,18,0.0,2.8925227243080287e-07,0.36438956912853143,0.635610141619196
39,19,0.0,0.0,0.3643898525957584,0.635610141619196
39,20,0.0,0.0,0.3643898525957584,0.635610141619196
39,21,0.0,0.0,0.3643898525957584,0.635610141619196
39,22,0.0,0.0,0.3643898525957584,0.635610141619196
39,23,0.0,0.0,0.3643898525957584,0.635610141619196
39,24,0.0,0.0,0.3643898525957584,0.635610141619196
39,25,0.0,0.0,0.3643898525957584,0.635610141619196
39,26,0.0,0.0,0.3643898525957584,0.635610141619196
40,0,0.94,0.01,0.0,0.05
40,1,0.06224999999999983,0.8779500000000001,0.0098,0.05
40,2,0.06224999999999983,0.06755900000000002,0.870191,0.0
40,3,0.06224999999999983,0.0013511800000000015,0.9363988200000001,0.0
40,4,0.0,0.062277023599999835,0.9377229764,0.0
40,5,0.0,0.0012455404719999977,0.9987544595279998,0.0
40,6,0.0,2.491080943999998e-05,0.9999750891905598,0.0
40,7,0.0,4.982161888000001e-07,0.9999995017838109,0.0
40,8,0.0,9.96432377600001e-09,0.9999999900356761,0.0
40,9,0.0,0.0,0.9999999998007134,0.0
40,10,0.0,0.0,0.9999999998007134,0.0
40,11,0.0,0.0,0.9999999998007134,0.0
40,12,0.0,0.0,0.9999999998007134,0.0
40,13,0.0,0.0,0.9999999998007134,0.0
40,14,0.0,0.0,0.9999999998007134,0.0
40,15,0.0,0.0,0.9999999998007134,0.0
40,16,0.0,0.0,0.9999999998007134,0.0
40,17,0.0,0.0,0.9999999998007134,0.0
40,18,0.0,0.0,0.9999999998007134,0.0
40,19,0.0,0.0,0.9999999998007134,0.0
40,20,0.0,0.0,0.9999999998007134,0.0
40,21,0.0,0.0,0.9999999998007134,0.0
40,22,0.0,0.0,0.9999999998007134,0.0
40,23,0.0,0.0,0.9999999998007134,0.0
40,24,0.0,0.0,0.9999999998007134,0.0
40,25,0.0,0.0,0.9999999998007134,0.0
40,26,0.0,0.0,0.9999999998007134,0.0
41,0,0.94,0.009999999999999998,0.0,0.05000000000000001
41,1,0.1542428448747389,0.7859571551252611,0.0098,0.05000000000000001
41,2,0.1542428448747389,0.06571914310250525,0.7800380120227559,0.0
41,3,0.15404996328509785,0.0015072644516911763,0.8444427722632111,0.0
41,4,0.0,0.15408010857413165,0.8459198914258684,0.0
41,5,0.0,0.003081602171482636,0.9969183978285174,0.0
41,6,0.0,6.163204342965277e-05,0.9999383679565704,0.0
41,7,0.0,1.2326408685930566e-06,0.9999987673591314,0.0
41,8,0.0,2.4652817371861152e-08,0.9999999753471827,0.0
41,9,0.0,4.930563474372235e-10,0.9999999995069436,0.0
41,10,0.0,0.0,0.9999999999901388,0.0
41,11,0.0,0.0,0.9999999999901388,0.0
41,12,0.0,0.0,0.9999999999901388,0.0
41,13,0.0,0.0,0.9999999999901388,0.0
41,14,0.0,0.0,0.9999999999901388,0.0
41,15,0.0,0.0,0.9999999999901388,0.0
41,16,0.0,0.0,0.9999999999901388,0.0
41,17,0.0,0.0,0.9999999999901388,0.0
41,18,0.0,0.0,0.9999999999901388,0.0
41,19,0.0,0.0,0.9999999999901388,0.0
41,20,0.0,0.0,0.9999999999901388,0.0
41,21,0.0,0.0,0.9999999999901388,0.0
41,22,0.0,0.0,0.9999999999901388,0.0
41,23,0.0,0.0,0.9999999999901388,0.0
41,24,0.0,0.0,0.9999999999901388,0.0
41,25,0.0,0.0,0.9999999999901388,0.0
41,26,0.0,0.0,0.9999999999901388,0.0
42,0,0.9399999999999998,0.01,0.0,0.05
42,1,0.919327539127539,0.02087246087246097,0.0098,0.05
42,2,0.0,0.9697449883449881,0.030255011655011748,0.0
42,3,0.0,0.01939489976689978,0.9806051002331001,0.0
42,4,0.0,0.000387897995337996,0.9996121020046619,0.0
42,5,0.0,7.757959906759926e-06,0.9999922420400932,0.0
42,6,0.0,1.5515919813519868e-07,0.9999998448408017,0.0
42,7,3.103183962703976e-09,0.0,0.9999999968968158,0.0
42,8,0.0,0.0,0.9999999968968158,0.0
42,9,0.0,0.0,0.9999999968968158,0.0
42,10,0.0,0.0,0.9999999968968158,0.0
42,11,0.0,0.0,0.9999999968968158,0.0
42,12,0.0,0.0,0.9999999968968158,0.0
42,13,0.0,0.0,0.9999999968968158,0.0
42,14,0.0,0.0,0.9999999968968158,0.0
42,15,0.0,0.0,0.9999999968968158,0.0
42,16,0.0,0.0,0.9999999968968158,0.0
42,17,0.0,0.0,0.9999999968968158,0.0
42,18,0.0,0.0,0.9999999968968158,0.0
42,19,0.0,0.0,0.9999999968968158,0.0
42,20,0.0,0.0,0.9999999968968158,0.0
42,21,0.0,0.0,0.9999999968968158,0.0
42,22,0.0,0.0,0.9999999968968158,0.0
42,23,0.0,0.0,0.9999999968968158,0.0
42,24,0.0,0.0,0.9999999968968158,0.0
42,25,0.0,0.0,0.9999999968968158,0.0
42,26,0.0,0.0,0.9999999968968158,0.0
43,0,0.94,0.01,0.0,0.05
43,1,0.94,0.005368610851848472,0.0098,0.04483138914815153
43,2,0.94,0.04047598590272777,0.015061238634811503,0.004462775462460725
43,3,0.94,0.0052722951805152804,0.05472770481948472,0.0
43,4,0.8878442503686612,0.05143127815275237,0.05989455409638969,0.000829917382196781
43,5,0.8089282364129515,0.08077455690096151,0.110297206686087,0.0
43,6,0.7289452784080644,0.08077463843309475,0.1894562724490293,0.0008238107098114825
43,7,0.6506099418228003,0.08077464006373744,0.2686154181134622,0.0
43,8,0.5714507945270593,0.08077464009701585,0.3477745653759249,0.0
43,9,0.49229164723198376,0.08077464009701585,0.4269337126710004,0.0
43,10,0.33397335264183275,0.08077464009701585,0.5060928599660759,0.07915914729507552
43,11,0.33397335264183275,0.08077464009701585,0.5852520072611515,0.0
43,12,0.25428965107634643,0.08077464009701585,0.664411154556227,0.0005245542704107723
43,13,0.2044103100572565,0.052019388091441014,0.7435703018513025,0.0
43,14,0.12467605772206947,0.08077464009701585,0.7945493021809147,0.0
43,15,0.07518193311749093,0.05110961740651887,0.8737084494759901,0.0
43,16,0.0,0.07620412546562128,0.9237958745343786,0.0
43,17,0.0,0.0015240825093124268,0.9984759174906875,0.0
43,18,0.0,3.0481650186248562e-05,0.9999695183498137,0.0
43,19,0.0,6.096330037249717e-07,0.9999993903669963,0.0
43,20,0.0,1.2192660074499447e-08,0.9999999878073399,0.0
43,21,0.0,2.4385320148998914e-10,0.9999999997561468,0.0
43,22,0.0,0.0,0.999999999995123,0.0
43,23,0.0,0.0,0.999999999995123,0.0
43,24,0.0,0.0,0.999999999995123,0.0
43,25,0.0,0.0,0.999999999995123,0.0
43,26,0.0,0.0,0.999999999995123,0.0
44,0,0.94,0.01,0.0,0.05
44,1,0.8713208791208792,0.0688791208791208,0.0098,0.05
44,2,0.0,0.8726984615384615,0.0773015384615384,0.05
44,3,0.0,0.029781001867889293,0.9325460307692307,0.03767296736287996
44,4,0.0,0.038268587400237745,0.9617314125997622,0.0
44,5,0.0,0.0007653717480047555,0.9992346282519953,0.0
44,6,0.0,1.5307434960095127e-05,0.9999846925650399,0.0
44,7,0.0,3.0614869920190276e-07,0.9999996938513008,0.0
44,8,0.0,0.0,0.9999999938770261,0.0
44,9,0.0,0.0,0.9999999938770261,0.0
44,10,0.0,0.0,0.9999999938770261,0.0
44,11,0.0,0.0,0.9999999938770261,0.0
44,12,0.0,0.0,0.9999999938770261,0.0
44,13,0.0,0.0,0.9999999938770261,0.0
44,14,0.0,0.0,0.9999999938770261,0.0
44,15,0.0,0.0,0.9999999938770261,0.0
44,16,0.0,0.0,0.9999999938770261,0.0
44,17,0.0,0.0,0.9999999938770261,0.0
44,18,0.0,0.0,0.9999999938770261,0.0
44,19,0.0,0.0,0.9999999938770261,0.0
44,20,0.0,0.0,0.9999999938770261,0.0
44,21,0.0,0.0,0.9999999938770261,0.0
44,22,0.0,0.0,0.9999999938770261,0.0
44,23,0.0,0.0,0.9999999938770261,0.0
44,24,0.0,0.0,0.9999999938770261,0.0
44,25,0.0,0.0,0.9999999938770261,0.0
44,26,0.0,0.0,0.9999999938770261,0.0
45,0,0.9399999999999998,0.010000000000000002,0.0,0.05
45,1,0.8685999999999999,0.07874,0.009800000000000001,0.042859999999999995
45,2,0.30639639999998985,0.5637784000000101,0.0869652,0.042859999999999995
45,3,0.30548850333168664,0.042785504668303456,0.6394680320000099,0.012257959999999997
45,4,0.0,0.30634421342505275,0.6813978265749473,0.012257959999999997
45,5,0.0,0.00919242213425053,0.981615155731499,0.00919242213425053
45,6,0.0,0.006747237846539888,0.9906237294230644,0.00262903273039565
45,7,0.0,0.0013819887436632241,0.9972360225126735,0.0013819887436632241
45,8,0.0,0.0010143797378488067,0.9985903714814635,0.000395248780687682
45,9,0.0,0.00016974525140713164,0.9995844636245554,0.0002457911240375266
45,10,0.0,0.00012459301453283462,0.9997508139709343,0.00012459301453283462
45,11,0.0,9.145127266710061e-05,0.9998729151251766,3.5633602156390704e-05
45,12,0.0,1.241226344963096e-05,0.9999625373723903,2.5050364160101758e-05
45,13,0.0,9.110601372029123e-06,0.9999747013905709,1.6188008057065253e-05
45,14,0.0,6.687181407069378e-06,0.9999836297799155,9.683038677436459e-06
45,15,0.0,4.9083911527889235e-06,0.9999901832176944,4.9083911527889235e-06
45,16,0.0,3.602759106147069e-06,0.9999949934410242,1.4037998696976323e-06
45,17,0.0,7.379275259102869e-07,0.9999985241449483,7.379275259102869e-07
45,18,0.0,5.416388040181506e-07,0.9999992473139236,2.1104727241034205e-07
45,19,0.0,1.0832776080363022e-08,0.9999997781199517,2.1104727241034205e-07
45,20,0.0,0.0,0.9999997887360723,2.112639279319493e-07
45,21,0.0,0.0,0.9999997887360723,2.112639279319493e-07
45,22,0.0,0.0,0.9999997887360723,2.112639279319493e-07
45,23,0.0,0.0,0.9999997887360723,2.112639279319493e-07
45,24,0.0,0.0,0.9999997887360723,2.112639279319493e-07
45,25,0.0,0.0,0.9999997887360723,2.112639279319493e-07
45,26,0.0,0.0,0.9999997887360723,2.112639279319493e-07
46,0,0.9400000000000001,0.01,0.0,0.05
46,1,0.9201914875505427,0.02000851244945733,0.009800000000000001,0.05
46,2,0.0,0.9705916577995318,0.029408342200468188,0.0
46,3,0.0,0.019411833155990654,0.9805881668440093,0.0
46,4,0.0,0.00038823666311981343,0.9996117633368801,0.0
46,5,0.0,7.764733262396274e-06,0.9999922352667376,0.0
46,6,0.0,1.5529466524792563e-07,0.9999998447053348,0.0
46,7,3.105893304958515e-09,0.0,0.9999999968941066,0.0
46,8,0.0,0.0,0.9999999968941066,0.0
46,9,0.0,0.0,0.9999999968941066,0.0
46,10,0.0,0.0,0.9999999968941066,0.0
46,11,0.0,0.0,0.9999999968941066,0.0
46,12,0.0,0.0,0.9999999968941066,0.0
46,13,0.0,0.0,0.9999999968941066,0.0
46,14,0.0,0.0,0.9999999968941066,0.0
46,15,0.0,0.0,0.9999999968941066,0.0
46,16,0.0,0.0,0.9999999968941066,0.0
46,17,0.0,0.0,0.9999999968941066,0.0
46,18,0.0,0.0,0.9999999968941066,0.0
46,19,0.0,0.0,0.9999999968941066,0.0
46,20,0.0,0.0,0.9999999968941066,0.0
46,21,0.0,0.0,0.9999999968941066,0.0
46,22,0.0,0.0,0.9999999968941066,0.0
46,23,0.0,0.0,0.9999999968941066,0.0
46,24,0.0,0.0,0.9999999968941066,0.0
46,25,0.0,0.0,0.9999999968941066,0.0
46,26,0.0,0.0,0.9999999968941066,0.0
47,0,0.94,0.01,0.0,0.05
47,1,0.8618999999999992,0.08611000000000066,0.0098,0.042190000000000005
47,2,0.1893808999999942,0.6742413000000052,0.09418780000000064,0.042190000000000005
47,3,0.1893808999999942,0.023438267675315275,0.7549442740000056,0.03223655832468485
47,4,0.006328029455781906,0.1835216358977186,0.7779137763218146,0.03223655832468485
47,5,0.006328029455781906,0.028847184769533237,0.9577649795015788,0.007059806273105982
47,6,0.006328029455781906,0.0005769436953906653,0.9860352205757213,0.007059806273105982
47,7,0.006328029455781906,0.00010524860901761297,0.9866006253972042,0.006966096537996182
47,8,0.006328029455781906,8.4304135823108e-05,0.9867037690340414,0.006883897374353427
47,9,0.005669614155003433,0.000725942913572783,0.986786387087148,0.006818055844275578
47,10,0.0,0.0062510944287752345,0.9874978111424494,0.0062510944287752345
47,11,0.0,0.005007126637448963,0.9936238836826492,0.001368989679901776
47,12,0.0,0.00042937072786940076,0.9985308677873491,0.0010397614847813548
47,13,0.0,0.00034392595302339005,0.9989516511006611,0.0007044229463153528
47,14,0.0,0.00027548468837173537,0.999288698534624,0.0004358167770040853
47,15,0.0,0.00022066323538576002,0.9995586735292282,0.00022066323538576002
47,16,0.0,0.00017675125154399378,0.9997749234999063,4.832524854948144e-05
47,17,0.0,4.127704414802489e-05,0.9999481397264194,1.0583229432336431e-05
47,18,0.0,5.704385157648465e-06,0.9999885912296844,5.704385157648465e-06
47,19,0.0,4.56921251127642e-06,0.9999941815271389,1.2492603495250138e-06
47,20,0.0,9.138425022552849e-08,0.9999986593554,1.2492603495250138e-06
47,21,0.0,7.319878443064831e-08,0.9999987489119653,1.1778892500988762e-06
47,22,0.0,0.0,0.9999988206467739,1.1778892500988762e-06
47,23,0.0,0.0,0.9999988206467739,1.1778892500988762e-06
47,24,0.0,0.0,0.9999988206467739,1.1778892500988762e-06
47,25,0.0,0.0,0.9999988206467739,1.1778892500988762e-06
47,26,0.0,0.0,0.9999988206467739,1.1778892500988762e-06
48,0,0.94,0.01,0.0,0.05
48,1,0.94,0.0008343938554832191,0.0098,0.04936560614451679
48,2,0.94,0.04429630099989313,0.010617705978373556,0.005085993021733314
48,3,0.6751825153443899,0.2707894036973414,0.054028080958268825,0.0
48,4,0.5199775197864405,0.15445302772217465,0.31940169658166334,0.0061677559097214054
48,5,0.1988348050790664,0.33039953117153903,0.47076566374939455,0.0
48,6,0.10773580666699288,0.09770698903550426,0.7945572042975028,0.0
48,7,0.10773580666699288,0.001954139780710087,0.890310053552297,0.0
48,8,0.10753395405356476,3.9082795614201775e-05,0.8922251105373928,0.00020185261342811842
48,9,0.10753395405356476,0.00020263426934040245,0.8922634116770947,0.0
48,10,0.0,0.10753800673895159,0.8924619932610482,0.0
48,11,0.0,0.0021507601347790337,0.9978492398652208,0.0
48,12,0.0,4.301520269558071e-05,0.9999569847973043,0.0
48,13,0.0,8.603040539116149e-07,0.9999991396959459,0.0
48,14,0.0,1.7206081078232315e-08,0.9999999827939187,0.0
48,15,0.0,3.441216215646466e-10,0.9999999996558782,0.0
48,16,0.0,0.0,0.9999999999931173,0.0
48,17,0.0,0.0,0.9999999999931173,0.0
48,18,0.0,0.0,0.9999999999931173,0.0
48,19,0.0,0.0,0.9999999999931173,0.0
48,20,0.0,0.0,0.9999999999931173,0.0
48,21,0.0,0.0,0.9999999999931173,0.0
48,22,0.0,0.0,0.9999999999931173,0.0
48,23,0.0,0.0,0.9999999999931173,0.0
48,24,0.0,0.0,0.9999999999931173,0.0
48,25,0.0,0.0,0.9999999999931173,0.0
48,26,0.0,0.0,0.9999999999931173,0.0
49,0,0.94,0.01,0.0,0.05
49,1,0.14149359931379696,0.7987064006862029,0.0098,0.05
49,2,0.0,0.20746772732752106,0.7925322726724788,0.0
49,3,0.0,0.004149354546550425,0.9958506454534496,0.0
49,4,0.0,8.298709093100858e-05,0.999917012909069,0.0
49,5,0.0,1.659741818620173e-06,0.9999983402581814,0.0
49,6,0.0,3.3194836372403496e-08,0.9999999668051637,0.0
49,7,0.0,6.638967274480704e-10,0.9999999993361034,0.0
49,8,0.0,0.0,0.9999999999867223,0.0
49,9,0.0,0.0,0.9999999999867223,0.0
49,10,0.0,0.0,0.9999999999867223,0.0
49,11,0.0,0.0,0.9999999999867223,0.0
49,12,0.0,0.0,0.9999999999867223,0.0
49,13,0.0,0.0,0.9999999999867223,0.0
49,14,0.0,0.0,0.9999999999867223,0.0
49,15,0.0,0.0,0.9999999999867223,0.0
49,16,0.0,0.0,0.9999999999867223,0.0
49,17,0.0,0.0,0.9999999999867223,0.0
49,18,0.0,0.0,0.9999999999867223,0.0
49,19,0.0,0.0,0.9999999999867223,0.0
49,20,0.0,0.0,0.9999999999867223,0.0
49,21,0.0,0.0,0.9999999999867223,0.0
49,22,0.0,0.0,0.9999999999867223,0.0
49,23,0.0,0.0,0.9999999999867223,0.0
49,24,0.0,0.0,0.9999999999867223,0.0
49,25,0.0,0.0,0.9999999999867223,0.0
49,26,0.0,0.0,0.9999999999867223,0.0
50,0,0.9400000000000001,0.01,0.0,0.05
50,1,0.7877615385736978,0.1524384614263022,0.0098,0.05
50,2,0.6883741037053606,0.15243620409686326,0.15918969219777618,0.0
50,3,0.5683232331544882,0.12309959463280966,0.3085771722127022,0.0
50,4,0.430570753839257,0.14021447120788733,0.4292147749528557,0.0
50,5,0.2837895521940981,0.14958549106931662,0.5666249567365853,0.0
50,6,0.1371957709461679,0.14958549106931662,0.7132187379845155,0.0
50,7,0.1371957709461679,0.0029917098213863348,0.8598125192324458,0.0
50,8,0.0,0.1372556051425956,0.8627443948574045,0.0
50,9,0.0,0.002745112102851915,0.9972548878971482,0.0
50,10,0.0,5.4902242057038344e-05,0.999945097757943,0.0
50,11,0.0,1.0980448411407678e-06,0.999998901955159,0.0
50,12,0.0,2.1960896822815376e-08,0.9999999780391032,0.0
50,13,0.0,4.392179364563079e-10,0.9999999995607821,0.0
50,14,0.0,0.0,0.9999999999912158,0.0
50,15,0.0,0.0,0.9999999999912158,0.0
50,16,0.0,0.0,0.9999999999912158,0.0
50,17,0.0,0.0,0.9999999999912158,0.0
50,18,0.0,0.0,0.9999999999912158,0.0
50,19,0.0,0.0,0.9999999999912158,0.0
50,20,0.0,0.0,0.9999999999912158,0.0
50,21,0.0,0.0,0.9999999999912158,0.0
50,22,0.0,0.0,0.9999999999912158,0.0
50,23,0.0,0.0,0.9999999999912158,0.0
50,24,0.0,0.0,0.9999999999912158,0.0
50,25,0.0,0.0,0.9999999999912158,0.0
50,26,0.0,0.0,0.9999999999912158,0.0
51,0,0.94,0.01,0.0,0.05
51,1,0.5637899804982354,0.37641001950176456,0.0098,0.05
51,2,0.0,0.6213181808882706,0.3786818191117293,0.0
51,3,0.0,0.012426363617765423,0.9875736363822344,0.0
51,4,0.0,0.0002485272723553087,0.9997514727276445,0.0
51,5,0.0,4.9705454471061784e-06,0.9999950294545527,0.0
51,6,0.0,9.941090894212364e-08,0.9999999005890908,0.0
51,7,0.0,1.9882181788424746e-09,0.9999999980117817,0.0
51,8,0.0,0.0,0.9999999999602355,0.0
51,9,0.0,0.0,0.9999999999602355,0.0
51,10,0.0,0.0,0.9999999999602355,0.0
51,11,0.0,0.0,0.9999999999602355,0.0
51,12,0.0,0.0,0.9999999999602355,0.0
51,13,0.0,0.0,0.9999999999602355,0.0
51,14,0.0,0.0,0.9999999999602355,0.0
51,15,0.0,0.0,0.9999999999602355,0.0
51,16,0.0,0.0,0.9999999999602355,0.0
51,17,0.0,0.0,0.9999999999602355,0.0
51,18,0.0,0.0,0.9999999999602355,0.0
51,19,0.0,0.0,0.9999999999602355,0.0
51,20,0.0,0.0,0.9999999999602355,0.0
51,21,0.0,0.0,0.9999999999602355,0.0
51,22,0.0,0.0,0.9999999999602355,0.0
51,23,0.0,0.0,0.9999999999602355,0.0
51,24,0.0,0.0,0.9999999999602355,0.0
51,25,0.0,0.0,0.9999999999602355,0.0
51,26,0.0,0.0,0.9999999999602355,0.0
52,0,0.94,0.01,0.0,0.05
52,1,0.94,0.0002000000000000002,0.0098,0.05
52,2,0.884692375535961,0.027346442292877814,0.009996,0.07796518217116116
52,3,0.884692375535961,0.07851211101701872,0.036795513447020256,0.0
52,4,0.5976026874748489,0.2886599302814525,0.11373738224369859,0.0
52,5,0.5976026874748489,0.005773198605629054,0.39662411391952196,0.0
52,6,0.0,0.5977181514469615,0.4022818485530384,0.0
52,7,0.0,0.011954363028939242,0.9880456369710607,0.0
52,8,0.0,0.00023908726057878503,0.9997609127394212,0.0
52,9,0.0,4.781745211575705e-06,0.9999952182547885,0.0
52,10,0.0,9.563490423151417e-08,0.9999999043650959,0.0
52,11,0.0,1.912698084630285e-09,0.999999998087302,0.0
52,12,0.0,0.0,0.999999999961746,0.0
52,13,0.0,0.0,0.999999999961746,0.0
52,14,0.0,0.0,0.999999999961746,0.0
52,15,0.0,0.0,0.999999999961746,0.0
52,16,0.0,0.0,0.999999999961746,0.0
52,17,0.0,0.0,0.999999999961746,0.0
52,18,0.0,0.0,0.999999999961746,0.0
52,19,0.0,0.0,0.999999999961746,0.0
52,20,0.0,0.0,0.999999999961746,0.0
52,21,0.0,0.0,0.999999999961746,0.0
52,22,0.0,0.0,0.999999999961746,0.0
52,23,0.0,0.0,0.999999999961746,0.0
52,24,0.0,0.0,0.999999999961746,0.0
52,25,0.0,0.0,0.999999999961746,0.0
52,26,0.0,0.0,0.999999999961746,0.0
53,0,0.94,0.01,0.0,0.05
53,1,0.937621499669538,0.0025785003304618775,0.009800000000000001,0.05
53,2,0.2912304078917184,0.4427285067403044,0.01232693032385264,0.2537141550441245
53,3,0.2912304078917184,0.2625687251789306,0.4462008669293509,0.0
53,4,0.0,0.29648178239529704,0.7035182176047029,0.0
53,5,0.0,0.005929635647905946,0.994070364352094,0.0
53,6,0.0,0.00011859271295811902,0.9998814072870419,0.0
53,7,0.0,2.3718542591623825e-06,0.9999976281457408,0.0
53,8,0.0,4.743708518324769e-08,0.9999999525629147,0.0
53,9,0.0,9.487417036649547e-10,0.9999999990512582,0.0
53,10,0.0,0.0,0.9999999999810251,0.0
53,11,0.0,0.0,0.9999999999810251,0.0
53,12,0.0,0.0,0.9999999999810251,0.0
53,13,0.0,0.0,0.9999999999810251,0.0
53,14,0.0,0.0,0.9999999999810251,0.0
53,15,0.0,0.0,0.9999999999810251,0.0
53,16,0.0,0.0,0.9999999999810251,0.0
53,17,0.0,0.0,0.9999999999810251,0.0
53,18,0.0,0.0,0.9999999999810251,0.0
53,19,0.0,0.0,0.9999999999810251,0.0
53,20,0.0,0.0,0.9999999999810251,0.0
53,21,0.0,0.0,0.9999999999810251,0.0
53,22,0.0,0.0,0.9999999999810251,0.0
53,23,0.0,0.0,0.9999999999810251,0.0
53,24,0.0,0.0,0.9999999999810251,0.0
53,25,0.0,0.0,0.9999999999810251,0.0
53,26,0.0,0.0,0.9999999999810251,0.0
54,0,0.94,0.01,0.0,0.05
54,1,0.8554999999999999,0.09315000000000129,0.0098,0.04154999999999871
54,2,0.8554999999999999,0.036972749999998944,0.10108700000000126,0.006440249999999798
54,3,0.8554999999999999,0.006181466249999808,0.13732029500000023,0.0009982387499999688
54,4,0.8554999999999999,0.0005609340374999825,0.14337813192500004,0.0005609340374999825
54,5,0.8547483478915298,0.001236860050907832,0.14392784728175,8.694477581249728e-05
54,6,0.8442968804613585,0.010549672966750896,0.1451399701316397,1.3476440250937075e-05
54,7,0.7551521438923134,0.08936711762039214,0.15547864963905558,2.088848238895247e-06
54,8,0.0,0.7569412513214832,0.2430584249070399,3.237714770287631e-07
54,9,0.0,0.015138825026429678,0.9848608512020933,3.237714770287631e-07
54,10,0.0,0.0003027765005285938,0.9996968997279944,3.237714770287631e-07
54,11,0.0,6.3291169086611855e-06,0.9999936206985123,5.0184578939458284e-08
54,12,0.0,1.2658233817322382e-07,0.9999998232330828,0.0
54,13,2.5316467634644786e-09,0.0,0.9999999472837743,0.0
54,14,0.0,0.0,0.9999999472837743,0.0
54,15,0.0,0.0,0.9999999472837743,0.0
54,16,0.0,0.0,0.9999999472837743,0.0
54,17,0.0,0.0,0.9999999472837743,0.0
54,18,0.0,0.0,0.9999999472837743,0.0
54,19,0.0,0.0,0.9999999472837743,0.0
54,20,0.0,0.0,0.9999999472837743,0.0
54,21,0.0,0.0,0.9999999472837743,0.0
54,22,0.0,0.0,0.9999999472837743,0.0
54,23,0.0,0.0,0.9999999472837743,0.0
54,24,0.0,0.0,0.9999999472837743,0.0
54,25,0.0,0.0,0.9999999472837743,0.0
54,26,0.0,0.0,0.9999999472837743,0.0
55,0,0.94,0.01,0.0,0.05
55,1,0.9106801228255846,0.02951987717441531,0.0098,0.05
55,2,0.0,0.9612705203690735,0.038729479630927,0.0
55,3,0.0,0.019225410407381488,0.980774589592619,0.0
55,4,0.0,0.0003845082081476301,0.9996154917918528,0.0
55,5,0.0,7.690164162952608e-06,0.9999923098358375,0.0
55,6,0.0,1.538032832590523e-07,0.9999998461967172,0.0
55,7,3.0760656651810485e-09,0.0,0.9999999969239349,0.0
55,8,0.0,0.0,0.9999999969239349,0.0
55,9,0.0,0.0,0.9999999969239349,0.0
55,10,0.0,0.0,0.9999999969239349,0.0
55,11,0.0,0.0,0.9999999969239349,0.0
55,12,0.0,0.0,0.9999999969239349,0.0
55,13,0.0,0.0,0.9999999969239349,0.0
55,14,0.0,0.0,0.9999999969239349,0.0
55,15,0.0,0.0,0.9999999969239349,0.0
55,16,0.0,0.0,0.9999999969239349,0.0
55,17,0.0,0.0,0.9999999969239349,0.0
55,18,0.0,0.0,0.9999999969239349,0.0
55,19,0.0,0.0,0.9999999969239349,0.0
55,20,0.0,0.0,0.9999999969239349,0.0
55,21,0.0,0.0,0.9999999969239349,0.0
55,22,0.0,0.0,0.9999999969239349,0.0
55,23,0.0,0.0,0.9999999969239349,0.0
55,24,0.0,0.0,0.9999999969239349,0.0
55,25,0.0,0.0,0.9999999969239349,0.0
55,26,0.0,0.0,0.9999999969239349,0.0
56,0,0.94,0.01,0.0,0.05
56,1,0.45483446470198946,0.48536553529801046,0.009800000000000001,0.05
56,2,0.0,0.03680819625208882,0.48545822459205024,0.47773357915586084
56,3,0.0,0.47846974308090257,0.5215302569190973,0.0
56,4,0.0,0.00956939486161806,0.9904306051383819,0.0
56,5,0.0,0.00019138789723236138,0.9998086121027675,0.0
56,6,0.0,3.8277579446511844e-06,0.9999961722420552,0.0
56,7,0.0,7.655515889302376e-08,0.9999999234448409,0.0
56,8,0.0,0.0,0.9999999984688965,0.0
56,9,0.0,0.0,0.9999999984688965,0.0
56,10,0.0,0.0,0.9999999984688965,0.0
56,11,0.0,0.0,0.9999999984688965,0.0
56,12,0.0,0.0,0.9999999984688965,0.0
56,13,0.0,0.0,0.9999999984688965,0.0
56,14,0.0,0.0,0.9999999984688965,0.0
56,15,0.0,0.0,0.9999999984688965,0.0
56,16,0.0,0.0,0.9999999984688965,0.0
56,17,0.0,0.0,0.9999999984688965,0.0
56,18,0.0,0.0,0.9999999984688965,0.0
56,19,0.0,0.0,0.9999999984688965,0.0
56,20,0.0,0.0,0.9999999984688965,0.0
56,21,0.0,0.0,0.9999999984688965,0.0
56,22,0.0,0.0,0.9999999984688965,0.0
56,23,0.0,0.0,0.9999999984688965,0.0
56,24,0.0,0.0,0.9999999984688965,0.0
56,25,0.0,0.0,0.9999999984688965,0.0
56,26,0.0,0.0,0.9999999984688965,0.0
57,0,0.94,0.01,0.0,0.05
57,1,0.935403475418156,0.004796524581843766,0.0098,0.05
57,2,0.0,0.48041990211747143,0.014500594090206891,0.5050795037923215
57,3,0.0,0.5146879018346711,0.4853120981653289,0.0
57,4,0.0,0.01029375803669343,0.9897062419633066,0.0
57,5,0.0,0.0002058751607338688,0.9997941248392662,0.0
57,6,0.0,4.11750321467738e-06,0.9999958824967854,0.0
57,7,0.0,8.235006429354766e-08,0.9999999176499358,0.0
57,8,0.0,0.0,0.9999999983529988,0.0
57,9,0.0,0.0,0.9999999983529988,0.0
57,10,0.0,0.0,0.9999999983529988,0.0
57,11,0.0,0.0,0.9999999983529988,0.0
57,12,0.0,0.0,0.9999999983529988,0.0
57,13,0.0,0.0,0.9999999983529988,0.0
57,14,0.0,0.0,0.9999999983529988,0.0
57,15,0.0,0.0,0.9999999983529988,0.0
57,16,0.0,0.0,0.9999999983529988,0.0
57,17,0.0,0.0,0.9999999983529988,0.0
57,18,0.0,0.0,0.9999999983529988,0.0
57,19,0.0,0.0,0.9999999983529988,0.0
57,20,0.0,0.0,0.9999999983529988,0.0
57,21,0.0,0.0,0.9999999983529988,0.0
57,22,0.0,0.0,0.9999999983529988,0.0
57,23,0.0,0.0,0.9999999983529988,0.0
57,24,0.0,0.0,0.9999999983529988,0.0
57,25,0.0,0.0,0.9999999983529988,0.0
57,26,0.0,0.0,0.9999999983529988,0.0
58,0,0.94,0.01,0.0,0.05
58,1,0.9343385535371769,0.027930723231411502,0.009800000000000001,0.027930723231411506
58,2,0.0,0.9628278912332127,0.03717210876678327,0.0
58,3,0.0,0.01925655782466427,0.9807434421753316,0.0
58,4,0.0,0.0003851311564932858,0.9996148688435026,0.0
58,5,0.0,7.702623129865724e-06,0.999992297376866,0.0
58,6,0.0,1.540524625973146e-07,0.9999998459475333,0.0
58,7,3.0810492519462948e-09,0.0,0.9999999969189467,0.0
58,8,0.0,0.0,0.9999999969189467,0.0
58,9,0.0,0.0,0.9999999969189467,0.0
58,10,0.0,0.0,0.9999999969189467,0.0
58,11,0.0,0.0,0.9999999969189467,0.0
58,12,0.0,0.0,0.9999999969189467,0.0
58,13,0.0,0.0,0.9999999969189467,0.0
58,14,0.0,0.0,0.9999999969189467,0.0
58,15,0.0,0.0,0.9999999969189467,0.0
58,16,0.0,0.0,0.9999999969189467,0.0
58,17,0.0,0.0,0.9999999969189467,0.0
58,18,0.0,0.0,0.9999999969189467,0.0
58,19,0.0,0.0,0.9999999969189467,0.0
58,20,0.0,0.0,0.9999999969189467,0.0
58,21,0.0,0.0,0.9999999969189467,0.0
58,22,0.0,0.0,0.9999999969189467,0.0
58,23,0.0,0.0,0.9999999969189467,0.0
58,24,0.0,0.0,0.9999999969189467,0.0
58,25,0.0,0.0,0.9999999969189467,0.0
58,26,0.0,0.0,0.9999999969189467,0.0
59,0,0.94,0.01,0.0,0.05
59,1,0.9158019824370178,0.024398017562982217,0.0098,0.05
59,2,0.056667305129120035,0.9096226376591573,0.03371005721172257,0.0
59,3,0.056667305129120035,0.018192452753183163,0.9251402421176969,0.0
59,4,0.0,0.0570311541841837,0.9429688458158163,0.0
59,5,0.0,0.0011406230836836747,0.9988593769163163,0.0
59,6,0.0,2.2812461673673515e-05,0.9999771875383263,0.0
59,7,0.0,4.5624923347347066e-07,0.9999995437507665,0.0
59,8,0.0,9.124984669469421e-09,0.9999999908750153,0.0
59,9,1.824996933893886e-10,0.0,0.9999999998175003,0.0
59,10,0.0,0.0,0.9999999998175003,0.0
59,11,0.0,0.0,0.9999999998175003,0.0
59,12,0.0,0.0,0.9999999998175003,0.0
59,13,0.0,0.0,0.9999999998175003,0.0
59,14,0.0,0.0,0.9999999998175003,0.0
59,15,0.0,0.0,0.9999999998175003,0.0
59,16,0.0,0.0,0.9999999998175003,0.0
59,17,0.0,0.0,0.9999999998175003,0.0
59,18,0.0,0.0,0.9999999998175003,0.0
59,19,0.0,0.0,0.9999999998175003,0.0
59,20,0.0,0.0,0.9999999998175003,0.0
59,21,0.0,0.0,0.9999999998175003,0.0
59,22,0.0,0.0,0.9999999998175003,0.0
59,23,0.0,0.0,0.9999999998175003,0.0
59,24,0.0,0.0,0.9999999998175003,0.0
59,25,0.0,0.0,0.9999999998175003,0.0
59,26,0.0,0.0,0.9999999998175003,0.0
60,0,0.94,0.01,0.0,0.05000000000000001
60,1,0.928103713559937,0.0120962864400629,0.0098,0.05000000000000001
60,2,0.928103713559937,0.05024192572880127,0.021654360711261644,0.0
60,3,0.9071619700011809,0.02194658207333207,0.07089144792548689,0.0
60,4,0.0,0.9076009016426476,0.09239909835735231,0.0
60,5,0.0,0.01815201803285297,0.9818479819671471,0.0
60,6,0.0,0.00036304036065851935,0.9996369596393428,0.0
60,7,0.0,7.260807213170394e-06,0.9999927391927883,0.0
60,8,0.0,1.4521614426340802e-07,0.9999998547838571,0.0
60,9,2.904322885268163e-09,0.0,0.9999999970956784,0.0
60,10,0.0,0.0,0.9999999970956784,0.0
60,11,0.0,0.0,0.9999999970956784,0.0
60,12,0.0,0.0,0.9999999970956784,0.0
60,13,0.0,0.0,0.9999999970956784,0.0
60,14,0.0,0.0,0.9999999970956784,0.0
60,15,0.0,0.0,0.9999999970956784,0.0
60,16,0.0,0.0,0.9999999970956784,0.0
60,17,0.0,0.0,0.9999999970956784,0.0
60,18,0.0,0.0,0.9999999970956784,0.0
60,19,0.0,0.0,0.9999999970956784,0.0
60,20,0.0,0.0,0.9999999970956784,0.0
60,21,0.0,0.0,0.9999999970956784,0.0
60,22,0.0,0.0,0.9999999970956784,0.0
60,23,0.0,0.0,0.9999999970956784,0.0
60,24,0.0,0.0,0.9999999970956784,0.0
60,25,0.0,0.0,0.9999999970956784,0.0
60,26,0.0,0.0,0.9999999970956784,0.0
61,0,0.0,0.0,0.0,0.0
61,1,0.0,0.0,0.0,0.0
61,2,0.0,0.0,0.0,0.0
61,3,0.0,0.0,0.0,0.0
61,4,0.0,0.0,0.0,0.0
61,5,0.0,0.0,0.0,0.0
61,6,0.0,0.0,0.0,0.0
61,7,0.0,0.0,0.0,0.0
61,8,0.0,0.0,0.0,0.0
61,9,0.0,0.0,0.0,0.0
61,10,0.0,0.0,0.0,0.0
61,11,0.0,0.0,0.0,0.0
61,12,0.0,0.0,0.0,0.0
61,13,0.0,0.0,0.0,0.0
61,14,0.0,0.0,0.0,0.0
61,15,0.0,0.0,0.0,0.0
61,16,0.0,0.0,0.0,0.0
61,17,0.0,0.0,0.0,0.0
61,18,0.0,0.0,0.0,0.0
61,19,0.0,0.0,0.0,0.0
61,20,0.0,0.0,0.0,0.0
61,21,0.0,0.0,0.0,0.0
61,22,0.0,0.0,0.0,0.0
61,23,0.0,0.0,0.0,0.0
61,24,0.0,0.0,0.0,0.0
61,25,0.0,0.0,0.0,0.0
61,26,0.0,0.0,0.0,0.0
62,0,0.9399999999999998,0.01,0.0,0.05
62,1,0.9399999999999998,0.0001999999999999974,0.0098,0.05
62,2,0.0,0.00013489999999999824,0.009995999999999998,0.9898690999999998
62,3,0.0,1.0724549999999865e-05,0.010128201999999996,0.9898610734499999
62,4,0.0,8.526017249999894e-07,0.010138712058999995,0.9898604353392748
62,5,0.0,1.7052034499999804e-08,0.010139547608690494,0.9898604353392748
62,6,0.0,1.3556367427499847e-09,0.010139564319684305,0.9898604343246787
62,7,0.0,0.0,0.010139565648208313,0.9898604343246787
62,8,0.0,0.0,0.010139565674778792,0.9898604343230655
62,9,0.0,0.0,0.010139565676891145,0.9898604343230655
62,10,0.0,0.0,0.010139565676891145,0.9898604343230655
62,11,0.0,0.0,0.010139565676891145,0.9898604343230655
62,12,0.0,0.0,0.010139565676891145,0.9898604343230655
62,13,0.0,0.0,0.010139565676891145,0.9898604343230655
62,14,0.0,0.0,0.010139565676891145,0.9898604343230655
62,15,0.0,0.0,0.010139565676891145,0.9898604343230655
62,16,0.0,0.0,0.010139565676891145,0.9898604343230655
62,17,0.0,0.0,0.010139565676891145,0.9898604343230655
62,18,0.0,0.0,0.010139565676891145,0.9898604343230655
62,19,0.0,0.0,0.010139565676891145,0.9898604343230655
62,20,0.0,0.0,0.010139565676891145,0.9898604343230655
62,21,0.0,0.0,0.010139565676891145,0.9898604343230655
62,22,0.0,0.0,0.010139565676891145,0.9898604343230655
62,23,0.0,0.0,0.010139565676891145,0.9898604343230655
62,24,0.0,0.0,0.010139565676891145,0.9898604343230655
62,25,0.0,0.0,0.010139565676891145,0.9898604343230655
62,26,0.0,0.0,0.010139565676891145,0.9898604343230655
63,0,0.94,0.01,0.0,0.05
63,1,0.8794499999999998,0.0668050000000011,0.0098,0.04394499999999891
63,2,0.4749457249999932,0.40584037500000664,0.07526890000000107,0.04394499999999891
63,3,0.4374286743656918,0.07224255563430089,0.4729924675000076,0.01733630249999957
63,4,0.0,0.4388735254783779,0.5437901720216225,0.01733630249999957
63,5,0.0,0.010122087767810328,0.9738862269904328,0.015991685241756804
63,6,0.0,0.00633136589876536,0.9838058730028869,0.009862761098347652
63,7,0.0,0.003960269369677733,0.990010611583677,0.006029119046645225
63,8,0.0,0.0024771484907334224,0.9938916755659611,0.0036311759433053582
63,9,0.0,0.0015494563809537554,0.9963192810868798,0.002131262532166271
63,10,0.0,0.0009691849662865738,0.9978377483402145,0.0011930666934987725
63,11,0.0,0.000606225196412252,0.9987875496071754,0.000606225196412252
63,12,0.0,0.0003791938603558636,0.9993816502996594,0.00023915583998463345
63,13,0.0,7.583877207117279e-06,0.9997532602828082,0.00023915583998463345
63,14,0.0,4.743715193051858e-06,0.9997606924824711,0.00023456380233572395
63,15,0.0,2.967193853253938e-06,0.9997653413233603,0.00023169148278633106
63,16,0.0,1.8559797552103382e-06,0.9997682491733365,0.00022989484690818577
63,17,0.0,3.7119595104206795e-08,0.9997700680334967,0.00022989484690818577
63,18,0.0,2.321830673768135e-08,0.9997701044106999,0.0002298723709933502
63,19,0.0,0.0,0.9997701271646405,0.00022987283535948495
63,20,0.0,0.0,0.9997701271646405,0.00022987283535948495
63,21,0.0,0.0,0.9997701271646405,0.00022987283535948495
63,22,0.0,0.0,0.9997701271646405,0.00022987283535948495
63,23,0.0,0.0,0.9997701271646405,0.00022987283535948495
63,24,0.0,0.0,0.9997701271646405,0.00022987283535948495
63,25,0.0,0.0,0.9997701271646405,0.00022987283535948495
63,26,0.0,0.0,0.9997701271646405,0.00022987283535948495
64,0,0.94,0.01,0.0,0.05
64,1,0.2751937238542813,0.6650062761457187,0.0098,0.05
64,2,0.0,0.018749486214706047,0.6615061506228044,0.3197443631624896
64,3,0.0,0.3201193528867837,0.6798806471132163,0.0
64,4,0.0,0.006402387057735681,0.9935976129422645,0.0
64,5,0.0,0.00012804774115471372,0.9998719522588454,0.0
64,6,0.0,2.5609548230942767e-06,0.999997439045177,0.0
64,7,0.0,5.121909646188558e-08,0.9999999487809037,0.0
64,8,0.0,0.0,0.9999999989756182,0.0
64,9,0.0,0.0,0.9999999989756182,0.0
64,10,0.0,0.0,0.9999999989756182,0.0
64,11,0.0,0.0,0.9999999989756182,0.0
64,12,0.0,0.0,0.9999999989756182,0.0
64,13,0.0,0.0,0.9999999989756182,0.0
64,14,0.0,0.0,0.9999999989756182,0.0
64,15,0.0,0.0,0.9999999989756182,0.0
64,16,0.0,0.0,0.9999999989756182,0.0
64,17,0.0,0.0,0.9999999989756182,0.0
64,18,0.0,0.0,0.9999999989756182,0.0
64,19,0.0,0.0,0.9999999989756182,0.0
64,20,0.0,0.0,0.9999999989756182,0.0
64,21,0.0,0.0,0.9999999989756182,0.0
64,22,0.0,0.0,0.9999999989756182,0.0
64,23,0.0,0.0,0.9999999989756182,0.0
64,24,0.0,0.0,0.9999999989756182,0.0
64,25,0.0,0.0,0.9999999989756182,0.0
64,26,0.0,0.0,0.9999999989756182,0.0
65,0,0.0,0.0,0.0,0.0
65,1,0.0,0.0,0.0,0.0
65,2,0.0,0.0,0.0,0.0
65,3,0.0,0.0,0.0,0.0
65,4,0.0,0.0,0.0,0.0
65,5,0.0,0.0,0.0,0.0
65,6,0.0,0.0,0.0,0.0
65,7,0.0,0.0,0.0,0.0
65,8,0.0,0.0,0.0,0.0
65,9,0.0,0.0,0.0,0.0
65,10,0.0,0.0,0.0,0.0
65,11,0.0,0.0,0.0,0.0
65,12,0.0,0.0,0.0,0.0
65,13,0.0,0.0,0.0,0.0
65,14,0.0,0.0,0.0,0.0
65,15,0.0,0.0,0.0,0.0
65,16,0.0,0.0,0.0,0.0
65,17,0.0,0.0,0.0,0.0
65,18,0.0,0.0,0.0,0.0
65,19,0.0,0.0,0.0,0.0
65,20,0.0,0.0,0.0,0.0
65,21,0.0,0.0,0.0,0.0
65,22,0.0,0.0,0.0,0.0
65,23,0.0,0.0,0.0,0.0
65,24,0.0,0.0,0.0,0.0
65,25,0.0,0.0,0.0,0.0
65,26,0.0,0.0,0.0,0.0
66,0,0.9399999999999998,0.01,0.0,0.05
66,1,0.8609585335018962,0.07924146649810365,0.0098,0.05
66,2,0.0,0.8625433628318583,0.08745663716814157,0.05
66,3,0.0,0.03223142451791861,0.9327491327433627,0.03501944273871857
66,4,0.0,0.03566407122907694,0.9643359287709229,0.0
66,5,0.0,0.0007132814245815394,0.9992867185754184,0.0
66,6,0.0,1.4265628491630802e-05,0.9999857343715084,0.0
66,7,0.0,2.853125698326163e-07,0.9999997146874301,0.0
66,8,0.0,0.0,0.9999999942937485,0.0
66,9,0.0,0.0,0.9999999942937485,0.0
66,10,0.0,0.0,0.9999999942937485,0.0
66,11,0.0,0.0,0.9999999942937485,0.0
66,12,0.0,0.0,0.9999999942937485,0.0
66,13,0.0,0.0,0.9999999942937485,0.0
66,14,0.0,0.0,0.9999999942937485,0.0
66,15,0.0,0.0,0.9999999942937485,0.0
66,16,0.0,0.0,0.9999999942937485,0.0
66,17,0.0,0.0,0.9999999942937485,0.0
66,18,0.0,0.0,0.9999999942937485,0.0
66,19,0.0,0.0,0.9999999942937485,0.0
66,20,0.0,0.0,0.9999999942937485,0.0
66,21,0.0,0.0,0.9999999942937485,0.0
66,22,0.0,0.0,0.9999999942937485,0.0
66,23,0.0,0.0,0.9999999942937485,0.0
66,24,0.0,0.0,0.9999999942937485,0.0
66,25,0.0,0.0,0.9999999942937485,0.0
66,26,0.0,0.0,0.9999999942937485,0.0
67,0,0.94,0.01,0.0,0.05
67,1,0.8997499999999999,0.04447500000000106,0.0098,0.04597499999999895
67,2,0.7207381249999956,0.1799013750000043,0.05338550000000104,0.04597499999999895
67,3,0.0,0.7243361524999957,0.22968884750000526,0.04597499999999895
67,4,0.0,0.030230861524999438,0.939538276950001,0.030230861524999438
67,5,0.0,0.012772538994312263,0.9691645212445005,0.018062939761187162
67,6,0.0,0.005396397725096932,0.9816816094589265,0.012921992815976476
67,7,0.0,0.0022799780388534545,0.9869700792295214,0.010749942731624959
67,8,0.0,0.0009632907214155847,0.9892044577075979,0.009832251570986442
67,9,0.0,1.9265814428311713e-05,0.9901484826145851,0.009832251570986442
67,10,0.0,8.1398065959617e-06,0.9901673631127248,0.009824497080679048
67,11,0.0,3.4390682867938187e-06,0.9901753401231889,0.009821220808524173
67,12,0.0,6.878136573587643e-08,0.99017871041011,0.009821220808524173
67,13,0.0,0.0,0.9901787778158484,0.009821220808524173
67,14,0.0,0.0,0.9901787778158484,0.009821220808524173
67,15,0.0,0.0,0.9901787778158484,0.009821220808524173
67,16,0.0,0.0,0.9901787778158484,0.009821220808524173
67,17,0.0,0.0,0.9901787778158484,0.009821220808524173
67,18,0.0,0.0,0.9901787778158484,0.009821220808524173
67,19,0.0,0.0,0.9901787778158484,0.009821220808524173
67,20,0.0,0.0,0.9901787778158484,0.009821220808524173
67,21,0.0,0.0,0.9901787778158484,0.009821220808524173
67,22,0.0,0.0,0.9901787778158484,0.009821220808524173
67,23,0.0,0.0,0.9901787778158484,0.009821220808524173
67,24,0.0,0.0,0.9901787778158484,0.009821220808524173
67,25,0.0,0.0,0.9901787778158484,0.009821220808524173
67,26,0.0,0.0,0.9901787778158484,0.009821220808524173
