region,timePeriod,susceptible
1,0,0.99
1,1,0.9888
1,2,0.03849759999999824
1,3,0.03846951039999823
1,4,0.03846951039999823
1,5,0.03846898830927673
1,6,0.03846889094510229
1,7,0.03846887809303126
1,8,0.03846887839291293
1,9,0.03846887839291293
1,10,0.0384688762887033
1,11,0.0384688762887033
1,12,0.03846887628868073
1,13,0.03846887628868073
1,14,0.03846887628868073
1,15,0.03846887628868073
1,16,0.03846887628868073
1,17,0.03846887628868073
1,18,0.03846887628868073
1,19,0.03846887628868073
1,20,0.03846887628868073
1,21,0.03846887628868073
1,22,0.03846887628868073
1,23,0.03846887628868073
1,24,0.03846887628868073
1,25,0.03846887628868073
1,26,0.03846887628868073
2,0,0.99
2,1,0.9888
2,2,0.03849759999999824
2,3,0.03846951039999823
2,4,0.03846951039999823
2,5,0.03846938619289423
2,6,0.03846889094510229
2,7,0.03846887809303126
2,8,0.03846887839291293
2,9,0.03846887839291293
2,10,0.0384688762887033
2,11,0.0384688762887033
2,12,0.03846887628868073
2,13,0.03846887628868073
2,14,0.03846887628868073
2,15,0.03846887628868073
2,16,0.03846887628868073
2,17,0.03846887628868073
2,18,0.03846887628868073
2,19,0.03846887628868073
2,20,0.03846887628868073
2,21,0.03846887628868073
2,22,0.03846887628868073
2,23,0.03846887628868073
2,24,0.03846887628868073
2,25,0.03846887628868073
2,26,0.03846887628868073
3,0,0.99
3,1,0.9888
3,2,0.03849759999999824
3,3,0.03846951039999823
3,4,0.03846951039999823
3,5,0.03846898830927673
3,6,0.03846889094510229
3,7,0.03846887809303126
3,8,0.03846887839291293
3,9,0.03846887839291293
3,10,0.0384688762887033
3,11,0.0384688762887033
3,12,0.03846887628868073
3,13,0.03846887628868073
3,14,0.03846887628868073
3,15,0.03846887628868073
3,16,0.03846887628868073
3,17,0.03846887628868073
3,18,0.03846887628868073
3,19,0.03846887628868073
3,20,0.03846887628868073
3,21,0.03846887628868073
3,22,0.03846887628868073
3,23,0.03846887628868073
3,24,0.03846887628868073
3,25,0.03846887628868073
3,26,0.03846887628868073
4,0,0.99
4,1,0.9888
4,2,0.03849759999999824
4,3,0.03846951039999823
4,4,0.03846951039999823
4,5,0.03846898830927673
4,6,0.03846889094510229
4,7,0.03846887809303126
4,8,0.03846887839291293
4,9,0.03846887839291293
4,10,0.0384688762887033
4,11,0.0384688762887033
4,12,0.03846887628868073
4,13,0.03846887628868073
4,14,0.03846887628868073
4,15,0.03846887628868073
4,16,0.03846887628868073
4,17,0.03846887628868073
4,18,0.03846887628868073
4,19,0.03846887628868073
4,20,0.03846887628868073
4,21,0.03846887628868073
4,22,0.03846887628868073
4,23,0.03846887628868073
4,24,0.03846887628868073
4,25,0.03846887628868073
4,26,0.03846887628868073
5,0,0.99
5,1,0.9888
5,2,0.03849759999999824
5,3,0.03846951039999823
5,4,0.03846951039999823
5,5,0.03846898830927673
5,6,0.03846889094510229
5,7,0.03846887809303126
5,8,0.03846887839291293
5,9,0.03846887839291293
5,10,0.0384688762887033
5,11,0.0384688762887033
5,12,0.03846887628868073
5,13,0.03846887628868073
5,14,0.03846887628868073
5,15,0.03846887628868073
5,16,0.03846887628868073
5,17,0.03846887628868073
5,18,0.03846887628868073
5,19,0.03846887628868073
5,20,0.03846887628868073
5,21,0.03846887628868073
5,22,0.03846887628868073
5,23,0.03846887628868073
5,24,0.03846887628868073
5,25,0.03846887628868073
5,26,0.03846887628868073
6,0,0.99
6,1,0.9888
6,2,0.03849759999999824
6,3,0.03846951039999823
6,4,0.03846951039999823
6,5,0.03846938619289423
6,6,0.03846889094510229
6,7,0.03846887809303126
6,8,0.03846887839291293
6,9,0.03846887839291293
6,10,0.0384688762887033
6,11,0.0384688762887033
6,12,0.03846887628868073
6,13,0.03846887628868073
6,14,0.03846887628868073
6,15,0.03846887628868073
6,16,0.03846887628868073
6,17,0.03846887628868073
6,18,0.03846887628868073
6,19,0.03846887628868073
6,20,0.03846887628868073
6,21,0.03846887628868073
6,22,0.03846887628868073
6,23,0.03846887628868073
6,24,0.03846887628868073
6,25,0.03846887628868073
6,26,0.03846887628868073
7,0,0.99
7,1,0.9888
7,2,0.03849759999999824
7,3,0.03846951039999823
7,4,0.03846951039999823
7,5,0.03846898830927673
7,6,0.03846889094510229
7,7,0.03846887809303126
7,8,0.03846887839291293
7,9,0.03846887839291293
7,10,0.0384688762887033
7,11,0.0384688762887033
7,12,0.03846887628868073
7,13,0.03846887628868073
7,14,0.03846887628868073
7,15,0.03846887628868073
7,16,0.03846887628868073
7,17,0.03846887628868073
7,18,0.03846887628868073
7,19,0.03846887628868073
7,20,0.03846887628868073
7,21,0.03846887628868073
7,22,0.03846887628868073
7,23,0.03846887628868073
7,24,0.03846887628868073
7,25,0.03846887628868073
7,26,0.03846887628868073
8,0,0.99
8,1,0.9888
8,2,0.03849759999999824
8,3,0.03846951039999823
8,4,0.03846951039999823
8,5,0.03846938619289423
8,6,0.03846889094510229
8,7,0.03846887809303126
8,8,0.03846887839291293
8,9,0.03846887839291293
8,10,0.0384688762887033
8,11,0.0384688762887033
8,12,0.03846887628868073
8,13,0.03846887628868073
8,14,0.03846887628868073
8,15,0.03846887628868073
8,16,0.03846887628868073
8,17,0.03846887628868073
8,18,0.03846887628868073
8,19,0.03846887628868073
8,20,0.03846887628868073
8,21,0.03846887628868073
8,22,0.03846887628868073
8,23,0.03846887628868073
8,24,0.03846887628868073
8,25,0.03846887628868073
8,26,0.03846887628868073
9,0,0.99
9,1,0.9888
9,2,0.03849759999999824
9,3,0.03846951039999823
9,4,0.03846951039999823
9,5,0.03846898830927673
9,6,0.03846889094510229
9,7,0.03846887809303126
9,8,0.03846887839291293
9,9,0.03846887839291293
9,10,0.0384688762887033
9,11,0.0384688762887033
9,12,0.03846887628868073
9,13,0.03846887628868073
9,14,0.03846887628868073
9,15,0.03846887628868073
9,16,0.03846887628868073
9,17,0.03846887628868073
9,18,0.03846887628868073
9,19,0.03846887628868073
9,20,0.03846887628868073
9,21,0.03846887628868073
9,22,0.03846887628868073
9,23,0.03846887628868073
9,24,0.03846887628868073
9,25,0.03846887628868073
9,26,0.03846887628868073
10,0,0.99
10,1,0.9888
10,2,0.03849759999999824
10,3,0.03846951039999823
10,4,0.03846951039999823
10,5,0.03846898830927673
10,6,0.03846889094510229
10,7,0.03846887809303126
10,8,0.03846887839291293
10,9,0.03846887839291293
10,10,0.0384688762887033
10,11,0.0384688762887033
10,12,0.03846887628868073
10,13,0.03846887628868073
10,14,0.03846887628868073
10,15,0.03846887628868073
10,16,0.03846887628868073
10,17,0.03846887628868073
10,18,0.03846887628868073
10,19,0.03846887628868073
10,20,0.03846887628868073
10,21,0.03846887628868073
10,22,0.03846887628868073
10,23,0.03846887628868073
10,24,0.03846887628868073
10,25,0.03846887628868073
10,26,0.03846887628868073
11,0,0.99
11,1,0.9888
11,2,0.03849759999999824
11,3,0.03846951039999823
11,4,0.03846951039999823
11,5,0.03846898830927673
11,6,0.03846889094510229
11,7,0.03846887809303126
11,8,0.03846887839291293
11,9,0.03846887839291293
11,10,0.0384688762887033
11,11,0.0384688762887033
11,12,0.03846887628868073
11,13,0.03846887628868073
11,14,0.03846887628868073
11,15,0.03846887628868073
11,16,0.03846887628868073
11,17,0.03846887628868073
11,18,0.03846887628868073
11,19,0.03846887628868073
11,20,0.03846887628868073
11,21,0.03846887628868073
11,22,0.03846887628868073
11,23,0.03846887628868073
11,24,0.03846887628868073
11,25,0.03846887628868073
11,26,0.03846887628868073
12,0,0.99
12,1,0.9888
12,2,0.03849759999999824
12,3,0.03846951039999823
12,4,0.03846951039999823
12,5,0.03846938619289423
12,6,0.03846889094510229
12,7,0.03846887809303126
12,8,0.03846887839291293
12,9,0.03846887839291293
12,10,0.0384688762887033
12,11,0.0384688762887033
12,12,0.03846887628868073
12,13,0.03846887628868073
12,14,0.03846887628868073
12,15,0.03846887628868073
12,16,0.03846887628868073
12,17,0.03846887628868073
12,18,0.03846887628868073
12,19,0.03846887628868073
12,20,0.03846887628868073
12,21,0.03846887628868073
12,22,0.03846887628868073
12,23,0.03846887628868073
12,24,0.03846887628868073
12,25,0.03846887628868073
12,26,0.03846887628868073
13,0,0.99
13,1,0.9888
13,2,0.03849759999999824
13,3,0.03846951039999823
13,4,0.03846951039999823
13,5,0.03846938619289423
13,6,0.03846889094510229
13,7,0.03846887809303126
13,8,0.03846887839291293
13,9,0.03846887839291293
13,10,0.0384688762887033
13,11,0.0384688762887033
13,12,0.03846887628868073
13,13,0.03846887628868073
13,14,0.03846887628868073
13,15,0.03846887628868073
13,16,0.03846887628868073
13,17,0.03846887628868073
13,18,0.03846887628868073
13,19,0.03846887628868073
13,20,0.03846887628868073
13,21,0.03846887628868073
13,22,0.03846887628868073
13,23,0.03846887628868073
13,24,0.03846887628868073
13,25,0.03846887628868073
13,26,0.03846887628868073
14,0,0.99
14,1,0.9888
14,2,0.03867999999999827
14,3,0.03867593107692135
14,4,0.03867593107692135
14,5,0.03867593107692135
14,6,0.03867593107692135
14,7,0.03867593107692135
14,8,0.03867593107692135
14,9,0.03867593107692135
14,10,0.03867593107692135
14,11,0.03867593107692135
14,12,0.03867593107692135
14,13,0.03867593107692135
14,14,0.03867593107692135
14,15,0.03867593107692135
14,16,0.03867593107692135
14,17,0.03867593107692135
14,18,0.03867593107692135
14,19,0.03867593107692135
14,20,0.03867593107692135
14,21,0.03867593107692135
14,22,0.03867593107692135
14,23,0.03867593107692135
14,24,0.03867593107692135
14,25,0.03867593107692135
14,26,0.03867593107692135
15,0,0.99
15,1,0.9888
15,2,0.03849759999999824
15,3,0.03846951039999823
15,4,0.03846951039999823
15,5,0.03846898830927673
15,6,0.03846889094510229
15,7,0.03846887809303126
15,8,0.03846887839291293
15,9,0.03846887839291293
15,10,0.0384688762887033
15,11,0.0384688762887033
15,12,0.03846887628868073
15,13,0.03846887628868073
15,14,0.03846887628868073
15,15,0.03846887628868073
15,16,0.03846887628868073
15,17,0.03846887628868073
15,18,0.03846887628868073
15,19,0.03846887628868073
15,20,0.03846887628868073
15,21,0.03846887628868073
15,22,0.03846887628868073
15,23,0.03846887628868073
15,24,0.03846887628868073
15,25,0.03846887628868073
15,26,0.03846887628868073
16,0,0.99
16,1,0.9888
16,2,0.03849759999999824
16,3,0.03846951039999823
16,4,0.03846951039999823
16,5,0.03846938619289423
16,6,0.03846889094510229
16,7,0.03846887809303126
16,8,0.03846887839291293
16,9,0.03846887839291293
16,10,0.0384688762887033
16,11,0.0384688762887033
16,12,0.03846887628868073
16,13,0.03846887628868073
16,14,0.03846887628868073
16,15,0.03846887628868073
16,16,0.03846887628868073
16,17,0.03846887628868073
16,18,0.03846887628868073
16,19,0.03846887628868073
16,20,0.03846887628868073
16,21,0.03846887628868073
16,22,0.03846887628868073
16,23,0.03846887628868073
16,24,0.03846887628868073
16,25,0.03846887628868073
16,26,0.03846887628868073
17,0,0.99
17,1,0.9888
17,2,0.03849759999999824
17,3,0.03846951039999823
17,4,0.03846951039999823
17,5,0.03846938619289423
17,6,0.03846889094510229
17,7,0.03846887809303126
17,8,0.03846887839291293
17,9,0.03846887839291293
17,10,0.0384688762887033
17,11,0.0384688762887033
17,12,0.03846887628868073
17,13,0.03846887628868073
17,14,0.03846887628868073
17,15,0.03846887628868073
17,16,0.03846887628868073
17,17,0.03846887628868073
17,18,0.03846887628868073
17,19,0.03846887628868073
17,20,0.03846887628868073
17,21,0.03846887628868073
17,22,0.03846887628868073
17,23,0.03846887628868073
17,24,0.03846887628868073
17,25,0.03846887628868073
17,26,0.03846887628868073
18,0,0.99
18,1,0.9888
18,2,0.03849759999999824
18,3,0.03846951039999823
18,4,0.03846951039999823
18,5,0.03846938619289423
18,6,0.03846889094510229
18,7,0.03846887809303126
18,8,0.03846887839291293
18,9,0.03846887839291293
18,10,0.0384688762887033
18,11,0.0384688762887033
18,12,0.03846887628868073
18,13,0.03846887628868073
18,14,0.03846887628868073
18,15,0.03846887628868073
18,16,0.03846887628868073
18,17,0.03846887628868073
18,18,0.03846887628868073
18,19,0.03846887628868073
18,20,0.03846887628868073
18,21,0.03846887628868073
18,22,0.03846887628868073
18,23,0.03846887628868073
18,24,0.03846887628868073
18,25,0.03846887628868073
18,26,0.03846887628868073
19,0,0.99
19,1,0.9888
19,2,0.03849759999999824
19,3,0.03846951039999823
19,4,0.03846951039999823
19,5,0.03846898830927673
19,6,0.03846889094510229
19,7,0.03846887809303126
19,8,0.03846887839291293
19,9,0.03846887839291293
19,10,0.0384688762887033
19,11,0.0384688762887033
19,12,0.03846887628868073
19,13,0.03846887628868073
19,14,0.03846887628868073
19,15,0.03846887628868073
19,16,0.03846887628868073
19,17,0.03846887628868073
19,18,0.03846887628868073
19,19,0.03846887628868073
19,20,0.03846887628868073
19,21,0.03846887628868073
19,22,0.03846887628868073
19,23,0.03846887628868073
19,24,0.03846887628868073
19,25,0.03846887628868073
19,26,0.03846887628868073
20,0,0.99
20,1,0.9888
20,2,0.03867999999999827
20,3,0.03867593107692135
20,4,0.03867593107692135
20,5,0.03867593107692135
20,6,0.03867593107692135
20,7,0.03867593107692135
20,8,0.03867593107692135
20,9,0.03867593107692135
20,10,0.03867593107692135
20,11,0.03867593107692135
20,12,0.03867593107692135
20,13,0.03867593107692135
20,14,0.03867593107692135
20,15,0.03867593107692135
20,16,0.03867593107692135
20,17,0.03867593107692135
20,18,0.03867593107692135
20,19,0.03867593107692135
20,20,0.03867593107692135
20,21,0.03867593107692135
20,22,0.03867593107692135
20,23,0.03867593107692135
20,24,0.03867593107692135
20,25,0.03867593107692135
20,26,0.03867593107692135
21,0,0.99
21,1,0.9888
21,2,0.03867999999999827
21,3,0.03867593107692135
21,4,0.03867593107692135
21,5,0.03867593107692135
21,6,0.03867593107692135
21,7,0.03867593107692135
21,8,0.03867593107692135
21,9,0.03867593107692135
21,10,0.03867593107692135
21,11,0.03867593107692135
21,12,0.03867593107692135
21,13,0.03867593107692135
21,14,0.03867593107692135
21,15,0.03867593107692135
21,16,0.03867593107692135
21,17,0.03867593107692135
21,18,0.03867593107692135
21,19,0.03867593107692135
21,20,0.03867593107692135
21,21,0.03867593107692135
21,22,0.03867593107692135
21,23,0.03867593107692135
21,24,0.03867593107692135
21,25,0.03867593107692135
21,26,0.03867593107692135
22,0,0.99
22,1,0.9888
22,2,0.03849759999999824
22,3,0.03846951039999823
22,4,0.03846951039999823
22,5,0.03846898830927673
22,6,0.03846889094510229
22,7,0.03846887809303126
22,8,0.03846887839291293
22,9,0.03846887839291293
22,10,0.0384688762887033
22,11,0.0384688762887033
22,12,0.03846887628868073
22,13,0.03846887628868073
22,14,0.03846887628868073
22,15,0.03846887628868073
22,16,0.03846887628868073
22,17,0.03846887628868073
22,18,0.03846887628868073
22,19,0.03846887628868073
22,20,0.03846887628868073
22,21,0.03846887628868073
22,22,0.03846887628868073
22,23,0.03846887628868073
22,24,0.03846887628868073
22,25,0.03846887628868073
22,26,0.03846887628868073
23,0,0.99
23,1,0.9888
23,2,0.03867999999999827
23,3,0.03867593107692135
23,4,0.03867593107692135
23,5,0.03867593107692135
23,6,0.03867593107692135
23,7,0.03867593107692135
23,8,0.03867593107692135
23,9,0.03867593107692135
23,10,0.03867593107692135
23,11,0.03867593107692135
23,12,0.03867593107692135
23,13,0.03867593107692135
23,14,0.03867593107692135
23,15,0.03867593107692135
23,16,0.03867593107692135
23,17,0.03867593107692135
23,18,0.03867593107692135
23,19,0.03867593107692135
23,20,0.03867593107692135
23,21,0.03867593107692135
23,22,0.03867593107692135
23,23,0.03867593107692135
23,24,0.03867593107692135
23,25,0.03867593107692135
23,26,0.03867593107692135
24,0,0.99
24,1,0.9888
24,2,0.03849759999999824
24,3,0.03846951039999823
24,4,0.03846951039999823
24,5,0.03846938619289423
24,6,0.03846889094510229
24,7,0.03846887809303126
24,8,0.03846887839291293
24,9,0.03846887839291293
24,10,0.0384688762887033
24,11,0.0384688762887033
24,12,0.03846887628868073
24,13,0.03846887628868073
24,14,0.03846887628868073
24,15,0.03846887628868073
24,16,0.03846887628868073
24,17,0.03846887628868073
24,18,0.03846887628868073
24,19,0.03846887628868073
24,20,0.03846887628868073
24,21,0.03846887628868073
24,22,0.03846887628868073
24,23,0.03846887628868073
24,24,0.03846887628868073
24,25,0.03846887628868073
24,26,0.03846887628868073
25,0,0.99
25,1,0.9888
25,2,0.03849759999999824
25,3,0.03846951039999823
25,4,0.03846951039999823
25,5,0.03846898830927673
25,6,0.03846889094510229
25,7,0.03846887809303126
25,8,0.03846887839291293
25,9,0.03846887839291293
25,10,0.0384688762887033
25,11,0.0384688762887033
25,12,0.03846887628868073
25,13,0.03846887628868073
25,14,0.03846887628868073
25,15,0.03846887628868073
25,16,0.03846887628868073
25,17,0.03846887628868073
25,18,0.03846887628868073
25,19,0.03846887628868073
25,20,0.03846887628868073
25,21,0.03846887628868073
25,22,0.03846887628868073
25,23,0.03846887628868073
25,24,0.03846887628868073
25,25,0.03846887628868073
25,26,0.03846887628868073
26,0,0.99
26,1,0.9888
26,2,0.03849759999999824
26,3,0.03846951039999823
26,4,0.03846951039999823
26,5,0.03846898830927673
26,6,0.03846889094510229
26,7,0.03846887809303126
26,8,0.03846887839291293
26,9,0.03846887839291293
26,10,0.0384688762887033
26,11,0.0384688762887033
26,12,0.03846887628868073
26,13,0.03846887628868073
26,14,0.03846887628868073
26,15,0.03846887628868073
26,16,0.03846887628868073
26,17,0.03846887628868073
26,18,0.03846887628868073
26,19,0.03846887628868073
26,20,0.03846887628868073
26,21,0.03846887628868073
26,22,0.03846887628868073
26,23,0.03846887628868073
26,24,0.03846887628868073
26,25,0.03846887628868073
26,26,0.03846887628868073
27,0,0.99
27,1,0.9888
27,2,0.03849759999999824
27,3,0.03846951039999823
27,4,0.03846951039999823
27,5,0.03846898830927673
27,6,0.03846889094510229
27,7,0.03846887809303126
27,8,0.03846887839291293
27,9,0.03846887839291293
27,10,0.0384688762887033
27,11,0.0384688762887033
27,12,0.03846887628868073
27,13,0.03846887628868073
27,14,0.03846887628868073
27,15,0.03846887628868073
27,16,0.03846887628868073
27,17,0.03846887628868073
27,18,0.03846887628868073
27,19,0.03846887628868073
27,20,0.03846887628868073
27,21,0.03846887628868073
27,22,0.03846887628868073
27,23,0.03846887628868073
27,24,0.03846887628868073
27,25,0.03846887628868073
27,26,0.03846887628868073
28,0,0.99
28,1,0.9888
28,2,0.03849759999999824
28,3,0.03846951039999823
28,4,0.03846951039999823
28,5,0.03846938619289423
28,6,0.03846889094510229
28,7,0.03846887809303126
28,8,0.03846887839291293
28,9,0.03846887839291293
28,10,0.0384688762887033
28,11,0.0384688762887033
28,12,0.03846887628868073
28,13,0.03846887628868073
28,14,0.03846887628868073
28,15,0.03846887628868073
28,16,0.03846887628868073
28,17,0.03846887628868073
28,18,0.03846887628868073
28,19,0.03846887628868073
28,20,0.03846887628868073
28,21,0.03846887628868073
28,22,0.03846887628868073
28,23,0.03846887628868073
28,24,0.03846887628868073
28,25,0.03846887628868073
28,26,0.03846887628868073
29,0,0.99
29,1,0.9888
29,2,0.03849759999999824
29,3,0.03846951039999823
29,4,0.03846951039999823
29,5,0.03846898830927673
29,6,0.03846889094510229
29,7,0.03846887809303126
29,8,0.03846887839291293
29,9,0.03846887839291293
29,10,0.0384688762887033
29,11,0.0384688762887033
29,12,0.03846887628868073
29,13,0.03846887628868073
29,14,0.03846887628868073
29,15,0.03846887628868073
29,16,0.03846887628868073
29,17,0.03846887628868073
29,18,0.03846887628868073
29,19,0.03846887628868073
29,20,0.03846887628868073
29,21,0.03846887628868073
29,22,0.03846887628868073
29,23,0.03846887628868073
29,24,0.03846887628868073
29,25,0.03846887628868073
29,26,0.03846887628868073
30,0,0.99
30,1,0.9888
30,2,0.03849759999999824
30,3,0.03846951039999823
30,4,0.03846951039999823
30,5,0.03846898830927673
30,6,0.03846889094510229
30,7,0.03846887809303126
30,8,0.03846887839291293
30,9,0.03846887839291293
30,10,0.0384688762887033
30,11,0.0384688762887033
30,12,0.03846887628868073
30,13,0.03846887628868073
30,14,0.03846887628868073
30,15,0.03846887628868073
30,16,0.03846887628868073
30,17,0.03846887628868073
30,18,0.03846887628868073
30,19,0.03846887628868073
30,20,0.03846887628868073
30,21,0.03846887628868073
30,22,0.03846887628868073
30,23,0.03846887628868073
30,24,0.03846887628868073
30,25,0.03846887628868073
30,26,0.03846887628868073
31,0,0.99
31,1,0.9888
31,2,0.03849759999999824
31,3,0.03846951039999823
31,4,0.03846951039999823
31,5,0.03846938619289423
31,6,0.03846889094510229
31,7,0.03846887809303126
31,8,0.03846887839291293
31,9,0.03846887839291293
31,10,0.0384688762887033
31,11,0.0384688762887033
31,12,0.03846887628868073
31,13,0.03846887628868073
31,14,0.03846887628868073
31,15,0.03846887628868073
31,16,0.03846887628868073
31,17,0.03846887628868073
31,18,0.03846887628868073
31,19,0.03846887628868073
31,20,0.03846887628868073
31,21,0.03846887628868073
31,22,0.03846887628868073
31,23,0.03846887628868073
31,24,0.03846887628868073
31,25,0.03846887628868073
31,26,0.03846887628868073
32,0,0.99
32,1,0.9888
32,2,0.03867999999999827
32,3,0.03867593107692135
32,4,0.03867593107692135
32,5,0.03867593107692135
32,6,0.03867593107692135
32,7,0.03867593107692135
32,8,0.03867593107692135
32,9,0.03867593107692135
32,10,0.03867593107692135
32,11,0.03867593107692135
32,12,0.03867593107692135
32,13,0.03867593107692135
32,14,0.03867593107692135
32,15,0.03867593107692135
32,16,0.03867593107692135
32,17,0.03867593107692135
32,18,0.03867593107692135
32,19,0.03867593107692135
32,20,0.03867593107692135
32,21,0.03867593107692135
32,22,0.03867593107692135
32,23,0.03867593107692135
32,24,0.03867593107692135
32,25,0.03867593107692135
32,26,0.03867593107692135
33,0,0.99
33,1,0.9888
33,2,0.03867999999999827
33,3,0.03867593107692135
33,4,0.03867593107692135
33,5,0.03867593107692135
33,6,0.03867593107692135
33,7,0.03867593107692135
33,8,0.03867593107692135
33,9,0.03867593107692135
33,10,0.03867593107692135
33,11,0.03867593107692135
33,12,0.03867593107692135
33,13,0.03867593107692135
33,14,0.03867593107692135
33,15,0.03867593107692135
33,16,0.03867593107692135
33,17,0.03867593107692135
33,18,0.03867593107692135
33,19,0.03867593107692135
33,20,0.03867593107692135
33,21,0.03867593107692135
33,22,0.03867593107692135
33,23,0.03867593107692135
33,24,0.03867593107692135
33,25,0.03867593107692135
33,26,0.03867593107692135
34,0,0.99
34,1,0.9888
34,2,0.03849759999999824
34,3,0.03846951039999823
34,4,0.03846951039999823
34,5,0.03846898830927673
34,6,0.03846889094510229
34,7,0.03846887809303126
34,8,0.03846887839291293
34,9,0.03846887839291293
34,10,0.0384688762887033
34,11,0.0384688762887033
34,12,0.03846887628868073
34,13,0.03846887628868073
34,14,0.03846887628868073
34,15,0.03846887628868073
34,16,0.03846887628868073
34,17,0.03846887628868073
34,18,0.03846887628868073
34,19,0.03846887628868073
34,20,0.03846887628868073
34,21,0.03846887628868073
34,22,0.03846887628868073
34,23,0.03846887628868073
34,24,0.03846887628868073
34,25,0.03846887628868073
34,26,0.03846887628868073
35,0,0.99
35,1,0.9888
35,2,0.03849759999999824
35,3,0.03846951039999823
35,4,0.03846951039999823
35,5,0.03846938619289423
35,6,0.03846889094510229
35,7,0.03846887809303126
35,8,0.03846887839291293
35,9,0.03846887839291293
35,10,0.0384688762887033
35,11,0.0384688762887033
35,12,0.03846887628868073
35,13,0.03846887628868073
35,14,0.03846887628868073
35,15,0.03846887628868073
35,16,0.03846887628868073
35,17,0.03846887628868073
35,18,0.03846887628868073
35,19,0.03846887628868073
35,20,0.03846887628868073
35,21,0.03846887628868073
35,22,0.03846887628868073
35,23,0.03846887628868073
35,24,0.03846887628868073
35,25,0.03846887628868073
35,26,0.03846887628868073
36,0,0.99
36,1,0.9888
36,2,0.03849759999999824
36,3,0.03846951039999823
36,4,0.03846951039999823
36,5,0.03846898830927673
36,6,0.03846889094510229
36,7,0.03846887809303126
36,8,0.03846887839291293
36,9,0.03846887839291293
36,10,0.0384688762887033
36,11,0.0384688762887033
36,12,0.03846887628868073
36,13,0.03846887628868073
36,14,0.03846887628868073
36,15,0.03846887628868073
36,16,0.03846887628868073
36,17,0.03846887628868073
36,18,0.03846887628868073
36,19,0.03846887628868073
36,20,0.03846887628868073
36,21,0.03846887628868073
36,22,0.03846887628868073
36,23,0.03846887628868073
36,24,0.03846887628868073
36,25,0.03846887628868073
36,26,0.03846887628868073
37,0,0.99
37,1,0.9888
37,2,0.03867999999999827
37,3,0.03867593107692135
37,4,0.03867593107692135
37,5,0.03867593107692135
37,6,0.03867593107692135
37,7,0.03867593107692135
37,8,0.03867593107692135
37,9,0.03867593107692135
37,10,0.03867593107692135
37,11,0.03867593107692135
37,12,0.03867593107692135
37,13,0.03867593107692135
37,14,0.03867593107692135
37,15,0.03867593107692135
37,16,0.03867593107692135
37,17,0.03867593107692135
37,18,0.03867593107692135
37,19,0.03867593107692135
37,20,0.03867593107692135
37,21,0.03867593107692135
37,22,0.03867593107692135
37,23,0.03867593107692135
37,24,0.03867593107692135
37,25,0.03867593107692135
37,26,0.03867593107692135
38,0,0.99
38,1,0.9888
38,2,0.03867999999999827
38,3,0.03867593107692135
38,4,0.03867593107692135
38,5,0.03867593107692135
38,6,0.03867593107692135
38,7,0.03867593107692135
38,8,0.03867593107692135
38,9,0.03867593107692135
38,10,0.03867593107692135
38,11,0.03867593107692135
38,12,0.03867593107692135
38,13,0.03867593107692135
38,14,0.03867593107692135
38,15,0.03867593107692135
38,16,0.03867593107692135
38,17,0.03867593107692135
38,18,0.03867593107692135
38,19,0.03867593107692135
38,20,0.03867593107692135
38,21,0.03867593107692135
38,22,0.03867593107692135
38,23,0.03867593107692135
38,24,0.03867593107692135
38,25,0.03867593107692135
38,26,0.03867593107692135
39,0,0.99
39,1,0.9888
39,2,0.03849759999999824
39,3,0.03846951039999823
39,4,0.03846951039999823
39,5,0.03846898830927673
39,6,0.03846889094510229
39,7,0.03846887809303126
39,8,0.03846887839291293
39,9,0.03846887839291293
39,10,0.0384688762887033
39,11,0.0384688762887033
39,12,0.03846887628868073
39,13,0.03846887628868073
39,14,0.03846887628868073
39,15,0.03846887628868073
39,16,0.03846887628868073
39,17,0.03846887628868073
39,18,0.03846887628868073
39,19,0.03846887628868073
39,20,0.03846887628868073
39,21,0.03846887628868073
39,22,0.03846887628868073
39,23,0.03846887628868073
39,24,0.03846887628868073
39,25,0.03846887628868073
39,26,0.03846887628868073
40,0,0.99
40,1,0.9888
40,2,0.03849759999999824
40,3,0.03846951039999823
40,4,0.03846951039999823
40,5,0.03846938619289423
40,6,0.03846889094510229
40,7,0.03846887809303126
40,8,0.03846887839291293
40,9,0.03846887839291293
40,10,0.0384688762887033
40,11,0.0384688762887033
40,12,0.03846887628868073
40,13,0.03846887628868073
40,14,0.03846887628868073
40,15,0.03846887628868073
40,16,0.03846887628868073
40,17,0.03846887628868073
40,18,0.03846887628868073
40,19,0.03846887628868073
40,20,0.03846887628868073
40,21,0.03846887628868073
40,22,0.03846887628868073
40,23,0.03846887628868073
40,24,0.03846887628868073
40,25,0.03846887628868073
40,26,0.03846887628868073
41,0,0.99
41,1,0.9888
41,2,0.03849759999999824
41,3,0.03846951039999823
41,4,0.03846951039999823
41,5,0.03846898830927673
41,6,0.03846889094510229
41,7,0.03846887809303126
41,8,0.03846887839291293
41,9,0.03846887839291293
41,10,0.0384688762887033
41,11,0.0384688762887033
41,12,0.03846887628868073
41,13,0.03846887628868073
41,14,0.03846887628868073
41,15,0.03846887628868073
41,16,0.03846887628868073
41,17,0.03846887628868073
41,18,0.03846887628868073
41,19,0.03846887628868073
41,20,0.03846887628868073
41,21,0.03846887628868073
41,22,0.03846887628868073
41,23,0.03846887628868073
41,24,0.03846887628868073
41,25,0.03846887628868073
41,26,0.03846887628868073
42,0,0.99
42,1,0.9888
42,2,0.03849759999999824
42,3,0.03846951039999823
42,4,0.03846951039999823
42,5,0.03846938619289423
42,6,0.03846889094510229
42,7,0.03846887809303126
42,8,0.03846887839291293
42,9,0.03846887839291293
42,10,0.0384688762887033
42,11,0.0384688762887033
42,12,0.03846887628868073
42,13,0.03846887628868073
42,14,0.03846887628868073
42,15,0.03846887628868073
42,16,0.03846887628868073
42,17,0.03846887628868073
42,18,0.03846887628868073
42,19,0.03846887628868073
42,20,0.03846887628868073
42,21,0.03846887628868073
42,22,0.03846887628868073
42,23,0.03846887628868073
42,24,0.03846887628868073
42,25,0.03846887628868073
42,26,0.03846887628868073
43,0,0.99
43,1,0.9888
43,2,0.03849759999999824
43,3,0.03846951039999823
43,4,0.03846951039999823
43,5,0.03846938619289423
43,6,0.03846889094510229
43,7,0.03846887809303126
43,8,0.03846887839291293
43,9,0.03846887839291293
43,10,0.0384688762887033
43,11,0.0384688762887033
43,12,0.03846887628868073
43,13,0.03846887628868073
43,14,0.03846887628868073
43,15,0.03846887628868073
43,16,0.03846887628868073
43,17,0.03846887628868073
43,18,0.03846887628868073
43,19,0.03846887628868073
43,20,0.03846887628868073
43,21,0.03846887628868073
43,22,0.03846887628868073
43,23,0.03846887628868073
43,24,0.03846887628868073
43,25,0.03846887628868073
43,26,0.03846887628868073
44,0,0.99
44,1,0.9888
44,2,0.03849759999999824
44,3,0.03846951039999823
44,4,0.03846951039999823
44,5,0.03846938619289423
44,6,0.03846889094510229
44,7,0.03846887809303126
44,8,0.03846887839291293
44,9,0.03846887839291293
44,10,0.0384688762887033
44,11,0.0384688762887033
44,12,0.03846887628868073
44,13,0.03846887628868073
44,14,0.03846887628868073
44,15,0.03846887628868073
44,16,0.03846887628868073
44,17,0.03846887628868073
44,18,0.03846887628868073
44,19,0.03846887628868073
44,20,0.03846887628868073
44,21,0.03846887628868073
44,22,0.03846887628868073
44,23,0.03846887628868073
44,24,0.03846887628868073
44,25,0.03846887628868073
44,26,0.03846887628868073
45,0,0.99
45,1,0.9888
45,2,0.03849759999999824
45,3,0.03846951039999823
45,4,0.03846951039999823
45,5,0.03846938619289423
45,6,0.03846889094510229
45,7,0.03846887809303126
45,8,0.03846887839291293
45,9,0.03846887839291293
45,10,0.0384688762887033
45,11,0.0384688762887033
45,12,0.03846887628868073
45,13,0.03846887628868073
45,14,0.03846887628868073
45,15,0.03846887628868073
45,16,0.03846887628868073
45,17,0.03846887628868073
45,18,0.03846887628868073
45,19,0.03846887628868073
45,20,0.03846887628868073
45,21,0.03846887628868073
45,22,0.03846887628868073
45,23,0.03846887628868073
45,24,0.03846887628868073
45,25,0.03846887628868073
45,26,0.03846887628868073
46,0,0.99
46,1,0.9888
46,2,0.03849759999999824
46,3,0.03846951039999823
46,4,0.03846951039999823
46,5,0.03846898830927673
46,6,0.03846889094510229
46,7,0.03846887809303126
46,8,0.03846887839291293
46,9,0.03846887839291293
46,10,0.0384688762887033
46,11,0.0384688762887033
46,12,0.03846887628868073
46,13,0.03846887628868073
46,14,0.03846887628868073
46,15,0.03846887628868073
46,16,0.03846887628868073
46,17,0.03846887628868073
46,18,0.03846887628868073
46,19,0.03846887628868073
46,20,0.03846887628868073
46,21,0.03846887628868073
46,22,0.03846887628868073
46,23,0.03846887628868073
46,24,0.03846887628868073
46,25,0.03846887628868073
46,26,0.03846887628868073
47,0,0.99
47,1,0.9888
47,2,0.03849759999999824
47,3,0.03846951039999823
47,4,0.03846951039999823
47,5,0.03846898830927673
47,6,0.03846889094510229
47,7,0.03846887809303126
47,8,0.03846887839291293
47,9,0.03846887839291293
47,10,0.0384688762887033
47,11,0.0384688762887033
47,12,0.03846887628868073
47,13,0.03846887628868073
47,14,0.03846887628868073
47,15,0.03846887628868073
47,16,0.03846887628868073
47,17,0.03846887628868073
47,18,0.03846887628868073
47,19,0.03846887628868073
47,20,0.03846887628868073
47,21,0.03846887628868073
47,22,0.03846887628868073
47,23,0.03846887628868073
47,24,0.03846887628868073
47,25,0.03846887628868073
47,26,0.03846887628868073
48,0,0.99
48,1,0.9888
48,2,0.03849759999999824
48,3,0.03846951039999823
48,4,0.03846951039999823
48,5,0.03846938619289423
48,6,0.03846889094510229
48,7,0.03846887809303126
48,8,0.03846887839291293
48,9,0.03846887839291293
48,10,0.0384688762887033
48,11,0.0384688762887033
48,12,0.03846887628868073
48,13,0.03846887628868073
48,14,0.03846887628868073
48,15,0.03846887628868073
48,16,0.03846887628868073
48,17,0.03846887628868073
48,18,0.03846887628868073
48,19,0.03846887628868073
48,20,0.03846887628868073
48,21,0.03846887628868073
48,22,0.03846887628868073
48,23,0.03846887628868073
48,24,0.03846887628868073
48,25,0.03846887628868073
48,26,0.03846887628868073
49,0,0.99
49,1,0.9888
49,2,0.03849759999999824
49,3,0.03846951039999823
49,4,0.03846951039999823
49,5,0.03846938619289423
49,6,0.03846889094510229
49,7,0.03846887809303126
49,8,0.03846887839291293
49,9,0.03846887839291293
49,10,0.0384688762887033
49,11,0.0384688762887033
49,12,0.03846887628868073
49,13,0.03846887628868073
49,14,0.03846887628868073
49,15,0.03846887628868073
49,16,0.03846887628868073
49,17,0.03846887628868073
49,18,0.03846887628868073
49,19,0.03846887628868073
49,20,0.03846887628868073
49,21,0.03846887628868073
49,22,0.03846887628868073
49,23,0.03846887628868073
49,24,0.03846887628868073
49,25,0.03846887628868073
49,26,0.03846887628868073
50,0,0.99
50,1,0.9888
50,2,0.03849759999999824
50,3,0.03846951039999823
50,4,0.03846951039999823
50,5,0.03846898830927673
50,6,0.03846889094510229
50,7,0.03846887809303126
50,8,0.03846887839291293
50,9,0.03846887839291293
50,10,0.0384688762887033
50,11,0.0384688762887033
50,12,0.03846887628868073
50,13,0.03846887628868073
50,14,0.03846887628868073
50,15,0.03846887628868073
50,16,0.03846887628868073
50,17,0.03846887628868073
50,18,0.03846887628868073
50,19,0.03846887628868073
50,20,0.03846887628868073
50,21,0.03846887628868073
50,22,0.03846887628868073
50,23,0.03846887628868073
50,24,0.03846887628868073
50,25,0.03846887628868073
50,26,0.03846887628868073
51,0,0.99
51,1,0.9888
51,2,0.03849759999999824
51,3,0.03846951039999823
51,4,0.03846951039999823
51,5,0.03846938619289423
51,6,0.03846889094510229
51,7,0.03846887809303126
51,8,0.03846887839291293
51,9,0.03846887839291293
51,10,0.0384688762887033
51,11,0.0384688762887033
51,12,0.03846887628868073
51,13,0.03846887628868073
51,14,0.03846887628868073
51,15,0.03846887628868073
51,16,0.03846887628868073
51,17,0.03846887628868073
51,18,0.03846887628868073
51,19,0.03846887628868073
51,20,0.03846887628868073
51,21,0.03846887628868073
51,22,0.03846887628868073
51,23,0.03846887628868073
51,24,0.03846887628868073
51,25,0.03846887628868073
51,26,0.03846887628868073
52,0,0.99
52,1,0.9888
52,2,0.03849759999999824
52,3,0.03846951039999823
52,4,0.03846951039999823
52,5,0.03846938619289423
52,6,0.03846889094510229
52,7,0.03846887809303126
52,8,0.03846887839291293
52,9,0.03846887839291293
52,10,0.0384688762887033
52,11,0.0384688762887033
52,12,0.03846887628868073
52,13,0.03846887628868073
52,14,0.03846887628868073
52,15,0.03846887628868073
52,16,0.03846887628868073
52,17,0.03846887628868073
52,18,0.03846887628868073
52,19,0.03846887628868073
52,20,0.03846887628868073
52,21,0.03846887628868073
52,22,0.03846887628868073
52,23,0.03846887628868073
52,24,0.03846887628868073
52,25,0.03846887628868073
52,26,0.03846887628868073
53,0,0.99
53,1,0.9888
53,2,0.03849759999999824
53,3,0.03846951039999823
53,4,0.03846951039999823
53,5,0.03846938619289423
53,6,0.03846889094510229
53,7,0.03846887809303126
53,8,0.03846887839291293
53,9,0.03846887839291293
53,10,0.0384688762887033
53,11,0.0384688762887033
53,12,0.03846887628868073
53,13,0.03846887628868073
53,14,0.03846887628868073
53,15,0.03846887628868073
53,16,0.03846887628868073
53,17,0.03846887628868073
53,18,0.03846887628868073
53,19,0.03846887628868073
53,20,0.03846887628868073
53,21,0.03846887628868073
53,22,0.03846887628868073
53,23,0.03846887628868073
53,24,0.03846887628868073
53,25,0.03846887628868073
53,26,0.03846887628868073
54,0,0.99
54,1,0.9888
54,2,0.03849759999999824
54,3,0.03846951039999823
54,4,0.03846951039999823
54,5,0.03846938619289423
54,6,0.03846889094510229
54,7,0.03846887809303126
54,8,0.03846887839291293
54,9,0.03846887839291293
54,10,0.0384688762887033
54,11,0.0384688762887033
54,12,0.03846887628868073
54,13,0.03846887628868073
54,14,0.03846887628868073
54,15,0.03846887628868073
54,16,0.03846887628868073
54,17,0.03846887628868073
54,18,0.03846887628868073
54,19,0.03846887628868073
54,20,0.03846887628868073
54,21,0.03846887628868073
54,22,0.03846887628868073
54,23,0.03846887628868073
54,24,0.03846887628868073
54,25,0.03846887628868073
54,26,0.03846887628868073
55,0,0.99
55,1,0.9888
55,2,0.03849759999999824
55,3,0.03846951039999823
55,4,0.03846951039999823
55,5,0.03846938619289423
55,6,0.03846889094510229
55,7,0.03846887809303126
55,8,0.03846887839291293
55,9,0.03846887839291293
55,10,0.0384688762887033
55,11,0.0384688762887033
55,12,0.03846887628868073
55,13,0.03846887628868073
55,14,0.03846887628868073
55,15,0.03846887628868073
55,16,0.03846887628868073
55,17,0.03846887628868073
55,18,0.03846887628868073
55,19,0.03846887628868073
55,20,0.03846887628868073
55,21,0.03846887628868073
55,22,0.03846887628868073
55,23,0.03846887628868073
55,24,0.03846887628868073
55,25,0.03846887628868073
55,26,0.03846887628868073
56,0,0.99
56,1,0.9888
56,2,0.03849759999999824
56,3,0.03846951039999823
56,4,0.03846951039999823
56,5,0.03846898830927673
56,6,0.03846889094510229
56,7,0.03846887809303126
56,8,0.03846887839291293
56,9,0.03846887839291293
56,10,0.0384688762887033
56,11,0.0384688762887033
56,12,0.03846887628868073
56,13,0.03846887628868073
56,14,0.03846887628868073
56,15,0.03846887628868073
56,16,0.03846887628868073
56,17,0.03846887628868073
56,18,0.03846887628868073
56,19,0.03846887628868073
56,20,0.03846887628868073
56,21,0.03846887628868073
56,22,0.03846887628868073
56,23,0.03846887628868073
56,24,0.03846887628868073
56,25,0.03846887628868073
56,26,0.03846887628868073
57,0,0.99
57,1,0.9888
57,2,0.03849759999999824
57,3,0.03846951039999823
57,4,0.03846951039999823
57,5,0.03846898830927673
57,6,0.03846889094510229
57,7,0.03846887809303126
57,8,0.03846887839291293
57,9,0.03846887839291293
57,10,0.0384688762887033
57,11,0.0384688762887033
57,12,0.03846887628868073
57,13,0.03846887628868073
57,14,0.03846887628868073
57,15,0.03846887628868073
57,16,0.03846887628868073
57,17,0.03846887628868073
57,18,0.03846887628868073
57,19,0.03846887628868073
57,20,0.03846887628868073
57,21,0.03846887628868073
57,22,0.03846887628868073
57,23,0.03846887628868073
57,24,0.03846887628868073
57,25,0.03846887628868073
57,26,0.03846887628868073
58,0,0.99
58,1,0.9888
58,2,0.03849759999999824
58,3,0.03846951039999823
58,4,0.03846951039999823
58,5,0.03846898830927673
58,6,0.03846889094510229
58,7,0.03846887809303126
58,8,0.03846887839291293
58,9,0.03846887839291293
58,10,0.0384688762887033
58,11,0.0384688762887033
58,12,0.03846887628868073
58,13,0.03846887628868073
58,14,0.03846887628868073
58,15,0.03846887628868073
58,16,0.03846887628868073
58,17,0.03846887628868073
58,18,0.03846887628868073
58,19,0.03846887628868073
58,20,0.03846887628868073
58,21,0.03846887628868073
58,22,0.03846887628868073
58,23,0.03846887628868073
58,24,0.03846887628868073
58,25,0.03846887628868073
58,26,0.03846887628868073
59,0,0.99
59,1,0.9888
59,2,0.03849759999999824
59,3,0.03846951039999823
59,4,0.03846951039999823
59,5,0.03846898830927673
59,6,0.03846889094510229
59,7,0.03846887809303126
59,8,0.03846887839291293
59,9,0.03846887839291293
59,10,0.0384688762887033
59,11,0.0384688762887033
59,12,0.03846887628868073
59,13,0.03846887628868073
59,14,0.03846887628868073
59,15,0.03846887628868073
59,16,0.03846887628868073
59,17,0.03846887628868073
59,18,0.03846887628868073
59,19,0.03846887628868073
59,20,0.03846887628868073
59,21,0.03846887628868073
59,22,0.03846887628868073
59,23,0.03846887628868073
59,24,0.03846887628868073
59,25,0.03846887628868073
59,26,0.03846887628868073
60,0,0.99
60,1,0.9888
60,2,0.03849759999999824
60,3,0.03846951039999823
60,4,0.03846951039999823
60,5,0.03846898830927673
60,6,0.03846889094510229
60,7,0.03846887809303126
60,8,0.03846887839291293
60,9,0.03846887839291293
60,10,0.0384688762887033
60,11,0.0384688762887033
60,12,0.03846887628868073
60,13,0.03846887628868073
60,14,0.03846887628868073
60,15,0.03846887628868073
60,16,0.03846887628868073
60,17,0.03846887628868073
60,18,0.03846887628868073
60,19,0.03846887628868073
60,20,0.03846887628868073
60,21,0.03846887628868073
60,22,0.03846887628868073
60,23,0.03846887628868073
60,24,0.03846887628868073
60,25,0.03846887628868073
60,26,0.03846887628868073
61,0,0.99
61,1,0.9888
61,2,0.03867999999999827
61,3,0.03867593107692135
61,4,0.03867593107692135
61,5,0.03867593107692135
61,6,0.03867593107692135
61,7,0.03867593107692135
61,8,0.03867593107692135
61,9,0.03867593107692135
61,10,0.03867593107692135
61,11,0.03867593107692135
61,12,0.03867593107692135
61,13,0.03867593107692135
61,14,0.03867593107692135
61,15,0.03867593107692135
61,16,0.03867593107692135
61,17,0.03867593107692135
61,18,0.03867593107692135
61,19,0.03867593107692135
61,20,0.03867593107692135
61,21,0.03867593107692135
61,22,0.03867593107692135
61,23,0.03867593107692135
61,24,0.03867593107692135
61,25,0.03867593107692135
61,26,0.03867593107692135
62,0,0.99
62,1,0.9888
62,2,0.03849759999999824
62,3,0.03846951039999823
62,4,0.03846951039999823
62,5,0.03846898830927673
62,6,0.03846889094510229
62,7,0.03846887809303126
62,8,0.03846887839291293
62,9,0.03846887839291293
62,10,0.0384688762887033
62,11,0.0384688762887033
62,12,0.03846887628868073
62,13,0.03846887628868073
62,14,0.03846887628868073
62,15,0.03846887628868073
62,16,0.03846887628868073
62,17,0.03846887628868073
62,18,0.03846887628868073
62,19,0.03846887628868073
62,20,0.03846887628868073
62,21,0.03846887628868073
62,22,0.03846887628868073
62,23,0.03846887628868073
62,24,0.03846887628868073
62,25,0.03846887628868073
62,26,0.03846887628868073
63,0,0.99
63,1,0.9888
63,2,0.03849759999999824
63,3,0.03846951039999823
63,4,0.03846951039999823
63,5,0.03846898830927673
63,6,0.03846889094510229
63,7,0.03846887809303126
63,8,0.03846887839291293
63,9,0.03846887839291293
63,10,0.0384688762887033
63,11,0.0384688762887033
63,12,0.03846887628868073
63,13,0.03846887628868073
63,14,0.03846887628868073
63,15,0.03846887628868073
63,16,0.03846887628868073
63,17,0.03846887628868073
63,18,0.03846887628868073
63,19,0.03846887628868073
63,20,0.03846887628868073
63,21,0.03846887628868073
63,22,0.03846887628868073
63,23,0.03846887628868073
63,24,0.03846887628868073
63,25,0.03846887628868073
63,26,0.03846887628868073
64,0,0.99
64,1,0.9888
64,2,0.03849759999999824
64,3,0.03846951039999823
64,4,0.03846951039999823
64,5,0.03846898830927673
64,6,0.03846889094510229
64,7,0.03846887809303126
64,8,0.03846887839291293
64,9,0.03846887839291293
64,10,0.0384688762887033
64,11,0.0384688762887033
64,12,0.03846887628868073
64,13,0.03846887628868073
64,14,0.03846887628868073
64,15,0.03846887628868073
64,16,0.03846887628868073
64,17,0.03846887628868073
64,18,0.03846887628868073
64,19,0.03846887628868073
64,20,0.03846887628868073
64,21,0.03846887628868073
64,22,0.03846887628868073
64,23,0.03846887628868073
64,24,0.03846887628868073
64,25,0.03846887628868073
64,26,0.03846887628868073
65,0,0.99
65,1,0.9888
65,2,0.03867999999999827
65,3,0.03867593107692135
65,4,0.03867593107692135
65,5,0.03867593107692135
65,6,0.03867593107692135
65,7,0.03867593107692135
65,8,0.03867593107692135
65,9,0.03867593107692135
65,10,0.03867593107692135
65,11,0.03867593107692135
65,12,0.03867593107692135
65,13,0.03867593107692135
65,14,0.03867593107692135
65,15,0.03867593107692135
65,16,0.03867593107692135
65,17,0.03867593107692135
65,18,0.03867593107692135
65,19,0.03867593107692135
65,20,0.03867593107692135
65,21,0.03867593107692135
65,22,0.03867593107692135
65,23,0.03867593107692135
65,24,0.03867593107692135
65,25,0.03867593107692135
65,26,0.03867593107692135
66,0,0.99
66,1,0.9888
66,2,0.03849759999999824
66,3,0.03846951039999823
66,4,0.03846951039999823
66,5,0.03846898830927673
66,6,0.03846889094510229
66,7,0.03846887809303126
66,8,0.03846887839291293
66,9,0.03846887839291293
66,10,0.0384688762887033
66,11,0.0384688762887033
66,12,0.03846887628868073
66,13,0.03846887628868073
66,14,0.03846887628868073
66,15,0.03846887628868073
66,16,0.03846887628868073
66,17,0.03846887628868073
66,18,0.03846887628868073
66,19,0.03846887628868073
66,20,0.03846887628868073
66,21,0.03846887628868073
66,22,0.03846887628868073
66,23,0.03846887628868073
66,24,0.03846887628868073
66,25,0.03846887628868073
66,26,0.03846887628868073
67,0,0.99
67,1,0.9888
67,2,0.03849759999999824
67,3,0.03846951039999823
67,4,0.03846951039999823
67,5,0.03846938619289423
67,6,0.03846889094510229
67,7,0.03846887809303126
67,8,0.03846887839291293
67,9,0.03846887839291293
67,10,0.0384688762887033
67,11,0.0384688762887033
67,12,0.03846887628868073
67,13,0.03846887628868073
67,14,0.03846887628868073
67,15,0.03846887628868073
67,16,0.03846887628868073
67,17,0.03846887628868073
67,18,0.03846887628868073
67,19,0.03846887628868073
67,20,0.03846887628868073
67,21,0.03846887628868073
67,22,0.03846887628868073
67,23,0.03846887628868073
67,24,0.03846887628868073
67,25,0.03846887628868073
67,26,0.03846887628868073
