region,timePeriod,vaccinated
1,0,0.05
1,1,0.99
1,2,0.99
1,3,0.99
1,4,0.99
1,5,0.99
1,6,0.99
1,7,1.915766829418022
1,8,1.915766829418022
1,9,2.860323036603668
1,10,2.860323036603668
1,11,2.860323036603668
1,12,2.860323036603668
1,13,2.860323036603668
1,14,2.860323036603668
1,15,2.860323036603668
1,16,2.860323036603668
1,17,2.860323036603668
1,18,2.860323036603668
1,19,2.860323036603668
1,20,2.860323036603668
1,21,2.860323036603668
1,22,2.860323036603668
1,23,2.860323036603668
1,24,2.860323036603668
1,25,2.860323036603668
1,26,2.860323036603668
2,0,0.05
2,1,0.99
2,2,0.99
2,3,0.99
2,4,0.99
2,5,0.99
2,6,0.99
2,7,1.915766829420422
2,8,1.915766829420422
2,9,2.884896680035573
2,10,2.884896680035573
2,11,2.884896680035573
2,12,2.884896680035573
2,13,2.884896680035573
2,14,2.884896680035573
2,15,2.884896680035573
2,16,2.884896680035573
2,17,2.884896680035573
2,18,2.884896680035573
2,19,2.884896680035573
2,20,2.884896680035573
2,21,2.884896680035573
2,22,2.884896680035573
2,23,2.884896680035573
2,24,2.884896680035573
2,25,2.884896680035573
2,26,2.884896680035573
3,0,0.05
3,1,0.99
3,2,0.99
3,3,0.99
3,4,0.99
3,5,0.99
3,6,0.99
3,7,0.99
3,8,0.99
3,9,0.99
3,10,1.938039686854875
3,11,1.938039686854875
3,12,1.938039686854875
3,13,1.938039686854875
3,14,1.938039686854875
3,15,1.938039686854875
3,16,1.938039686854875
3,17,1.938039686854875
3,18,1.938039686854875
3,19,1.938039686854875
3,20,1.938039686854875
3,21,1.938039686854875
3,22,1.938039686854875
3,23,1.938039686854875
3,24,1.938039686854875
3,25,1.938039686854875
3,26,1.938039686854875
4,0,0.05
4,1,0.05
4,2,0.05
4,3,0.05
4,4,0.05
4,5,0.05
4,6,0.05
4,7,0.05
4,8,0.05
4,9,0.05
4,10,0.05
4,11,0.05
4,12,0.05
4,13,0.05
4,14,0.05
4,15,0.05
4,16,0.05
4,17,0.05
4,18,0.05
4,19,0.05
4,20,0.05
4,21,0.05
4,22,0.05
4,23,0.05
4,24,0.05
4,25,0.05
4,26,0.05
5,0,0.05
5,1,0.99
5,2,0.99
5,3,0.99
5,4,0.99
5,5,0.99
5,6,0.99
5,7,0.99
5,8,1.9327357392636646
5,9,1.9327357392636646
5,10,1.9327357392636646
5,11,1.9327357392636646
5,12,1.9327357392636646
5,13,1.9327357392636646
5,14,1.9327357392636646
5,15,1.9327357392636646
5,16,1.9327357392636646
5,17,1.9327357392636646
5,18,1.9327357392636646
5,19,1.9327357392636646
5,20,1.9327357392636646
5,21,1.9327357392636646
5,22,1.9327357392636646
5,23,1.9327357392636646
5,24,1.9327357392636646
5,25,1.9327357392636646
5,26,1.9327357392636646
6,0,0.05
6,1,0.99
6,2,0.99
6,3,0.99
6,4,0.99
6,5,0.99
6,6,0.99
6,7,0.99
6,8,0.99
6,9,1.914896440518368
6,10,1.914896440518368
6,11,2.856548062985799
6,12,2.856548062985799
6,13,2.856548062985799
6,14,2.856548062985799
6,15,2.856548062985799
6,16,2.856548062985799
6,17,2.856548062985799
6,18,2.856548062985799
6,19,2.856548062985799
6,20,2.856548062985799
6,21,2.856548062985799
6,22,2.856548062985799
6,23,2.856548062985799
6,24,2.856548062985799
6,25,2.856548062985799
6,26,2.856548062985799
7,0,0.05
7,1,0.05
7,2,0.05
7,3,0.050000079999999995
7,4,0.050000079999999995
7,5,0.050000079999999995
7,6,0.050000079999999995
7,7,0.050000079999999995
7,8,0.050000079999999995
7,9,0.050000079999999995
7,10,0.050000079999999995
7,11,0.050000079999999995
7,12,0.050000079999999995
7,13,0.050000079999999995
7,14,0.050000079999999995
7,15,0.050000079999999995
7,16,0.050000079999999995
7,17,0.050000079999999995
7,18,0.050000079999999995
7,19,0.050000079999999995
7,20,0.050000079999999995
7,21,0.050000079999999995
7,22,0.050000079999999995
7,23,0.050000079999999995
7,24,0.050000079999999995
7,25,0.050000079999999995
7,26,0.050000079999999995
8,0,0.05
8,1,0.99
8,2,0.99
8,3,0.99
8,4,0.99
8,5,0.99
8,6,0.99
8,7,0.99
8,8,0.99
8,9,0.99
8,10,0.99
8,11,0.99
8,12,0.99
8,13,0.99
8,14,0.99
8,15,0.99
8,16,0.99
8,17,0.99
8,18,0.99
8,19,0.99
8,20,0.99
8,21,0.99
8,22,0.99
8,23,0.99
8,24,0.99
8,25,0.99
8,26,0.99
9,0,0.05
9,1,0.99
9,2,0.99
9,3,0.99
9,4,0.99
9,5,0.99
9,6,0.99
9,7,0.99
9,8,1.9456042512679947
9,9,1.9456042512679947
9,10,1.9456042512679947
9,11,1.9456042512679947
9,12,1.9456042512679947
9,13,1.9456042512679947
9,14,1.9456042512679947
9,15,1.9456042512679947
9,16,1.9456042512679947
9,17,1.9456042512679947
9,18,1.9456042512679947
9,19,1.9456042512679947
9,20,1.9456042512679947
9,21,1.9456042512679947
9,22,1.9456042512679947
9,23,1.9456042512679947
9,24,1.9456042512679947
9,25,1.9456042512679947
9,26,1.9456042512679947
10,0,0.05
10,1,0.99
10,2,0.99
10,3,0.99
10,4,0.99
10,5,0.99
10,6,0.99
10,7,1.9157668294202819
10,8,1.9157668294202819
10,9,2.8702133415074695
10,10,2.8702133415074695
10,11,2.8702133415074695
10,12,2.8702133415074695
10,13,2.8702133415074695
10,14,2.8702133415074695
10,15,2.8702133415074695
10,16,2.8702133415074695
10,17,2.8702133415074695
10,18,2.8702133415074695
10,19,2.8702133415074695
10,20,2.8702133415074695
10,21,2.8702133415074695
10,22,2.8702133415074695
10,23,2.8702133415074695
10,24,2.8702133415074695
10,25,2.8702133415074695
10,26,2.8702133415074695
11,0,0.05
11,1,0.99
11,2,0.99
11,3,0.99
11,4,0.99
11,5,0.99
11,6,0.99
11,7,0.99
11,8,0.99
11,9,1.9148964405191649
11,10,1.9148964405191649
11,11,2.8643212990480533
11,12,2.8643212990480533
11,13,2.8643212990480533
11,14,2.8643212990480533
11,15,2.8643212990480533
11,16,2.8643212990480533
11,17,2.8643212990480533
11,18,2.8643212990480533
11,19,2.8643212990480533
11,20,2.8643212990480533
11,21,2.8643212990480533
11,22,2.8643212990480533
11,23,2.8643212990480533
11,24,2.8643212990480533
11,25,2.8643212990480533
11,26,2.8643212990480533
12,0,0.05
12,1,0.99
12,2,0.99
12,3,0.99
12,4,0.99
12,5,1.9176217793731503
12,6,1.9176217793731503
12,7,2.935764951658219
12,8,2.935764951658219
12,9,2.935764951658219
12,10,2.935764951658219
12,11,2.935764951658219
12,12,2.935764951658219
12,13,2.935764951658219
12,14,2.935764951658219
12,15,2.935764951658219
12,16,2.935764951658219
12,17,2.935764951658219
12,18,2.935764951658219
12,19,2.935764951658219
12,20,2.935764951658219
12,21,2.935764951658219
12,22,2.935764951658219
12,23,2.935764951658219
12,24,2.935764951658219
12,25,2.935764951658219
12,26,2.935764951658219
13,0,0.05
13,1,0.05
13,2,0.05
13,3,0.04998284
13,4,0.04998284
13,5,0.049981189208
13,6,0.04998088381147999
13,7,0.049980674614863795
13,8,0.049980674614863795
13,9,0.049980654490149316
13,10,0.049980654490149316
13,11,0.049980654490149316
13,12,0.049980654490149316
13,13,0.049980654490149316
13,14,0.049980654490149316
13,15,0.049980654490149316
13,16,0.049980654490149316
13,17,0.049980654490149316
13,18,0.049980654490149316
13,19,0.049980654490149316
13,20,0.049980654490149316
13,21,0.049980654490149316
13,22,0.049980654490149316
13,23,0.049980654490149316
13,24,0.049980654490149316
13,25,0.049980654490149316
13,26,0.049980654490149316
14,0,0.05
14,1,0.0
14,2,0.0
14,3,0.0
14,4,0.0
14,5,0.0
14,6,0.0
14,7,0.0
14,8,0.0
14,9,0.0
14,10,0.0
14,11,0.0
14,12,0.0
14,13,0.0
14,14,0.0
14,15,0.0
14,16,0.0
14,17,0.0
14,18,0.0
14,19,0.0
14,20,0.0
14,21,0.0
14,22,0.0
14,23,0.0
14,24,0.0
14,25,0.0
14,26,0.0
15,0,0.05
15,1,0.99
15,2,0.99
15,3,0.99
15,4,0.99
15,5,0.99
15,6,0.99
15,7,1.9157668294181858
15,8,1.9157668294181858
15,9,2.8580364531144173
15,10,2.8580364531144173
15,11,2.8580364531144173
15,12,2.8580364531144173
15,13,2.8580364531144173
15,14,2.8580364531144173
15,15,2.8580364531144173
15,16,2.8580364531144173
15,17,2.8580364531144173
15,18,2.8580364531144173
15,19,2.8580364531144173
15,20,2.8580364531144173
15,21,2.8580364531144173
15,22,2.8580364531144173
15,23,2.8580364531144173
15,24,2.8580364531144173
15,25,2.8580364531144173
15,26,2.8580364531144173
16,0,0.05
16,1,0.99
16,2,0.99
16,3,0.99
16,4,0.99
16,5,0.99
16,6,0.99
16,7,0.99
16,8,0.99
16,9,1.9148964405214608
16,10,1.9148964405214608
16,11,2.861460436491675
16,12,2.861460436491675
16,13,2.861460436491675
16,14,2.861460436491675
16,15,2.861460436491675
16,16,2.861460436491675
16,17,2.861460436491675
16,18,2.861460436491675
16,19,2.861460436491675
16,20,2.861460436491675
16,21,2.861460436491675
16,22,2.861460436491675
16,23,2.861460436491675
16,24,2.861460436491675
16,25,2.861460436491675
16,26,2.861460436491675
17,0,0.05
17,1,0.99
17,2,0.99
17,3,1.921574999999924
17,4,1.921574999999924
17,5,1.921574999999924
17,6,1.921574999999924
17,7,1.921574999999924
17,8,1.921574999999924
17,9,2.84647144051813
17,10,2.84647144051813
17,11,3.9270682968450346
17,12,3.9270682968450346
17,13,3.9270682968450346
17,14,3.9270682968450346
17,15,3.9270682968450346
17,16,3.9270682968450346
17,17,3.9270682968450346
17,18,3.9270682968450346
17,19,3.9270682968450346
17,20,3.9270682968450346
17,21,3.9270682968450346
17,22,3.9270682968450346
17,23,3.9270682968450346
17,24,3.9270682968450346
17,25,3.9270682968450346
17,26,3.9270682968450346
18,0,0.05
18,1,0.05
18,2,0.05
18,3,0.050000079999999995
18,4,0.050000079999999995
18,5,0.050000079999999995
18,6,0.050000079999999995
18,7,0.050000079999999995
18,8,0.050000079999999995
18,9,0.050000079999999995
18,10,0.050000079999999995
18,11,0.050000079999999995
18,12,0.050000079999999995
18,13,0.050000079999999995
18,14,0.050000079999999995
18,15,0.050000079999999995
18,16,0.050000079999999995
18,17,0.050000079999999995
18,18,0.050000079999999995
18,19,0.050000079999999995
18,20,0.050000079999999995
18,21,0.050000079999999995
18,22,0.050000079999999995
18,23,0.050000079999999995
18,24,0.050000079999999995
18,25,0.050000079999999995
18,26,0.050000079999999995
19,0,0.05
19,1,0.99
19,2,0.99
19,3,0.99
19,4,0.99
19,5,0.99
19,6,0.99
19,7,0.99
19,8,0.99
19,9,0.99
19,10,1.939581084058465
19,11,1.939581084058465
19,12,1.939581084058465
19,13,1.939581084058465
19,14,1.939581084058465
19,15,1.939581084058465
19,16,1.939581084058465
19,17,1.939581084058465
19,18,1.939581084058465
19,19,1.939581084058465
19,20,1.939581084058465
19,21,1.939581084058465
19,22,1.939581084058465
19,23,1.939581084058465
19,24,1.939581084058465
19,25,1.939581084058465
19,26,1.939581084058465
20,0,0.05
20,1,0.0
20,2,0.0
20,3,0.0
20,4,0.0
20,5,0.0
20,6,0.0
20,7,0.0
20,8,0.0
20,9,0.0
20,10,0.0
20,11,0.0
20,12,0.0
20,13,0.0
20,14,0.0
20,15,0.0
20,16,0.0
20,17,0.0
20,18,0.0
20,19,0.0
20,20,0.0
20,21,0.0
20,22,0.0
20,23,0.0
20,24,0.0
20,25,0.0
20,26,0.0
21,0,0.05
21,1,0.0
21,2,0.0
21,3,0.0
21,4,0.0
21,5,0.0
21,6,0.0
21,7,0.0
21,8,0.0
21,9,0.0
21,10,0.0
21,11,0.0
21,12,0.0
21,13,0.0
21,14,0.0
21,15,0.0
21,16,0.0
21,17,0.0
21,18,0.0
21,19,0.0
21,20,0.0
21,21,0.0
21,22,0.0
21,23,0.0
21,24,0.0
21,25,0.0
21,26,0.0
22,0,0.05
22,1,0.05
22,2,0.05
22,3,0.05
22,4,0.05
22,5,0.05
22,6,0.05
22,7,0.05
22,8,0.05
22,9,0.05
22,10,0.05
22,11,0.05
22,12,0.05
22,13,0.05
22,14,0.05
22,15,0.05
22,16,0.05
22,17,0.05
22,18,0.05
22,19,0.05
22,20,0.05
22,21,0.05
22,22,0.05
22,23,0.05
22,24,0.05
22,25,0.05
22,26,0.05
23,0,0.05
23,1,0.0
23,2,0.0
23,3,0.0
23,4,0.0
23,5,0.0
23,6,0.0
23,7,0.0
23,8,0.0
23,9,0.0
23,10,0.0
23,11,0.0
23,12,0.0
23,13,0.0
23,14,0.0
23,15,0.0
23,16,0.0
23,17,0.0
23,18,0.0
23,19,0.0
23,20,0.0
23,21,0.0
23,22,0.0
23,23,0.0
23,24,0.0
23,25,0.0
23,26,0.0
24,0,0.05
24,1,0.05
24,2,0.05
24,3,0.05
24,4,0.05
24,5,0.05
24,6,0.05
24,7,0.05
24,8,0.05
24,9,0.05
24,10,0.05
24,11,0.05
24,12,0.05
24,13,0.05
24,14,0.05
24,15,0.05
24,16,0.05
24,17,0.05
24,18,0.05
24,19,0.05
24,20,0.05
24,21,0.05
24,22,0.05
24,23,0.05
24,24,0.05
24,25,0.05
24,26,0.05
25,0,0.05
25,1,0.048350000000000004
25,2,0.047219750000000005
25,3,0.04644552874985677
25,4,0.04591518719358314
25,5,0.045551903227535696
25,6,0.04530305370942407
25,7,0.04530305370942407
25,8,0.04530305370942407
25,9,0.04525696080647388
25,10,0.04522538716795299
25,11,0.04520375922556619
25,12,0.04518894408503123
25,13,0.04518894408503123
25,14,0.04518366693197267
25,15,0.04518005208212756
25,16,0.04518005208212756
25,17,0.04517876447261273
25,18,0.045177882460095076
25,19,0.04517727828152048
25,20,0.04517727828152048
25,21,0.04517727828152048
25,22,0.04517727828152048
25,23,0.04517727828152048
25,24,0.04517727828152048
25,25,0.04517727828152048
25,26,0.04517727828152048
26,0,0.05
26,1,0.99
26,2,0.99
26,3,0.99
26,4,0.99
26,5,0.99
26,6,0.99
26,7,0.99
26,8,1.9364662601127605
26,9,1.9364662601127605
26,10,1.9364662601127605
26,11,1.9364662601127605
26,12,1.9364662601127605
26,13,1.9364662601127605
26,14,1.9364662601127605
26,15,1.9364662601127605
26,16,1.9364662601127605
26,17,1.9364662601127605
26,18,1.9364662601127605
26,19,1.9364662601127605
26,20,1.9364662601127605
26,21,1.9364662601127605
26,22,1.9364662601127605
26,23,1.9364662601127605
26,24,1.9364662601127605
26,25,1.9364662601127605
26,26,1.9364662601127605
27,0,0.05
27,1,0.99
27,2,0.99
27,3,0.99
27,4,0.99
27,5,0.99
27,6,0.99
27,7,1.915766829419107
27,8,1.915766829419107
27,9,2.889402432775356
27,10,2.889402432775356
27,11,2.889402432775356
27,12,2.889402432775356
27,13,2.889402432775356
27,14,2.889402432775356
27,15,2.889402432775356
27,16,2.889402432775356
27,17,2.889402432775356
27,18,2.889402432775356
27,19,2.889402432775356
27,20,2.889402432775356
27,21,2.889402432775356
27,22,2.889402432775356
27,23,2.889402432775356
27,24,2.889402432775356
27,25,2.889402432775356
27,26,2.889402432775356
28,0,0.05
28,1,0.99
28,2,0.99
28,3,0.99
28,4,0.99
28,5,0.99
28,6,0.99
28,7,0.99
28,8,1.9310759334614804
28,9,1.9310759334614804
28,10,1.9310759334614804
28,11,1.9310759334614804
28,12,1.9310759334614804
28,13,1.9310759334614804
28,14,1.9310759334614804
28,15,1.9310759334614804
28,16,1.9310759334614804
28,17,1.9310759334614804
28,18,1.9310759334614804
28,19,1.9310759334614804
28,20,1.9310759334614804
28,21,1.9310759334614804
28,22,1.9310759334614804
28,23,1.9310759334614804
28,24,1.9310759334614804
28,25,1.9310759334614804
28,26,1.9310759334614804
29,0,0.05
29,1,0.05
29,2,0.05
29,3,0.05
29,4,0.05
29,5,0.05
29,6,0.05
29,7,0.05
29,8,0.05
29,9,0.05
29,10,0.05
29,11,0.05
29,12,0.05
29,13,0.05
29,14,0.05
29,15,0.05
29,16,0.05
29,17,0.05
29,18,0.05
29,19,0.05
29,20,0.05
29,21,0.05
29,22,0.05
29,23,0.05
29,24,0.05
29,25,0.05
29,26,0.05
30,0,0.05
30,1,0.99
30,2,0.99
30,3,0.99
30,4,0.99
30,5,0.99
30,6,0.99
30,7,0.99
30,8,1.941117683445062
30,9,1.941117683445062
30,10,1.941117683445062
30,11,1.941117683445062
30,12,1.941117683445062
30,13,1.941117683445062
30,14,1.941117683445062
30,15,1.941117683445062
30,16,1.941117683445062
30,17,1.941117683445062
30,18,1.941117683445062
30,19,1.941117683445062
30,20,1.941117683445062
30,21,1.941117683445062
30,22,1.941117683445062
30,23,1.941117683445062
30,24,1.941117683445062
30,25,1.941117683445062
30,26,1.941117683445062
31,0,0.05
31,1,0.05
31,2,0.05
31,3,0.04998283999999999
31,4,0.04998283999999999
31,5,0.04998118920799999
31,6,0.049981189208
31,7,0.0499810304018096
31,8,0.0499810304018096
31,9,0.04998101512465408
31,10,0.04998101512465408
31,11,0.04998101365499172
31,12,0.04998101365499172
31,13,0.04998101365499172
31,14,0.04998101365499172
31,15,0.04998101365499172
31,16,0.04998101365499172
31,17,0.04998101365499172
31,18,0.04998101365499172
31,19,0.04998101365499172
31,20,0.04998101365499172
31,21,0.04998101365499172
31,22,0.04998101365499172
31,23,0.04998101365499172
31,24,0.04998101365499172
31,25,0.04998101365499172
31,26,0.04998101365499172
32,0,0.05
32,1,0.0
32,2,0.0
32,3,0.0
32,4,0.0
32,5,0.0
32,6,0.0
32,7,0.0
32,8,0.0
32,9,0.0
32,10,0.0
32,11,0.0
32,12,0.0
32,13,0.0
32,14,0.0
32,15,0.0
32,16,0.0
32,17,0.0
32,18,0.0
32,19,0.0
32,20,0.0
32,21,0.0
32,22,0.0
32,23,0.0
32,24,0.0
32,25,0.0
32,26,0.0
33,0,0.05
33,1,0.0
33,2,0.0
33,3,0.0
33,4,0.0
33,5,0.0
33,6,0.0
33,7,0.0
33,8,0.0
33,9,0.0
33,10,0.0
33,11,0.0
33,12,0.0
33,13,0.0
33,14,0.0
33,15,0.0
33,16,0.0
33,17,0.0
33,18,0.0
33,19,0.0
33,20,0.0
33,21,0.0
33,22,0.0
33,23,0.0
33,24,0.0
33,25,0.0
33,26,0.0
34,0,0.05
34,1,0.99
34,2,0.99
34,3,0.99
34,4,0.99
34,5,0.99
34,6,0.99
34,7,0.99
34,8,1.9344121114333723
34,9,1.9344121114333723
34,10,1.9344121114333723
34,11,1.9344121114333723
34,12,1.9344121114333723
34,13,1.9344121114333723
34,14,1.9344121114333723
34,15,1.9344121114333723
34,16,1.9344121114333723
34,17,1.9344121114333723
34,18,1.9344121114333723
34,19,1.9344121114333723
34,20,1.9344121114333723
34,21,1.9344121114333723
34,22,1.9344121114333723
34,23,1.9344121114333723
34,24,1.9344121114333723
34,25,1.9344121114333723
34,26,1.9344121114333723
35,0,0.05
35,1,0.99
35,2,0.99
35,3,0.99
35,4,0.99
35,5,0.99
35,6,0.99
35,7,0.99
35,8,1.9322413505649167
35,9,1.9322413505649167
35,10,1.9322413505649167
35,11,1.9322413505649167
35,12,1.9322413505649167
35,13,1.9322413505649167
35,14,1.9322413505649167
35,15,1.9322413505649167
35,16,1.9322413505649167
35,17,1.9322413505649167
35,18,1.9322413505649167
35,19,1.9322413505649167
35,20,1.9322413505649167
35,21,1.9322413505649167
35,22,1.9322413505649167
35,23,1.9322413505649167
35,24,1.9322413505649167
35,25,1.9322413505649167
35,26,1.9322413505649167
36,0,0.05
36,1,0.99
36,2,0.99
36,3,0.99
36,4,0.99
36,5,0.99
36,6,0.99
36,7,0.99
36,8,0.99
36,9,0.99
36,10,1.9351301658744091
36,11,1.9351301658744091
36,12,1.9351301658744091
36,13,1.9351301658744091
36,14,1.9351301658744091
36,15,1.9351301658744091
36,16,1.9351301658744091
36,17,1.9351301658744091
36,18,1.9351301658744091
36,19,1.9351301658744091
36,20,1.9351301658744091
36,21,1.9351301658744091
36,22,1.9351301658744091
36,23,1.9351301658744091
36,24,1.9351301658744091
36,25,1.9351301658744091
36,26,1.9351301658744091
37,0,0.05
37,1,0.0
37,2,0.0
37,3,0.0
37,4,0.0
37,5,0.0
37,6,0.0
37,7,0.0
37,8,0.0
37,9,0.0
37,10,0.0
37,11,0.0
37,12,0.0
37,13,0.0
37,14,0.0
37,15,0.0
37,16,0.0
37,17,0.0
37,18,0.0
37,19,0.0
37,20,0.0
37,21,0.0
37,22,0.0
37,23,0.0
37,24,0.0
37,25,0.0
37,26,0.0
38,0,0.05
38,1,0.0
38,2,0.0
38,3,0.0
38,4,0.0
38,5,0.0
38,6,0.0
38,7,0.0
38,8,0.0
38,9,0.0
38,10,0.0
38,11,0.0
38,12,0.0
38,13,0.0
38,14,0.0
38,15,0.0
38,16,0.0
38,17,0.0
38,18,0.0
38,19,0.0
38,20,0.0
38,21,0.0
38,22,0.0
38,23,0.0
38,24,0.0
38,25,0.0
38,26,0.0
39,0,0.05
39,1,0.05
39,2,0.05
39,3,0.05
39,4,0.05
39,5,0.05
39,6,0.05
39,7,0.05
39,8,0.05
39,9,0.05
39,10,0.05
39,11,0.05
39,12,0.05
39,13,0.05
39,14,0.05
39,15,0.05
39,16,0.05
39,17,0.05
39,18,0.05
39,19,0.05
39,20,0.05
39,21,0.05
39,22,0.05
39,23,0.05
39,24,0.05
39,25,0.05
39,26,0.05
40,0,0.05
40,1,0.99
40,2,0.99
40,3,0.99
40,4,0.99
40,5,0.99
40,6,0.99
40,7,0.99
40,8,1.9353546014291085
40,9,1.9353546014291085
40,10,1.9353546014291085
40,11,1.9353546014291085
40,12,1.9353546014291085
40,13,1.9353546014291085
40,14,1.9353546014291085
40,15,1.9353546014291085
40,16,1.9353546014291085
40,17,1.9353546014291085
40,18,1.9353546014291085
40,19,1.9353546014291085
40,20,1.9353546014291085
40,21,1.9353546014291085
40,22,1.9353546014291085
40,23,1.9353546014291085
40,24,1.9353546014291085
40,25,1.9353546014291085
40,26,1.9353546014291085
41,0,0.05
41,1,0.99
41,2,0.99
41,3,0.99
41,4,0.99
41,5,0.99
41,6,0.99
41,7,0.99
41,8,1.9345986024512303
41,9,1.9345986024512303
41,10,1.9345986024512303
41,11,1.9345986024512303
41,12,1.9345986024512303
41,13,1.9345986024512303
41,14,1.9345986024512303
41,15,1.9345986024512303
41,16,1.9345986024512303
41,17,1.9345986024512303
41,18,1.9345986024512303
41,19,1.9345986024512303
41,20,1.9345986024512303
41,21,1.9345986024512303
41,22,1.9345986024512303
41,23,1.9345986024512303
41,24,1.9345986024512303
41,25,1.9345986024512303
41,26,1.9345986024512303
42,0,0.05
42,1,0.99
42,2,0.99
42,3,0.99
42,4,0.99
42,5,0.99
42,6,0.99
42,7,0.99
42,8,0.99
42,9,0.99
42,10,0.99
42,11,0.99
42,12,1.9406709063564989
42,13,1.9406709063564989
42,14,1.9406709063564989
42,15,1.9406709063564989
42,16,1.9406709063564989
42,17,1.9406709063564989
42,18,1.9406709063564989
42,19,1.9406709063564989
42,20,1.9406709063564989
42,21,1.9406709063564989
42,22,1.9406709063564989
42,23,1.9406709063564989
42,24,1.9406709063564989
42,25,1.9406709063564989
42,26,1.9406709063564989
43,0,0.05
43,1,0.99
43,2,0.99
43,3,0.99
43,4,0.99
43,5,0.99
43,6,0.99
43,7,0.99
43,8,0.99
43,9,1.9148964405206432
43,10,1.9148964405206432
43,11,2.85586684113987
43,12,2.85586684113987
43,13,2.85586684113987
43,14,2.85586684113987
43,15,2.85586684113987
43,16,2.85586684113987
43,17,2.85586684113987
43,18,2.85586684113987
43,19,2.85586684113987
43,20,2.85586684113987
43,21,2.85586684113987
43,22,2.85586684113987
43,23,2.85586684113987
43,24,2.85586684113987
43,25,2.85586684113987
43,26,2.85586684113987
44,0,0.05
44,1,0.99
44,2,1.9671541501976284
44,3,1.9671541501976284
44,4,1.9671541501976284
44,5,1.9671541501976284
44,6,1.9671541501976284
44,7,2.89292097961604
44,8,2.89292097961604
44,9,2.89292097961604
44,10,2.89292097961604
44,11,2.89292097961604
44,12,2.89292097961604
44,13,2.89292097961604
44,14,2.89292097961604
44,15,2.89292097961604
44,16,2.89292097961604
44,17,2.89292097961604
44,18,2.89292097961604
44,19,2.89292097961604
44,20,2.89292097961604
44,21,2.89292097961604
44,22,2.89292097961604
44,23,2.89292097961604
44,24,2.89292097961604
44,25,2.89292097961604
44,26,2.89292097961604
45,0,0.05
45,1,0.05
45,2,0.05
45,3,0.04998284
45,4,0.04998284
45,5,0.049981189208
45,6,0.049981189208000015
45,7,0.049981030401809616
45,8,0.049981030401809616
45,9,0.049981015124654096
45,10,0.049981015124654096
45,11,0.04998101365499173
45,12,0.04998101365499173
45,13,0.04998101365499173
45,14,0.04998101365499173
45,15,0.04998101365499173
45,16,0.04998101365499173
45,17,0.04998101365499173
45,18,0.04998101365499173
45,19,0.04998101365499173
45,20,0.04998101365499173
45,21,0.04998101365499173
45,22,0.04998101365499173
45,23,0.04998101365499173
45,24,0.04998101365499173
45,25,0.04998101365499173
45,26,0.04998101365499173
46,0,0.05
46,1,0.99
46,2,0.99
46,3,0.99
46,4,0.99
46,5,0.99
46,6,0.99
46,7,0.99
46,8,0.99
46,9,0.99
46,10,0.99
46,11,0.99
46,12,1.940219614559339
46,13,1.940219614559339
46,14,1.940219614559339
46,15,1.940219614559339
46,16,1.940219614559339
46,17,1.940219614559339
46,18,1.940219614559339
46,19,1.940219614559339
46,20,1.940219614559339
46,21,1.940219614559339
46,22,1.940219614559339
46,23,1.940219614559339
46,24,1.940219614559339
46,25,1.940219614559339
46,26,1.940219614559339
47,0,0.05
47,1,0.05
47,2,0.05
47,3,0.04998284
47,4,0.04998284
47,5,0.049981189208
47,6,0.049981189207999994
47,7,0.049981030401809595
47,8,0.049981001022664374
47,9,0.049980980897949896
47,10,0.0499809808979499
47,11,0.049980973729526604
47,12,0.049980973729526604
47,13,0.049980973729526604
47,14,0.049980973729526604
47,15,0.049980973729526604
47,16,0.049980973729526604
47,17,0.049980973729526604
47,18,0.049980973729526604
47,19,0.049980973729526604
47,20,0.049980973729526604
47,21,0.049980973729526604
47,22,0.049980973729526604
47,23,0.049980973729526604
47,24,0.049980973729526604
47,25,0.049980973729526604
47,26,0.049980973729526604
48,0,0.05
48,1,0.99
48,2,0.99
48,3,0.99
48,4,0.99
48,5,0.99
48,6,0.99
48,7,0.99
48,8,1.930885656171293
48,9,1.930885656171293
48,10,1.930885656171293
48,11,1.930885656171293
48,12,1.930885656171293
48,13,1.930885656171293
48,14,1.930885656171293
48,15,1.930885656171293
48,16,1.930885656171293
48,17,1.930885656171293
48,18,1.930885656171293
48,19,1.930885656171293
48,20,1.930885656171293
48,21,1.930885656171293
48,22,1.930885656171293
48,23,1.930885656171293
48,24,1.930885656171293
48,25,1.930885656171293
48,26,1.930885656171293
49,0,0.05
49,1,0.99
49,2,0.99
49,3,0.99
49,4,0.99
49,5,0.99
49,6,0.99
49,7,0.99
49,8,0.99
49,9,1.9148964405217295
49,10,1.9148964405217295
49,11,2.862107951945866
49,12,2.862107951945866
49,13,2.862107951945866
49,14,2.862107951945866
49,15,2.862107951945866
49,16,2.862107951945866
49,17,2.862107951945866
49,18,2.862107951945866
49,19,2.862107951945866
49,20,2.862107951945866
49,21,2.862107951945866
49,22,2.862107951945866
49,23,2.862107951945866
49,24,2.862107951945866
49,25,2.862107951945866
49,26,2.862107951945866
50,0,0.05
50,1,0.99
50,2,0.99
50,3,0.99
50,4,0.99
50,5,0.99
50,6,0.99
50,7,0.99
50,8,0.99
50,9,1.914896440518738
50,10,1.914896440518738
50,11,2.857124246596036
50,12,2.857124246596036
50,13,2.857124246596036
50,14,2.857124246596036
50,15,2.857124246596036
50,16,2.857124246596036
50,17,2.857124246596036
50,18,2.857124246596036
50,19,2.857124246596036
50,20,2.857124246596036
50,21,2.857124246596036
50,22,2.857124246596036
50,23,2.857124246596036
50,24,2.857124246596036
50,25,2.857124246596036
50,26,2.857124246596036
51,0,0.05
51,1,0.99
51,2,0.99
51,3,0.99
51,4,0.99
51,5,0.99
51,6,0.99
51,7,0.99
51,8,0.99
51,9,1.9148964405219269
51,10,1.9148964405219269
51,11,2.8611291764574167
51,12,2.8611291764574167
51,13,2.8611291764574167
51,14,2.8611291764574167
51,15,2.8611291764574167
51,16,2.8611291764574167
51,17,2.8611291764574167
51,18,2.8611291764574167
51,19,2.8611291764574167
51,20,2.8611291764574167
51,21,2.8611291764574167
51,22,2.8611291764574167
51,23,2.8611291764574167
51,24,2.8611291764574167
51,25,2.8611291764574167
51,26,2.8611291764574167
52,0,0.05
52,1,0.99
52,2,0.99
52,3,0.99
52,4,0.99
52,5,0.99
52,6,0.99
52,7,0.99
52,8,1.931399496808691
52,9,1.931399496808691
52,10,1.931399496808691
52,11,1.931399496808691
52,12,1.931399496808691
52,13,1.931399496808691
52,14,1.931399496808691
52,15,1.931399496808691
52,16,1.931399496808691
52,17,1.931399496808691
52,18,1.931399496808691
52,19,1.931399496808691
52,20,1.931399496808691
52,21,1.931399496808691
52,22,1.931399496808691
52,23,1.931399496808691
52,24,1.931399496808691
52,25,1.931399496808691
52,26,1.931399496808691
53,0,0.05
53,1,0.99
53,2,0.99
53,3,0.99
53,4,0.99
53,5,0.99
53,6,0.99
53,7,0.99
53,8,1.9327376514765477
53,9,1.9327376514765477
53,10,1.9327376514765477
53,11,1.9327376514765477
53,12,1.9327376514765477
53,13,1.9327376514765477
53,14,1.9327376514765477
53,15,1.9327376514765477
53,16,1.9327376514765477
53,17,1.9327376514765477
53,18,1.9327376514765477
53,19,1.9327376514765477
53,20,1.9327376514765477
53,21,1.9327376514765477
53,22,1.9327376514765477
53,23,1.9327376514765477
53,24,1.9327376514765477
53,25,1.9327376514765477
53,26,1.9327376514765477
54,0,0.05
54,1,0.05
54,2,0.05
54,3,0.05
54,4,0.05
54,5,0.05
54,6,0.05
54,7,0.05
54,8,0.05
54,9,0.05
54,10,0.05
54,11,0.05
54,12,0.05
54,13,0.05
54,14,0.05
54,15,0.05
54,16,0.05
54,17,0.05
54,18,0.05
54,19,0.05
54,20,0.05
54,21,0.05
54,22,0.05
54,23,0.05
54,24,0.05
54,25,0.05
54,26,0.05
55,0,0.05
55,1,0.99
55,2,0.99
55,3,0.99
55,4,0.99
55,5,0.99
55,6,0.99
55,7,0.99
55,8,0.99
55,9,0.99
55,10,0.99
55,11,0.99
55,12,1.945886430533581
55,13,1.945886430533581
55,14,1.945886430533581
55,15,1.945886430533581
55,16,1.945886430533581
55,17,1.945886430533581
55,18,1.945886430533581
55,19,1.945886430533581
55,20,1.945886430533581
55,21,1.945886430533581
55,22,1.945886430533581
55,23,1.945886430533581
55,24,1.945886430533581
55,25,1.945886430533581
55,26,1.945886430533581
56,0,0.05
56,1,0.99
56,2,0.99
56,3,0.99
56,4,0.99
56,5,0.99
56,6,0.99
56,7,0.99
56,8,0.99
56,9,1.9148964405235
56,10,1.9148964405235
56,11,2.862080726122743
56,12,2.862080726122743
56,13,2.862080726122743
56,14,2.862080726122743
56,15,2.862080726122743
56,16,2.862080726122743
56,17,2.862080726122743
56,18,2.862080726122743
56,19,2.862080726122743
56,20,2.862080726122743
56,21,2.862080726122743
56,22,2.862080726122743
56,23,2.862080726122743
56,24,2.862080726122743
56,25,2.862080726122743
56,26,2.862080726122743
57,0,0.05
57,1,0.99
57,2,0.99
57,3,0.99
57,4,0.99
57,5,0.99
57,6,0.99
57,7,0.99
57,8,1.934693430799121
57,9,1.934693430799121
57,10,1.934693430799121
57,11,1.934693430799121
57,12,1.934693430799121
57,13,1.934693430799121
57,14,1.934693430799121
57,15,1.934693430799121
57,16,1.934693430799121
57,17,1.934693430799121
57,18,1.934693430799121
57,19,1.934693430799121
57,20,1.934693430799121
57,21,1.934693430799121
57,22,1.934693430799121
57,23,1.934693430799121
57,24,1.934693430799121
57,25,1.934693430799121
57,26,1.934693430799121
58,0,0.05
58,1,0.99
58,2,0.99
58,3,0.99
58,4,0.99
58,5,0.99
58,6,0.99
58,7,1.9157668294201107
58,8,1.9157668294201107
58,9,2.88555238065964
58,10,2.88555238065964
58,11,2.88555238065964
58,12,2.88555238065964
58,13,2.88555238065964
58,14,2.88555238065964
58,15,2.88555238065964
58,16,2.88555238065964
58,17,2.88555238065964
58,18,2.88555238065964
58,19,2.88555238065964
58,20,2.88555238065964
58,21,2.88555238065964
58,22,2.88555238065964
58,23,2.88555238065964
58,24,2.88555238065964
58,25,2.88555238065964
58,26,2.88555238065964
59,0,0.05
59,1,0.99
59,2,0.99
59,3,0.99
59,4,0.99
59,5,0.99
59,6,0.99
59,7,0.99
59,8,1.9350197602243728
59,9,1.9350197602243728
59,10,1.9350197602243728
59,11,1.9350197602243728
59,12,1.9350197602243728
59,13,1.9350197602243728
59,14,1.9350197602243728
59,15,1.9350197602243728
59,16,1.9350197602243728
59,17,1.9350197602243728
59,18,1.9350197602243728
59,19,1.9350197602243728
59,20,1.9350197602243728
59,21,1.9350197602243728
59,22,1.9350197602243728
59,23,1.9350197602243728
59,24,1.9350197602243728
59,25,1.9350197602243728
59,26,1.9350197602243728
60,0,0.05
60,1,0.99
60,2,0.99
60,3,0.99
60,4,0.99
60,5,0.99
60,6,0.99
60,7,0.99
60,8,1.941370510853659
60,9,1.941370510853659
60,10,1.941370510853659
60,11,1.941370510853659
60,12,1.941370510853659
60,13,1.941370510853659
60,14,1.941370510853659
60,15,1.941370510853659
60,16,1.941370510853659
60,17,1.941370510853659
60,18,1.941370510853659
60,19,1.941370510853659
60,20,1.941370510853659
60,21,1.941370510853659
60,22,1.941370510853659
60,23,1.941370510853659
60,24,1.941370510853659
60,25,1.941370510853659
60,26,1.941370510853659
61,0,0.05
61,1,0.0
61,2,0.0
61,3,0.0
61,4,0.0
61,5,0.0
61,6,0.0
61,7,0.0
61,8,0.0
61,9,0.0
61,10,0.0
61,11,0.0
61,12,0.0
61,13,0.0
61,14,0.0
61,15,0.0
61,16,0.0
61,17,0.0
61,18,0.0
61,19,0.0
61,20,0.0
61,21,0.0
61,22,0.0
61,23,0.0
61,24,0.0
61,25,0.0
61,26,0.0
62,0,0.05
62,1,0.05
62,2,0.05
62,3,0.05000008
62,4,0.05000008
62,5,0.05000008
62,6,0.05000008
62,7,0.05000008
62,8,0.05000008
62,9,0.05000008
62,10,0.05000008
62,11,0.05000008
62,12,0.05000008
62,13,0.05000008
62,14,0.05000008
62,15,0.05000008
62,16,0.05000008
62,17,0.05000008
62,18,0.05000008
62,19,0.05000008
62,20,0.05000008
62,21,0.05000008
62,22,0.05000008
62,23,0.05000008
62,24,0.05000008
62,25,0.05000008
62,26,0.04999995124865005
63,0,0.05
63,1,0.05
63,2,0.05
63,3,0.04998284
63,4,0.04998284
63,5,0.049981189208
63,6,0.04998088381148
63,7,0.0499806746148638
63,8,0.0499806746148638
63,9,0.04998065449014932
63,10,0.04998065449014932
63,11,0.04998065449014932
63,12,0.04998065449014932
63,13,0.04998065449014932
63,14,0.04998065449014932
63,15,0.04998065449014932
63,16,0.04998065449014932
63,17,0.04998065449014932
63,18,0.04998065449014932
63,19,0.04998065449014932
63,20,0.04998065449014932
63,21,0.04998065449014932
63,22,0.04998065449014932
63,23,0.04998065449014932
63,24,0.04998065449014932
63,25,0.04998065449014932
63,26,0.04998065449014932
64,0,0.05
64,1,0.99
64,2,0.99
64,3,0.99
64,4,0.99
64,5,0.99
64,6,0.99
64,7,0.99
64,8,1.9327560325179998
64,9,1.9327560325179998
64,10,1.9327560325179998
64,11,1.9327560325179998
64,12,1.9327560325179998
64,13,1.9327560325179998
64,14,1.9327560325179998
64,15,1.9327560325179998
64,16,1.9327560325179998
64,17,1.9327560325179998
64,18,1.9327560325179998
64,19,1.9327560325179998
64,20,1.9327560325179998
64,21,1.9327560325179998
64,22,1.9327560325179998
64,23,1.9327560325179998
64,24,1.9327560325179998
64,25,1.9327560325179998
64,26,1.9327560325179998
65,0,0.05
65,1,0.0
65,2,0.0
65,3,0.0
65,4,0.0
65,5,0.0
65,6,0.0
65,7,0.0
65,8,0.0
65,9,0.0
65,10,0.0
65,11,0.0
65,12,0.0
65,13,0.0
65,14,0.0
65,15,0.0
65,16,0.0
65,17,0.0
65,18,0.0
65,19,0.0
65,20,0.0
65,21,0.0
65,22,0.0
65,23,0.0
65,24,0.0
65,25,0.0
65,26,0.0
66,0,0.05
66,1,0.99
66,2,0.99
66,3,1.9215749999999596
66,4,1.9215749999999596
66,5,1.9215749999999596
66,6,1.9215749999999596
66,7,1.9215749999999596
66,8,1.9215749999999596
66,9,2.8464714405200247
66,10,2.8464714405200247
66,11,3.915163178913399
66,12,3.915163178913399
66,13,3.915163178913399
66,14,3.915163178913399
66,15,3.915163178913399
66,16,3.915163178913399
66,17,3.915163178913399
66,18,3.915163178913399
66,19,3.915163178913399
66,20,3.915163178913399
66,21,3.915163178913399
66,22,3.915163178913399
66,23,3.915163178913399
66,24,3.915163178913399
66,25,3.915163178913399
66,26,3.915163178913399
67,0,0.05
67,1,0.05
67,2,0.05
67,3,0.04998284
67,4,0.04998284000000001
67,5,0.04997672760800001
67,6,0.049972540619480005
67,7,0.04996967253234381
67,8,0.049967707892655505
67,9,0.049967707892655505
67,10,0.049967707892655505
67,11,0.04996734399423388
67,12,0.04996734399423388
67,13,0.04996734399423388
67,14,0.04996734399423388
67,15,0.04996734399423388
67,16,0.04996734399423388
67,17,0.04996734399423388
67,18,0.04996734399423388
67,19,0.04996734399423388
67,20,0.04996734399423388
67,21,0.04996734399423388
67,22,0.04996734399423388
67,23,0.04996734399423388
67,24,0.04996734399423388
67,25,0.04996734399423388
67,26,0.04996734399423388
