region,timePeriod,allocatedVaccines
1,0,0.950120000000002
1,1,0.9501382400000027
1,2,0.9501410124800038
1,3,0.9501414338969654
1,4,0.950168804711329
1,5,0.9501977951870719
1,6,0.950226850484412
1,7,0.9502559079430497
1,8,0.9502849654665364
1,9,0.9503140229918394
1,10,0.9503430805171909
1,11,0.9503721380425432
1,12,0.9504011955678959
1,13,0.9504302530932487
1,14,0.9504593106186014
1,15,0.9504883681439542
1,16,0.950517425669307
1,17,0.9505464831946597
1,18,0.9505755407200125
1,19,0.9506045982453653
1,20,0.950633655770718
1,21,0.9506627132960708
1,22,0.9506917708214235
1,23,0.9507208283467763
1,24,0.950749885872129
1,25,0.9507789433974818
2,0,0.950120000000002
2,1,0.9501382400000027
2,2,0.9501410124800038
2,3,0.9501414338969654
2,4,0.950168804711329
2,5,0.9501977951870719
2,6,0.950226850484412
2,7,0.9502559079430497
2,8,0.9502849654665364
2,9,0.9503140229918394
2,10,0.9503430805171909
2,11,0.9503721380425432
2,12,0.9504011955678959
2,13,0.9504302530932487
2,14,0.9504593106186014
2,15,0.9504883681439542
2,16,0.950517425669307
2,17,0.9505464831946597
2,18,0.9505755407200125
2,19,0.9506045982453653
2,20,0.950633655770718
2,21,0.9506627132960708
2,22,0.9506917708214235
2,23,0.9507208283467763
2,24,0.950749885872129
2,25,0.9507789433974818
3,0,0.950120000000002
3,1,0.9501382400000027
3,2,0.9501410124800038
3,3,0.9501414338969654
3,4,0.950168804711329
3,5,0.9501977951870719
3,6,0.950226850484412
3,7,0.9502559079430497
3,8,0.9502849654665364
3,9,0.9503140229918394
3,10,0.9503430805171909
3,11,0.9503721380425432
3,12,0.9504011955678959
3,13,0.9504302530932487
3,14,0.9504593106186014
3,15,0.9504883681439542
3,16,0.950517425669307
3,17,0.9505464831946597
3,18,0.9505755407200125
3,19,0.9506045982453653
3,20,0.950633655770718
3,21,0.9506627132960708
3,22,0.9506917708214235
3,23,0.9507208283467763
3,24,0.950749885872129
3,25,0.9507789433974818
4,0,0.950120000000002
4,1,0.9501382400000027
4,2,0.9501410124800038
4,3,0.9501414338969654
4,4,0.950168804711329
4,5,0.9501977951870719
4,6,0.950226850484412
4,7,0.9502559079430497
4,8,0.9502849654665364
4,9,0.9503140229918394
4,10,0.9503430805171909
4,11,0.9503721380425432
4,12,0.9504011955678959
4,13,0.9504302530932487
4,14,0.9504593106186014
4,15,0.9504883681439542
4,16,0.950517425669307
4,17,0.9505464831946597
4,18,0.9505755407200125
4,19,0.9506045982453653
4,20,0.950633655770718
4,21,0.9506627132960708
4,22,0.9506917708214235
4,23,0.9507208283467763
4,24,0.950749885872129
4,25,0.9507789433974818
5,0,0.950120000000002
5,1,0.9501382400000027
5,2,0.9501410124800038
5,3,0.9501414338969654
5,4,0.950168804711329
5,5,0.9501977951870719
5,6,0.950226850484412
5,7,0.9502559079430497
5,8,0.9502849654665364
5,9,0.9503140229918394
5,10,0.9503430805171909
5,11,0.9503721380425432
5,12,0.9504011955678959
5,13,0.9504302530932487
5,14,0.9504593106186014
5,15,0.9504883681439542
5,16,0.950517425669307
5,17,0.9505464831946597
5,18,0.9505755407200125
5,19,0.9506045982453653
5,20,0.950633655770718
5,21,0.9506627132960708
5,22,0.9506917708214235
5,23,0.9507208283467763
5,24,0.950749885872129
5,25,0.9507789433974818
6,0,0.950120000000002
6,1,0.9501382400000027
6,2,0.9501410124800038
6,3,0.9501414338969654
6,4,0.950168804711329
6,5,0.9501977951870719
6,6,0.950226850484412
6,7,0.9502559079430497
6,8,0.9502849654665364
6,9,0.9503140229918394
6,10,0.9503430805171909
6,11,0.9503721380425432
6,12,0.9504011955678959
6,13,0.9504302530932487
6,14,0.9504593106186014
6,15,0.9504883681439542
6,16,0.950517425669307
6,17,0.9505464831946597
6,18,0.9505755407200125
6,19,0.9506045982453653
6,20,0.950633655770718
6,21,0.9506627132960708
6,22,0.9506917708214235
6,23,0.9507208283467763
6,24,0.950749885872129
6,25,0.9507789433974818
7,0,0.950120000000002
7,1,0.9501382400000027
7,2,0.9501410124800038
7,3,0.9501414338969654
7,4,0.950168804711329
7,5,0.9501977951870719
7,6,0.950226850484412
7,7,0.9502559079430497
7,8,0.9502849654665364
7,9,0.9503140229918394
7,10,0.9503430805171909
7,11,0.9503721380425432
7,12,0.9504011955678959
7,13,0.9504302530932487
7,14,0.9504593106186014
7,15,0.9504883681439542
7,16,0.950517425669307
7,17,0.9505464831946597
7,18,0.9505755407200125
7,19,0.9506045982453653
7,20,0.950633655770718
7,21,0.9506627132960708
7,22,0.9506917708214235
7,23,0.9507208283467763
7,24,0.950749885872129
7,25,0.9507789433974818
8,0,0.950120000000002
8,1,0.9501382400000027
8,2,0.9501410124800038
8,3,0.9501414338969654
8,4,0.950168804711329
8,5,0.9501977951870719
8,6,0.950226850484412
8,7,0.9502559079430497
8,8,0.9502849654665364
8,9,0.9503140229918394
8,10,0.9503430805171909
8,11,0.9503721380425432
8,12,0.9504011955678959
8,13,0.9504302530932487
8,14,0.9504593106186014
8,15,0.9504883681439542
8,16,0.950517425669307
8,17,0.9505464831946597
8,18,0.9505755407200125
8,19,0.9506045982453653
8,20,0.950633655770718
8,21,0.9506627132960708
8,22,0.9506917708214235
8,23,0.9507208283467763
8,24,0.950749885872129
8,25,0.9507789433974818
9,0,0.950120000000002
9,1,0.9501382400000027
9,2,0.9501410124800038
9,3,0.9501414338969654
9,4,0.950168804711329
9,5,0.9501977951870719
9,6,0.950226850484412
9,7,0.9502559079430497
9,8,0.9502849654665364
9,9,0.9503140229918394
9,10,0.9503430805171909
9,11,0.9503721380425432
9,12,0.9504011955678959
9,13,0.9504302530932487
9,14,0.9504593106186014
9,15,0.9504883681439542
9,16,0.950517425669307
9,17,0.9505464831946597
9,18,0.9505755407200125
9,19,0.9506045982453653
9,20,0.950633655770718
9,21,0.9506627132960708
9,22,0.9506917708214235
9,23,0.9507208283467763
9,24,0.950749885872129
9,25,0.9507789433974818
10,0,0.950120000000002
10,1,0.9501382400000027
10,2,0.9501410124800038
10,3,0.9501414338969654
10,4,0.950168804711329
10,5,0.9501977951870719
10,6,0.950226850484412
10,7,0.9502559079430497
10,8,0.9502849654665364
10,9,0.9503140229918394
10,10,0.9503430805171909
10,11,0.9503721380425432
10,12,0.9504011955678959
10,13,0.9504302530932487
10,14,0.9504593106186014
10,15,0.9504883681439542
10,16,0.950517425669307
10,17,0.9505464831946597
10,18,0.9505755407200125
10,19,0.9506045982453653
10,20,0.950633655770718
10,21,0.9506627132960708
10,22,0.9506917708214235
10,23,0.9507208283467763
10,24,0.950749885872129
10,25,0.9507789433974818
11,0,0.950120000000002
11,1,0.9501382400000027
11,2,0.9501410124800038
11,3,0.9501414338969654
11,4,0.950168804711329
11,5,0.9501977951870719
11,6,0.950226850484412
11,7,0.9502559079430497
11,8,0.9502849654665364
11,9,0.9503140229918394
11,10,0.9503430805171909
11,11,0.9503721380425432
11,12,0.9504011955678959
11,13,0.9504302530932487
11,14,0.9504593106186014
11,15,0.9504883681439542
11,16,0.950517425669307
11,17,0.9505464831946597
11,18,0.9505755407200125
11,19,0.9506045982453653
11,20,0.950633655770718
11,21,0.9506627132960708
11,22,0.9506917708214235
11,23,0.9507208283467763
11,24,0.950749885872129
11,25,0.9507789433974818
12,0,0.950120000000002
12,1,0.9501382400000027
12,2,0.9501410124800038
12,3,0.9501414338969654
12,4,0.950168804711329
12,5,0.9501977951870719
12,6,0.950226850484412
12,7,0.9502559079430497
12,8,0.9502849654665364
12,9,0.9503140229918394
12,10,0.9503430805171909
12,11,0.9503721380425432
12,12,0.9504011955678959
12,13,0.9504302530932487
12,14,0.9504593106186014
12,15,0.9504883681439542
12,16,0.950517425669307
12,17,0.9505464831946597
12,18,0.9505755407200125
12,19,0.9506045982453653
12,20,0.950633655770718
12,21,0.9506627132960708
12,22,0.9506917708214235
12,23,0.9507208283467763
12,24,0.950749885872129
12,25,0.9507789433974818
13,0,0.950120000000002
13,1,0.9501382400000027
13,2,0.9501410124800038
13,3,0.9501414338969654
13,4,0.950168804711329
13,5,0.9501977951870719
13,6,0.950226850484412
13,7,0.9502559079430497
13,8,0.9502849654665364
13,9,0.9503140229918394
13,10,0.9503430805171909
13,11,0.9503721380425432
13,12,0.9504011955678959
13,13,0.9504302530932487
13,14,0.9504593106186014
13,15,0.9504883681439542
13,16,0.950517425669307
13,17,0.9505464831946597
13,18,0.9505755407200125
13,19,0.9506045982453653
13,20,0.950633655770718
13,21,0.9506627132960708
13,22,0.9506917708214235
13,23,0.9507208283467763
13,24,0.950749885872129
13,25,0.9507789433974818
14,0,0.950120000000002
14,1,0.9501382400000027
14,2,0.9501410124800038
14,3,0.9501414338969647
14,4,0.9501414979523444
14,5,0.9501415076887639
14,6,0.9505685737454231
14,7,0.9507840086614353
14,8,0.9509997426935511
14,9,0.9512154732123856
14,10,0.9514312033428155
14,11,0.9516469334559051
14,12,0.9518626635683798
14,13,0.9520783936808348
14,14,0.9522941237932895
14,15,0.952509853905744
14,16,0.9527255840181986
14,17,0.9529413141306532
14,18,0.9531570442431078
14,19,0.9533727743555623
14,20,0.9535885044680169
14,21,0.9538042345804715
14,22,0.954019964692926
14,23,0.9542356948053806
14,24,0.9544514249178352
14,25,0.9546671550302896
15,0,0.950120000000002
15,1,0.9501382400000027
15,2,0.9501410124800038
15,3,0.9501414338969654
15,4,0.950168804711329
15,5,0.9501977951870719
15,6,0.950226850484412
15,7,0.9502559079430497
15,8,0.9502849654665364
15,9,0.9503140229918394
15,10,0.9503430805171909
15,11,0.9503721380425432
15,12,0.9504011955678959
15,13,0.9504302530932487
15,14,0.9504593106186014
15,15,0.9504883681439542
15,16,0.950517425669307
15,17,0.9505464831946597
15,18,0.9505755407200125
15,19,0.9506045982453653
15,20,0.950633655770718
15,21,0.9506627132960708
15,22,0.9506917708214235
15,23,0.9507208283467763
15,24,0.950749885872129
15,25,0.9507789433974818
16,0,0.950120000000002
16,1,0.9501382400000027
16,2,0.9501410124800038
16,3,0.9501414338969654
16,4,0.950168804711329
16,5,0.9501977951870719
16,6,0.950226850484412
16,7,0.9502559079430497
16,8,0.9502849654665364
16,9,0.9503140229918394
16,10,0.9503430805171909
16,11,0.9503721380425432
16,12,0.9504011955678959
16,13,0.9504302530932487
16,14,0.9504593106186014
16,15,0.9504883681439542
16,16,0.950517425669307
16,17,0.9505464831946597
16,18,0.9505755407200125
16,19,0.9506045982453653
16,20,0.950633655770718
16,21,0.9506627132960708
16,22,0.9506917708214235
16,23,0.9507208283467763
16,24,0.950749885872129
16,25,0.9507789433974818
17,0,0.950120000000002
17,1,0.9501382400000027
17,2,0.9501410124800038
17,3,0.9501414338969654
17,4,0.950168804711329
17,5,0.9501977951870719
17,6,0.950226850484412
17,7,0.9502559079430497
17,8,0.9502849654665364
17,9,0.9503140229918394
17,10,0.9503430805171909
17,11,0.9503721380425432
17,12,0.9504011955678959
17,13,0.9504302530932487
17,14,0.9504593106186014
17,15,0.9504883681439542
17,16,0.950517425669307
17,17,0.9505464831946597
17,18,0.9505755407200125
17,19,0.9506045982453653
17,20,0.950633655770718
17,21,0.9506627132960708
17,22,0.9506917708214235
17,23,0.9507208283467763
17,24,0.950749885872129
17,25,0.9507789433974818
18,0,0.950120000000002
18,1,0.9501382400000027
18,2,0.9501410124800038
18,3,0.9501414338969654
18,4,0.950168804711329
18,5,0.9501977951870719
18,6,0.950226850484412
18,7,0.9502559079430497
18,8,0.9502849654665364
18,9,0.9503140229918394
18,10,0.9503430805171909
18,11,0.9503721380425432
18,12,0.9504011955678959
18,13,0.9504302530932487
18,14,0.9504593106186014
18,15,0.9504883681439542
18,16,0.950517425669307
18,17,0.9505464831946597
18,18,0.9505755407200125
18,19,0.9506045982453653
18,20,0.950633655770718
18,21,0.9506627132960708
18,22,0.9506917708214235
18,23,0.9507208283467763
18,24,0.950749885872129
18,25,0.9507789433974818
19,0,0.950120000000002
19,1,0.9501382400000027
19,2,0.9501410124800038
19,3,0.9501414338969654
19,4,0.950168804711329
19,5,0.9501977951870719
19,6,0.950226850484412
19,7,0.9502559079430497
19,8,0.9502849654665364
19,9,0.9503140229918394
19,10,0.9503430805171909
19,11,0.9503721380425432
19,12,0.9504011955678959
19,13,0.9504302530932487
19,14,0.9504593106186014
19,15,0.9504883681439542
19,16,0.950517425669307
19,17,0.9505464831946597
19,18,0.9505755407200125
19,19,0.9506045982453653
19,20,0.950633655770718
19,21,0.9506627132960708
19,22,0.9506917708214235
19,23,0.9507208283467763
19,24,0.950749885872129
19,25,0.9507789433974818
20,0,0.950120000000002
20,1,0.9501382400000027
20,2,0.9501410124800038
20,3,0.9501414338969647
20,4,0.9501414979523444
20,5,0.9501415076887639
20,6,0.9505685737454231
20,7,0.9507840086614353
20,8,0.9509997426935511
20,9,0.9512154732123856
20,10,0.9514312033428155
20,11,0.9516469334559051
20,12,0.9518626635683798
20,13,0.9520783936808348
20,14,0.9522941237932895
20,15,0.952509853905744
20,16,0.9527255840181986
20,17,0.9529413141306532
20,18,0.9531570442431078
20,19,0.9533727743555623
20,20,0.9535885044680169
20,21,0.9538042345804715
20,22,0.954019964692926
20,23,0.9542356948053806
20,24,0.9544514249178352
20,25,0.9546671550302896
21,0,0.950120000000002
21,1,0.9501382400000027
21,2,0.9501410124800038
21,3,0.9501414338969647
21,4,0.9501414979523444
21,5,0.9501415076887639
21,6,0.9505685737454231
21,7,0.9507840086614353
21,8,0.9509997426935511
21,9,0.9512154732123856
21,10,0.9514312033428155
21,11,0.9516469334559051
21,12,0.9518626635683798
21,13,0.9520783936808348
21,14,0.9522941237932895
21,15,0.952509853905744
21,16,0.9527255840181986
21,17,0.9529413141306532
21,18,0.9531570442431078
21,19,0.9533727743555623
21,20,0.9535885044680169
21,21,0.9538042345804715
21,22,0.954019964692926
21,23,0.9542356948053806
21,24,0.9544514249178352
21,25,0.9546671550302896
22,0,0.950120000000002
22,1,0.9501382400000027
22,2,0.9501410124800038
22,3,0.9501414338969654
22,4,0.950168804711329
22,5,0.9501977951870719
22,6,0.950226850484412
22,7,0.9502559079430497
22,8,0.9502849654665364
22,9,0.9503140229918394
22,10,0.9503430805171909
22,11,0.9503721380425432
22,12,0.9504011955678959
22,13,0.9504302530932487
22,14,0.9504593106186014
22,15,0.9504883681439542
22,16,0.950517425669307
22,17,0.9505464831946597
22,18,0.9505755407200125
22,19,0.9506045982453653
22,20,0.950633655770718
22,21,0.9506627132960708
22,22,0.9506917708214235
22,23,0.9507208283467763
22,24,0.950749885872129
22,25,0.9507789433974818
23,0,0.950120000000002
23,1,0.9501382400000027
23,2,0.9501410124800038
23,3,0.9501414338969647
23,4,0.9501414979523444
23,5,0.9501415076887639
23,6,0.9505685737454231
23,7,0.9507840086614353
23,8,0.9509997426935511
23,9,0.9512154732123856
23,10,0.9514312033428155
23,11,0.9516469334559051
23,12,0.9518626635683798
23,13,0.9520783936808348
23,14,0.9522941237932895
23,15,0.952509853905744
23,16,0.9527255840181986
23,17,0.9529413141306532
23,18,0.9531570442431078
23,19,0.9533727743555623
23,20,0.9535885044680169
23,21,0.9538042345804715
23,22,0.954019964692926
23,23,0.9542356948053806
23,24,0.9544514249178352
23,25,0.9546671550302896
24,0,0.950120000000002
24,1,0.9501382400000027
24,2,0.9501410124800038
24,3,0.9501414338969654
24,4,0.950168804711329
24,5,0.9501977951870719
24,6,0.950226850484412
24,7,0.9502559079430497
24,8,0.9502849654665364
24,9,0.9503140229918394
24,10,0.9503430805171909
24,11,0.9503721380425432
24,12,0.9504011955678959
24,13,0.9504302530932487
24,14,0.9504593106186014
24,15,0.9504883681439542
24,16,0.950517425669307
24,17,0.9505464831946597
24,18,0.9505755407200125
24,19,0.9506045982453653
24,20,0.950633655770718
24,21,0.9506627132960708
24,22,0.9506917708214235
24,23,0.9507208283467763
24,24,0.950749885872129
24,25,0.9507789433974818
25,0,0.950120000000002
25,1,0.9501382400000027
25,2,0.9501410124800038
25,3,0.9501414338969654
25,4,0.950168804711329
25,5,0.9501977951870719
25,6,0.950226850484412
25,7,0.9502559079430497
25,8,0.9502849654665364
25,9,0.9503140229918394
25,10,0.9503430805171909
25,11,0.9503721380425432
25,12,0.9504011955678959
25,13,0.9504302530932487
25,14,0.9504593106186014
25,15,0.9504883681439542
25,16,0.950517425669307
25,17,0.9505464831946597
25,18,0.9505755407200125
25,19,0.9506045982453653
25,20,0.950633655770718
25,21,0.9506627132960708
25,22,0.9506917708214235
25,23,0.9507208283467763
25,24,0.950749885872129
25,25,0.9507789433974818
26,0,0.950120000000002
26,1,0.9501382400000027
26,2,0.9501410124800038
26,3,0.9501414338969654
26,4,0.950168804711329
26,5,0.9501977951870719
26,6,0.950226850484412
26,7,0.9502559079430497
26,8,0.9502849654665364
26,9,0.9503140229918394
26,10,0.9503430805171909
26,11,0.9503721380425432
26,12,0.9504011955678959
26,13,0.9504302530932487
26,14,0.9504593106186014
26,15,0.9504883681439542
26,16,0.950517425669307
26,17,0.9505464831946597
26,18,0.9505755407200125
26,19,0.9506045982453653
26,20,0.950633655770718
26,21,0.9506627132960708
26,22,0.9506917708214235
26,23,0.9507208283467763
26,24,0.950749885872129
26,25,0.9507789433974818
27,0,0.950120000000002
27,1,0.9501382400000027
27,2,0.9501410124800038
27,3,0.9501414338969654
27,4,0.950168804711329
27,5,0.9501977951870719
27,6,0.950226850484412
27,7,0.9502559079430497
27,8,0.9502849654665364
27,9,0.9503140229918394
27,10,0.9503430805171909
27,11,0.9503721380425432
27,12,0.9504011955678959
27,13,0.9504302530932487
27,14,0.9504593106186014
27,15,0.9504883681439542
27,16,0.950517425669307
27,17,0.9505464831946597
27,18,0.9505755407200125
27,19,0.9506045982453653
27,20,0.950633655770718
27,21,0.9506627132960708
27,22,0.9506917708214235
27,23,0.9507208283467763
27,24,0.950749885872129
27,25,0.9507789433974818
28,0,0.950120000000002
28,1,0.9501382400000027
28,2,0.9501410124800038
28,3,0.9501414338969654
28,4,0.950168804711329
28,5,0.9501977951870719
28,6,0.950226850484412
28,7,0.9502559079430497
28,8,0.9502849654665364
28,9,0.9503140229918394
28,10,0.9503430805171909
28,11,0.9503721380425432
28,12,0.9504011955678959
28,13,0.9504302530932487
28,14,0.9504593106186014
28,15,0.9504883681439542
28,16,0.950517425669307
28,17,0.9505464831946597
28,18,0.9505755407200125
28,19,0.9506045982453653
28,20,0.950633655770718
28,21,0.9506627132960708
28,22,0.9506917708214235
28,23,0.9507208283467763
28,24,0.950749885872129
28,25,0.9507789433974818
29,0,0.950120000000002
29,1,0.9501382400000027
29,2,0.9501410124800038
29,3,0.9501414338969654
29,4,0.950168804711329
29,5,0.9501977951870719
29,6,0.950226850484412
29,7,0.9502559079430497
29,8,0.9502849654665364
29,9,0.9503140229918394
29,10,0.9503430805171909
29,11,0.9503721380425432
29,12,0.9504011955678959
29,13,0.9504302530932487
29,14,0.9504593106186014
29,15,0.9504883681439542
29,16,0.950517425669307
29,17,0.9505464831946597
29,18,0.9505755407200125
29,19,0.9506045982453653
29,20,0.950633655770718
29,21,0.9506627132960708
29,22,0.9506917708214235
29,23,0.9507208283467763
29,24,0.950749885872129
29,25,0.9507789433974818
30,0,0.950120000000002
30,1,0.9501382400000027
30,2,0.9501410124800038
30,3,0.9501414338969654
30,4,0.950168804711329
30,5,0.9501977951870719
30,6,0.950226850484412
30,7,0.9502559079430497
30,8,0.9502849654665364
30,9,0.9503140229918394
30,10,0.9503430805171909
30,11,0.9503721380425432
30,12,0.9504011955678959
30,13,0.9504302530932487
30,14,0.9504593106186014
30,15,0.9504883681439542
30,16,0.950517425669307
30,17,0.9505464831946597
30,18,0.9505755407200125
30,19,0.9506045982453653
30,20,0.950633655770718
30,21,0.9506627132960708
30,22,0.9506917708214235
30,23,0.9507208283467763
30,24,0.950749885872129
30,25,0.9507789433974818
31,0,0.950120000000002
31,1,0.9501382400000027
31,2,0.9501410124800038
31,3,0.9501414338969654
31,4,0.950168804711329
31,5,0.9501977951870719
31,6,0.950226850484412
31,7,0.9502559079430497
31,8,0.9502849654665364
31,9,0.9503140229918394
31,10,0.9503430805171909
31,11,0.9503721380425432
31,12,0.9504011955678959
31,13,0.9504302530932487
31,14,0.9504593106186014
31,15,0.9504883681439542
31,16,0.950517425669307
31,17,0.9505464831946597
31,18,0.9505755407200125
31,19,0.9506045982453653
31,20,0.950633655770718
31,21,0.9506627132960708
31,22,0.9506917708214235
31,23,0.9507208283467763
31,24,0.950749885872129
31,25,0.9507789433974818
32,0,0.950120000000002
32,1,0.9501382400000027
32,2,0.9501410124800038
32,3,0.9501414338969647
32,4,0.9501414979523444
32,5,0.9501415076887639
32,6,0.9505685737454231
32,7,0.9507840086614353
32,8,0.9509997426935511
32,9,0.9512154732123856
32,10,0.9514312033428155
32,11,0.9516469334559051
32,12,0.9518626635683798
32,13,0.9520783936808348
32,14,0.9522941237932895
32,15,0.952509853905744
32,16,0.9527255840181986
32,17,0.9529413141306532
32,18,0.9531570442431078
32,19,0.9533727743555623
32,20,0.9535885044680169
32,21,0.9538042345804715
32,22,0.954019964692926
32,23,0.9542356948053806
32,24,0.9544514249178352
32,25,0.9546671550302896
33,0,0.950120000000002
33,1,0.9501382400000027
33,2,0.9501410124800038
33,3,0.9501414338969647
33,4,0.9501414979523444
33,5,0.9501415076887639
33,6,0.9505685737454231
33,7,0.9507840086614353
33,8,0.9509997426935511
33,9,0.9512154732123856
33,10,0.9514312033428155
33,11,0.9516469334559051
33,12,0.9518626635683798
33,13,0.9520783936808348
33,14,0.9522941237932895
33,15,0.952509853905744
33,16,0.9527255840181986
33,17,0.9529413141306532
33,18,0.9531570442431078
33,19,0.9533727743555623
33,20,0.9535885044680169
33,21,0.9538042345804715
33,22,0.954019964692926
33,23,0.9542356948053806
33,24,0.9544514249178352
33,25,0.9546671550302896
34,0,0.950120000000002
34,1,0.9501382400000027
34,2,0.9501410124800038
34,3,0.9501414338969654
34,4,0.950168804711329
34,5,0.9501977951870719
34,6,0.950226850484412
34,7,0.9502559079430497
34,8,0.9502849654665364
34,9,0.9503140229918394
34,10,0.9503430805171909
34,11,0.9503721380425432
34,12,0.9504011955678959
34,13,0.9504302530932487
34,14,0.9504593106186014
34,15,0.9504883681439542
34,16,0.950517425669307
34,17,0.9505464831946597
34,18,0.9505755407200125
34,19,0.9506045982453653
34,20,0.950633655770718
34,21,0.9506627132960708
34,22,0.9506917708214235
34,23,0.9507208283467763
34,24,0.950749885872129
34,25,0.9507789433974818
35,0,0.950120000000002
35,1,0.9501382400000027
35,2,0.9501410124800038
35,3,0.9501414338969654
35,4,0.950168804711329
35,5,0.9501977951870719
35,6,0.950226850484412
35,7,0.9502559079430497
35,8,0.9502849654665364
35,9,0.9503140229918394
35,10,0.9503430805171909
35,11,0.9503721380425432
35,12,0.9504011955678959
35,13,0.9504302530932487
35,14,0.9504593106186014
35,15,0.9504883681439542
35,16,0.950517425669307
35,17,0.9505464831946597
35,18,0.9505755407200125
35,19,0.9506045982453653
35,20,0.950633655770718
35,21,0.9506627132960708
35,22,0.9506917708214235
35,23,0.9507208283467763
35,24,0.950749885872129
35,25,0.9507789433974818
36,0,0.950120000000002
36,1,0.9501382400000027
36,2,0.9501410124800038
36,3,0.9501414338969654
36,4,0.950168804711329
36,5,0.9501977951870719
36,6,0.950226850484412
36,7,0.9502559079430497
36,8,0.9502849654665364
36,9,0.9503140229918394
36,10,0.9503430805171909
36,11,0.9503721380425432
36,12,0.9504011955678959
36,13,0.9504302530932487
36,14,0.9504593106186014
36,15,0.9504883681439542
36,16,0.950517425669307
36,17,0.9505464831946597
36,18,0.9505755407200125
36,19,0.9506045982453653
36,20,0.950633655770718
36,21,0.9506627132960708
36,22,0.9506917708214235
36,23,0.9507208283467763
36,24,0.950749885872129
36,25,0.9507789433974818
37,0,0.950120000000002
37,1,0.9501382400000027
37,2,0.9501410124800038
37,3,0.9501414338969647
37,4,0.9501414979523444
37,5,0.9501415076887639
37,6,0.9505685737454231
37,7,0.9507840086614353
37,8,0.9509997426935511
37,9,0.9512154732123856
37,10,0.9514312033428155
37,11,0.9516469334559051
37,12,0.9518626635683798
37,13,0.9520783936808348
37,14,0.9522941237932895
37,15,0.952509853905744
37,16,0.9527255840181986
37,17,0.9529413141306532
37,18,0.9531570442431078
37,19,0.9533727743555623
37,20,0.9535885044680169
37,21,0.9538042345804715
37,22,0.954019964692926
37,23,0.9542356948053806
37,24,0.9544514249178352
37,25,0.9546671550302896
38,0,0.950120000000002
38,1,0.9501382400000027
38,2,0.9501410124800038
38,3,0.9501414338969647
38,4,0.9501414979523444
38,5,0.9501415076887639
38,6,0.9505685737454231
38,7,0.9507840086614353
38,8,0.9509997426935511
38,9,0.9512154732123856
38,10,0.9514312033428155
38,11,0.9516469334559051
38,12,0.9518626635683798
38,13,0.9520783936808348
38,14,0.9522941237932895
38,15,0.952509853905744
38,16,0.9527255840181986
38,17,0.9529413141306532
38,18,0.9531570442431078
38,19,0.9533727743555623
38,20,0.9535885044680169
38,21,0.9538042345804715
38,22,0.954019964692926
38,23,0.9542356948053806
38,24,0.9544514249178352
38,25,0.9546671550302896
39,0,0.950120000000002
39,1,0.9501382400000027
39,2,0.9501410124800038
39,3,0.9501414338969654
39,4,0.950168804711329
39,5,0.9501977951870719
39,6,0.950226850484412
39,7,0.9502559079430497
39,8,0.9502849654665364
39,9,0.9503140229918394
39,10,0.9503430805171909
39,11,0.9503721380425432
39,12,0.9504011955678959
39,13,0.9504302530932487
39,14,0.9504593106186014
39,15,0.9504883681439542
39,16,0.950517425669307
39,17,0.9505464831946597
39,18,0.9505755407200125
39,19,0.9506045982453653
39,20,0.950633655770718
39,21,0.9506627132960708
39,22,0.9506917708214235
39,23,0.9507208283467763
39,24,0.950749885872129
39,25,0.9507789433974818
40,0,0.950120000000002
40,1,0.9501382400000027
40,2,0.9501410124800038
40,3,0.9501414338969654
40,4,0.950168804711329
40,5,0.9501977951870719
40,6,0.950226850484412
40,7,0.9502559079430497
40,8,0.9502849654665364
40,9,0.9503140229918394
40,10,0.9503430805171909
40,11,0.9503721380425432
40,12,0.9504011955678959
40,13,0.9504302530932487
40,14,0.9504593106186014
40,15,0.9504883681439542
40,16,0.950517425669307
40,17,0.9505464831946597
40,18,0.9505755407200125
40,19,0.9506045982453653
40,20,0.950633655770718
40,21,0.9506627132960708
40,22,0.9506917708214235
40,23,0.9507208283467763
40,24,0.950749885872129
40,25,0.9507789433974818
41,0,0.950120000000002
41,1,0.9501382400000027
41,2,0.9501410124800038
41,3,0.9501414338969654
41,4,0.950168804711329
41,5,0.9501977951870719
41,6,0.950226850484412
41,7,0.9502559079430497
41,8,0.9502849654665364
41,9,0.9503140229918394
41,10,0.9503430805171909
41,11,0.9503721380425432
41,12,0.9504011955678959
41,13,0.9504302530932487
41,14,0.9504593106186014
41,15,0.9504883681439542
41,16,0.950517425669307
41,17,0.9505464831946597
41,18,0.9505755407200125
41,19,0.9506045982453653
41,20,0.950633655770718
41,21,0.9506627132960708
41,22,0.9506917708214235
41,23,0.9507208283467763
41,24,0.950749885872129
41,25,0.9507789433974818
42,0,0.950120000000002
42,1,0.9501382400000027
42,2,0.9501410124800038
42,3,0.9501414338969654
42,4,0.950168804711329
42,5,0.9501977951870719
42,6,0.950226850484412
42,7,0.9502559079430497
42,8,0.9502849654665364
42,9,0.9503140229918394
42,10,0.9503430805171909
42,11,0.9503721380425432
42,12,0.9504011955678959
42,13,0.9504302530932487
42,14,0.9504593106186014
42,15,0.9504883681439542
42,16,0.950517425669307
42,17,0.9505464831946597
42,18,0.9505755407200125
42,19,0.9506045982453653
42,20,0.950633655770718
42,21,0.9506627132960708
42,22,0.9506917708214235
42,23,0.9507208283467763
42,24,0.950749885872129
42,25,0.9507789433974818
43,0,0.950120000000002
43,1,0.9501382400000027
43,2,0.9501410124800038
43,3,0.9501414338969654
43,4,0.950168804711329
43,5,0.9501977951870719
43,6,0.950226850484412
43,7,0.9502559079430497
43,8,0.9502849654665364
43,9,0.9503140229918394
43,10,0.9503430805171909
43,11,0.9503721380425432
43,12,0.9504011955678959
43,13,0.9504302530932487
43,14,0.9504593106186014
43,15,0.9504883681439542
43,16,0.950517425669307
43,17,0.9505464831946597
43,18,0.9505755407200125
43,19,0.9506045982453653
43,20,0.950633655770718
43,21,0.9506627132960708
43,22,0.9506917708214235
43,23,0.9507208283467763
43,24,0.950749885872129
43,25,0.9507789433974818
44,0,0.950120000000002
44,1,0.9501382400000027
44,2,0.9501410124800038
44,3,0.9501414338969654
44,4,0.950168804711329
44,5,0.9501977951870719
44,6,0.950226850484412
44,7,0.9502559079430497
44,8,0.9502849654665364
44,9,0.9503140229918394
44,10,0.9503430805171909
44,11,0.9503721380425432
44,12,0.9504011955678959
44,13,0.9504302530932487
44,14,0.9504593106186014
44,15,0.9504883681439542
44,16,0.950517425669307
44,17,0.9505464831946597
44,18,0.9505755407200125
44,19,0.9506045982453653
44,20,0.950633655770718
44,21,0.9506627132960708
44,22,0.9506917708214235
44,23,0.9507208283467763
44,24,0.950749885872129
44,25,0.9507789433974818
45,0,0.950120000000002
45,1,0.9501382400000027
45,2,0.9501410124800038
45,3,0.9501414338969654
45,4,0.950168804711329
45,5,0.9501977951870719
45,6,0.950226850484412
45,7,0.9502559079430497
45,8,0.9502849654665364
45,9,0.9503140229918394
45,10,0.9503430805171909
45,11,0.9503721380425432
45,12,0.9504011955678959
45,13,0.9504302530932487
45,14,0.9504593106186014
45,15,0.9504883681439542
45,16,0.950517425669307
45,17,0.9505464831946597
45,18,0.9505755407200125
45,19,0.9506045982453653
45,20,0.950633655770718
45,21,0.9506627132960708
45,22,0.9506917708214235
45,23,0.9507208283467763
45,24,0.950749885872129
45,25,0.9507789433974818
46,0,0.950120000000002
46,1,0.9501382400000027
46,2,0.9501410124800038
46,3,0.9501414338969654
46,4,0.950168804711329
46,5,0.9501977951870719
46,6,0.950226850484412
46,7,0.9502559079430497
46,8,0.9502849654665364
46,9,0.9503140229918394
46,10,0.9503430805171909
46,11,0.9503721380425432
46,12,0.9504011955678959
46,13,0.9504302530932487
46,14,0.9504593106186014
46,15,0.9504883681439542
46,16,0.950517425669307
46,17,0.9505464831946597
46,18,0.9505755407200125
46,19,0.9506045982453653
46,20,0.950633655770718
46,21,0.9506627132960708
46,22,0.9506917708214235
46,23,0.9507208283467763
46,24,0.950749885872129
46,25,0.9507789433974818
47,0,0.950120000000002
47,1,0.9501382400000027
47,2,0.9501410124800038
47,3,0.9501414338969654
47,4,0.950168804711329
47,5,0.9501977951870719
47,6,0.950226850484412
47,7,0.9502559079430497
47,8,0.9502849654665364
47,9,0.9503140229918394
47,10,0.9503430805171909
47,11,0.9503721380425432
47,12,0.9504011955678959
47,13,0.9504302530932487
47,14,0.9504593106186014
47,15,0.9504883681439542
47,16,0.950517425669307
47,17,0.9505464831946597
47,18,0.9505755407200125
47,19,0.9506045982453653
47,20,0.950633655770718
47,21,0.9506627132960708
47,22,0.9506917708214235
47,23,0.9507208283467763
47,24,0.950749885872129
47,25,0.9507789433974818
48,0,0.950120000000002
48,1,0.9501382400000027
48,2,0.9501410124800038
48,3,0.9501414338969654
48,4,0.950168804711329
48,5,0.9501977951870719
48,6,0.950226850484412
48,7,0.9502559079430497
48,8,0.9502849654665364
48,9,0.9503140229918394
48,10,0.9503430805171909
48,11,0.9503721380425432
48,12,0.9504011955678959
48,13,0.9504302530932487
48,14,0.9504593106186014
48,15,0.9504883681439542
48,16,0.950517425669307
48,17,0.9505464831946597
48,18,0.9505755407200125
48,19,0.9506045982453653
48,20,0.950633655770718
48,21,0.9506627132960708
48,22,0.9506917708214235
48,23,0.9507208283467763
48,24,0.950749885872129
48,25,0.9507789433974818
49,0,0.950120000000002
49,1,0.9501382400000027
49,2,0.9501410124800038
49,3,0.9501414338969654
49,4,0.950168804711329
49,5,0.9501977951870719
49,6,0.950226850484412
49,7,0.9502559079430497
49,8,0.9502849654665364
49,9,0.9503140229918394
49,10,0.9503430805171909
49,11,0.9503721380425432
49,12,0.9504011955678959
49,13,0.9504302530932487
49,14,0.9504593106186014
49,15,0.9504883681439542
49,16,0.950517425669307
49,17,0.9505464831946597
49,18,0.9505755407200125
49,19,0.9506045982453653
49,20,0.950633655770718
49,21,0.9506627132960708
49,22,0.9506917708214235
49,23,0.9507208283467763
49,24,0.950749885872129
49,25,0.9507789433974818
50,0,0.950120000000002
50,1,0.9501382400000027
50,2,0.9501410124800038
50,3,0.9501414338969654
50,4,0.950168804711329
50,5,0.9501977951870719
50,6,0.950226850484412
50,7,0.9502559079430497
50,8,0.9502849654665364
50,9,0.9503140229918394
50,10,0.9503430805171909
50,11,0.9503721380425432
50,12,0.9504011955678959
50,13,0.9504302530932487
50,14,0.9504593106186014
50,15,0.9504883681439542
50,16,0.950517425669307
50,17,0.9505464831946597
50,18,0.9505755407200125
50,19,0.9506045982453653
50,20,0.950633655770718
50,21,0.9506627132960708
50,22,0.9506917708214235
50,23,0.9507208283467763
50,24,0.950749885872129
50,25,0.9507789433974818
51,0,0.950120000000002
51,1,0.9501382400000027
51,2,0.9501410124800038
51,3,0.9501414338969654
51,4,0.950168804711329
51,5,0.9501977951870719
51,6,0.950226850484412
51,7,0.9502559079430497
51,8,0.9502849654665364
51,9,0.9503140229918394
51,10,0.9503430805171909
51,11,0.9503721380425432
51,12,0.9504011955678959
51,13,0.9504302530932487
51,14,0.9504593106186014
51,15,0.9504883681439542
51,16,0.950517425669307
51,17,0.9505464831946597
51,18,0.9505755407200125
51,19,0.9506045982453653
51,20,0.950633655770718
51,21,0.9506627132960708
51,22,0.9506917708214235
51,23,0.9507208283467763
51,24,0.950749885872129
51,25,0.9507789433974818
52,0,0.950120000000002
52,1,0.9501382400000027
52,2,0.9501410124800038
52,3,0.9501414338969654
52,4,0.950168804711329
52,5,0.9501977951870719
52,6,0.950226850484412
52,7,0.9502559079430497
52,8,0.9502849654665364
52,9,0.9503140229918394
52,10,0.9503430805171909
52,11,0.9503721380425432
52,12,0.9504011955678959
52,13,0.9504302530932487
52,14,0.9504593106186014
52,15,0.9504883681439542
52,16,0.950517425669307
52,17,0.9505464831946597
52,18,0.9505755407200125
52,19,0.9506045982453653
52,20,0.950633655770718
52,21,0.9506627132960708
52,22,0.9506917708214235
52,23,0.9507208283467763
52,24,0.950749885872129
52,25,0.9507789433974818
53,0,0.950120000000002
53,1,0.9501382400000027
53,2,0.9501410124800038
53,3,0.9501414338969654
53,4,0.950168804711329
53,5,0.9501977951870719
53,6,0.950226850484412
53,7,0.9502559079430497
53,8,0.9502849654665364
53,9,0.9503140229918394
53,10,0.9503430805171909
53,11,0.9503721380425432
53,12,0.9504011955678959
53,13,0.9504302530932487
53,14,0.9504593106186014
53,15,0.9504883681439542
53,16,0.950517425669307
53,17,0.9505464831946597
53,18,0.9505755407200125
53,19,0.9506045982453653
53,20,0.950633655770718
53,21,0.9506627132960708
53,22,0.9506917708214235
53,23,0.9507208283467763
53,24,0.950749885872129
53,25,0.9507789433974818
54,0,0.950120000000002
54,1,0.9501382400000027
54,2,0.9501410124800038
54,3,0.9501414338969654
54,4,0.950168804711329
54,5,0.9501977951870719
54,6,0.950226850484412
54,7,0.9502559079430497
54,8,0.9502849654665364
54,9,0.9503140229918394
54,10,0.9503430805171909
54,11,0.9503721380425432
54,12,0.9504011955678959
54,13,0.9504302530932487
54,14,0.9504593106186014
54,15,0.9504883681439542
54,16,0.950517425669307
54,17,0.9505464831946597
54,18,0.9505755407200125
54,19,0.9506045982453653
54,20,0.950633655770718
54,21,0.9506627132960708
54,22,0.9506917708214235
54,23,0.9507208283467763
54,24,0.950749885872129
54,25,0.9507789433974818
55,0,0.950120000000002
55,1,0.9501382400000027
55,2,0.9501410124800038
55,3,0.9501414338969654
55,4,0.950168804711329
55,5,0.9501977951870719
55,6,0.950226850484412
55,7,0.9502559079430497
55,8,0.9502849654665364
55,9,0.9503140229918394
55,10,0.9503430805171909
55,11,0.9503721380425432
55,12,0.9504011955678959
55,13,0.9504302530932487
55,14,0.9504593106186014
55,15,0.9504883681439542
55,16,0.950517425669307
55,17,0.9505464831946597
55,18,0.9505755407200125
55,19,0.9506045982453653
55,20,0.950633655770718
55,21,0.9506627132960708
55,22,0.9506917708214235
55,23,0.9507208283467763
55,24,0.950749885872129
55,25,0.9507789433974818
56,0,0.950120000000002
56,1,0.9501382400000027
56,2,0.9501410124800038
56,3,0.9501414338969654
56,4,0.950168804711329
56,5,0.9501977951870719
56,6,0.950226850484412
56,7,0.9502559079430497
56,8,0.9502849654665364
56,9,0.9503140229918394
56,10,0.9503430805171909
56,11,0.9503721380425432
56,12,0.9504011955678959
56,13,0.9504302530932487
56,14,0.9504593106186014
56,15,0.9504883681439542
56,16,0.950517425669307
56,17,0.9505464831946597
56,18,0.9505755407200125
56,19,0.9506045982453653
56,20,0.950633655770718
56,21,0.9506627132960708
56,22,0.9506917708214235
56,23,0.9507208283467763
56,24,0.950749885872129
56,25,0.9507789433974818
57,0,0.950120000000002
57,1,0.9501382400000027
57,2,0.9501410124800038
57,3,0.9501414338969654
57,4,0.950168804711329
57,5,0.9501977951870719
57,6,0.950226850484412
57,7,0.9502559079430497
57,8,0.9502849654665364
57,9,0.9503140229918394
57,10,0.9503430805171909
57,11,0.9503721380425432
57,12,0.9504011955678959
57,13,0.9504302530932487
57,14,0.9504593106186014
57,15,0.9504883681439542
57,16,0.950517425669307
57,17,0.9505464831946597
57,18,0.9505755407200125
57,19,0.9506045982453653
57,20,0.950633655770718
57,21,0.9506627132960708
57,22,0.9506917708214235
57,23,0.9507208283467763
57,24,0.950749885872129
57,25,0.9507789433974818
58,0,0.950120000000002
58,1,0.9501382400000027
58,2,0.9501410124800038
58,3,0.9501414338969654
58,4,0.950168804711329
58,5,0.9501977951870719
58,6,0.950226850484412
58,7,0.9502559079430497
58,8,0.9502849654665364
58,9,0.9503140229918394
58,10,0.9503430805171909
58,11,0.9503721380425432
58,12,0.9504011955678959
58,13,0.9504302530932487
58,14,0.9504593106186014
58,15,0.9504883681439542
58,16,0.950517425669307
58,17,0.9505464831946597
58,18,0.9505755407200125
58,19,0.9506045982453653
58,20,0.950633655770718
58,21,0.9506627132960708
58,22,0.9506917708214235
58,23,0.9507208283467763
58,24,0.950749885872129
58,25,0.9507789433974818
59,0,0.950120000000002
59,1,0.9501382400000027
59,2,0.9501410124800038
59,3,0.9501414338969654
59,4,0.950168804711329
59,5,0.9501977951870719
59,6,0.950226850484412
59,7,0.9502559079430497
59,8,0.9502849654665364
59,9,0.9503140229918394
59,10,0.9503430805171909
59,11,0.9503721380425432
59,12,0.9504011955678959
59,13,0.9504302530932487
59,14,0.9504593106186014
59,15,0.9504883681439542
59,16,0.950517425669307
59,17,0.9505464831946597
59,18,0.9505755407200125
59,19,0.9506045982453653
59,20,0.950633655770718
59,21,0.9506627132960708
59,22,0.9506917708214235
59,23,0.9507208283467763
59,24,0.950749885872129
59,25,0.9507789433974818
60,0,0.950120000000002
60,1,0.9501382400000027
60,2,0.9501410124800038
60,3,0.9501414338969654
60,4,0.950168804711329
60,5,0.9501977951870719
60,6,0.950226850484412
60,7,0.9502559079430497
60,8,0.9502849654665364
60,9,0.9503140229918394
60,10,0.9503430805171909
60,11,0.9503721380425432
60,12,0.9504011955678959
60,13,0.9504302530932487
60,14,0.9504593106186014
60,15,0.9504883681439542
60,16,0.950517425669307
60,17,0.9505464831946597
60,18,0.9505755407200125
60,19,0.9506045982453653
60,20,0.950633655770718
60,21,0.9506627132960708
60,22,0.9506917708214235
60,23,0.9507208283467763
60,24,0.950749885872129
60,25,0.9507789433974818
61,0,0.950120000000002
61,1,0.9501382400000027
61,2,0.9501410124800038
61,3,0.9501414338969647
61,4,0.9501414979523444
61,5,0.9501415076887639
61,6,0.9505685737454231
61,7,0.9507840086614353
61,8,0.9509997426935511
61,9,0.9512154732123856
61,10,0.9514312033428155
61,11,0.9516469334559051
61,12,0.9518626635683798
61,13,0.9520783936808348
61,14,0.9522941237932895
61,15,0.952509853905744
61,16,0.9527255840181986
61,17,0.9529413141306532
61,18,0.9531570442431078
61,19,0.9533727743555623
61,20,0.9535885044680169
61,21,0.9538042345804715
61,22,0.954019964692926
61,23,0.9542356948053806
61,24,0.9544514249178352
61,25,0.9546671550302896
62,0,0.950120000000002
62,1,0.9501382400000027
62,2,0.9501410124800038
62,3,0.9501414338969654
62,4,0.950168804711329
62,5,0.9501977951870719
62,6,0.950226850484412
62,7,0.9502559079430497
62,8,0.9502849654665364
62,9,0.9503140229918394
62,10,0.9503430805171909
62,11,0.9503721380425432
62,12,0.9504011955678959
62,13,0.9504302530932487
62,14,0.9504593106186014
62,15,0.9504883681439542
62,16,0.950517425669307
62,17,0.9505464831946597
62,18,0.9505755407200125
62,19,0.9506045982453653
62,20,0.950633655770718
62,21,0.9506627132960708
62,22,0.9506917708214235
62,23,0.9507208283467763
62,24,0.950749885872129
62,25,0.9507789433974818
63,0,0.950120000000002
63,1,0.9501382400000027
63,2,0.9501410124800038
63,3,0.9501414338969654
63,4,0.950168804711329
63,5,0.9501977951870719
63,6,0.950226850484412
63,7,0.9502559079430497
63,8,0.9502849654665364
63,9,0.9503140229918394
63,10,0.9503430805171909
63,11,0.9503721380425432
63,12,0.9504011955678959
63,13,0.9504302530932487
63,14,0.9504593106186014
63,15,0.9504883681439542
63,16,0.950517425669307
63,17,0.9505464831946597
63,18,0.9505755407200125
63,19,0.9506045982453653
63,20,0.950633655770718
63,21,0.9506627132960708
63,22,0.9506917708214235
63,23,0.9507208283467763
63,24,0.950749885872129
63,25,0.9507789433974818
64,0,0.950120000000002
64,1,0.9501382400000027
64,2,0.9501410124800038
64,3,0.9501414338969654
64,4,0.950168804711329
64,5,0.9501977951870719
64,6,0.950226850484412
64,7,0.9502559079430497
64,8,0.9502849654665364
64,9,0.9503140229918394
64,10,0.9503430805171909
64,11,0.9503721380425432
64,12,0.9504011955678959
64,13,0.9504302530932487
64,14,0.9504593106186014
64,15,0.9504883681439542
64,16,0.950517425669307
64,17,0.9505464831946597
64,18,0.9505755407200125
64,19,0.9506045982453653
64,20,0.950633655770718
64,21,0.9506627132960708
64,22,0.9506917708214235
64,23,0.9507208283467763
64,24,0.950749885872129
64,25,0.9507789433974818
65,0,0.950120000000002
65,1,0.9501382400000027
65,2,0.9501410124800038
65,3,0.9501414338969647
65,4,0.9501414979523444
65,5,0.9501415076887639
65,6,0.9505685737454231
65,7,0.9507840086614353
65,8,0.9509997426935511
65,9,0.9512154732123856
65,10,0.9514312033428155
65,11,0.9516469334559051
65,12,0.9518626635683798
65,13,0.9520783936808348
65,14,0.9522941237932895
65,15,0.952509853905744
65,16,0.9527255840181986
65,17,0.9529413141306532
65,18,0.9531570442431078
65,19,0.9533727743555623
65,20,0.9535885044680169
65,21,0.9538042345804715
65,22,0.954019964692926
65,23,0.9542356948053806
65,24,0.9544514249178352
65,25,0.9546671550302896
66,0,0.950120000000002
66,1,0.9501382400000027
66,2,0.9501410124800038
66,3,0.9501414338969654
66,4,0.950168804711329
66,5,0.9501977951870719
66,6,0.950226850484412
66,7,0.9502559079430497
66,8,0.9502849654665364
66,9,0.9503140229918394
66,10,0.9503430805171909
66,11,0.9503721380425432
66,12,0.9504011955678959
66,13,0.9504302530932487
66,14,0.9504593106186014
66,15,0.9504883681439542
66,16,0.950517425669307
66,17,0.9505464831946597
66,18,0.9505755407200125
66,19,0.9506045982453653
66,20,0.950633655770718
66,21,0.9506627132960708
66,22,0.9506917708214235
66,23,0.9507208283467763
66,24,0.950749885872129
66,25,0.9507789433974818
67,0,937.2920799984812
67,1,937.2908761586065
67,2,937.2906931748954
67,3,937.2906653614082
67,4,937.2891319552103
67,5,937.2875083911532
67,6,937.2816106338859
67,7,937.2778290671663
67,8,937.274044505443
67,9,937.270259978798
67,10,937.2664754560939
67,11,937.2626909335114
67,12,937.2589064111127
67,13,937.255121888532
67,14,937.2513373659948
67,15,937.2475528434132
67,16,937.2437683208615
67,17,937.2399837982808
67,18,937.2361992757436
67,19,937.232414753163
67,20,937.2286302307642
67,21,937.2248457081834
67,22,937.2210611856391
67,23,937.2172766630655
67,24,937.213492063492
67,25,937.2097076179322
