region,timePeriod,I
0,0,102.375
0,1,23.034374997019768
0,2,5.758593749254942
0,3,1.4396484373137355
0,4,0.35991210932843387
0,5,0.08997802733210847
0,6,0.022494506833027117
0,7,0.005623626708256779
0,8,0.0014059066770641948
0,9,0.00035147368086541064
0,10,8.786842021635266e-05
0,11,2.1967105054088165e-05
0,12,5.491776263522041e-06
0,13,1.3729440658805103e-06
0,14,3.432360164701276e-07
0,15,8.58090041175319e-08
0,16,2.1452251029382974e-08
0,17,0.0
0,18,0.0
0,19,0.0
0,20,0.0
0,21,0.0
0,22,0.0
0,23,0.0
0,24,0.0
0,25,0.0
0,26,0.0
0,27,0.0
0,28,0.0
0,29,0.0
0,30,0.0
0,31,0.0
0,32,0.0
0,33,0.0
0,34,0.0
0,35,0.0
0,36,0.0
0,37,0.0
0,38,0.0
0,39,0.0
0,40,0.0
0,41,0.0
0,42,0.0
0,43,0.0
0,44,0.0
0,45,0.0
0,46,0.0
0,47,0.0
0,48,0.0
0,49,0.0
0,50,0.0
0,51,0.0
0,52,0.0
1,0,16.0125
1,1,3.6028124820441008
1,2,0.9007031205110252
1,3,0.2251757801277563
1,4,0.056293945031939074
1,5,0.014073486257984769
1,6,0.003518371564496192
1,7,0.0008795928907332495
1,8,0.00021989822268331238
1,9,5.4974555670828096e-05
1,10,1.3743638917707024e-05
1,11,3.435909729426756e-06
1,12,8.58977432356689e-07
1,13,2.1474435808917225e-07
1,14,5.368608952229306e-08
1,15,0.0
1,16,0.0
1,17,0.0
1,18,0.0
1,19,0.0
1,20,0.0
1,21,0.0
1,22,0.0
1,23,0.0
1,24,0.0
1,25,0.0
1,26,0.0
1,27,0.0
1,28,0.0
1,29,0.0
1,30,0.0
1,31,0.0
1,32,0.0
1,33,0.0
1,34,0.0
1,35,0.0
1,36,0.0
1,37,0.0
1,38,0.0
1,39,0.0
1,40,0.0
1,41,0.0
1,42,0.0
1,43,0.0
1,44,0.0
1,45,0.0
1,46,0.0
1,47,0.0
1,48,0.0
1,49,0.0
1,50,0.0
1,51,0.0
1,52,0.0
2,0,29.23
2,1,6.576749995350838
2,2,1.6441874988377094
2,3,0.41104687470942736
2,4,0.10276171867735684
2,5,0.02569042966933921
2,6,0.0064226074173348024
2,7,0.0016056518543337006
2,8,0.00040141296358342515
2,9,0.0001003532390555506
2,10,2.508830976388765e-05
2,11,6.272077440971913e-06
2,12,1.5680193602429782e-06
2,13,3.9200484006074454e-07
2,14,9.800121001518614e-08
2,15,0.0
2,16,0.0
2,17,0.0
2,18,0.0
2,19,0.0
2,20,0.0
2,21,0.0
2,22,0.0
2,23,0.0
2,24,0.0
2,25,0.0
2,26,0.0
2,27,0.0
2,28,0.0
2,29,0.0
2,30,0.0
2,31,0.0
2,32,0.0
2,33,0.0
2,34,0.0
2,35,0.0
2,36,0.0
2,37,0.0
2,38,0.0
2,39,0.0
2,40,0.0
2,41,0.0
2,42,0.0
2,43,0.0
2,44,0.0
2,45,0.0
2,46,0.0
2,47,0.0
2,48,0.0
2,49,0.0
2,50,0.0
2,51,0.0
2,52,0.0
3,0,0.4625
3,1,1.8500000006846478
3,2,0.46250000017116194
3,3,0.11562500004279049
3,4,0.02890625001069762
3,5,0.007226562502674405
3,6,0.0018066406256686013
3,7,0.00045166015641715033
3,8,0.00011291503910428758
3,9,2.8228759776071896e-05
3,10,7.057189944017974e-06
3,11,1.7642974860044935e-06
3,12,4.4107437150112337e-07
3,13,0.0
3,14,0.0
3,15,0.0
3,16,0.0
3,17,0.0
3,18,0.0
3,19,0.0
3,20,0.0
3,21,0.0
3,22,0.0
3,23,0.0
3,24,0.0
3,25,0.0
3,26,0.0
3,27,0.0
3,28,0.0
3,29,0.0
3,30,0.0
3,31,0.0
3,32,0.0
3,33,0.0
3,34,0.0
3,35,0.0
3,36,0.0
3,37,0.0
3,38,0.0
3,39,0.0
3,40,0.0
3,41,0.0
3,42,0.0
3,43,0.0
3,44,0.0
3,45,0.0
3,46,0.0
3,47,0.0
3,48,0.0
3,49,0.0
3,50,0.0
3,51,0.0
3,52,0.0
4,0,85.9
4,1,19.32749999500811
4,2,4.831874998752028
4,3,1.207968749688007
4,4,0.30199218742200173
4,5,0.07549804685550043
4,6,0.01887451171387511
4,7,0.004718627928468777
4,8,0.0011796569821171943
4,9,0.0002949142436960983
4,10,7.372856092402458e-05
4,11,1.8432140231006144e-05
4,12,4.608035057751536e-06
4,13,1.152008764437884e-06
4,14,2.88002191109471e-07
4,15,7.200054777736775e-08
4,16,1.8000136944341938e-08
4,17,0.0
4,18,0.0
4,19,0.0
4,20,0.0
4,21,0.0
4,22,0.0
4,23,0.0
4,24,0.0
4,25,0.0
4,26,0.0
4,27,0.0
4,28,0.0
4,29,0.0
4,30,0.0
4,31,0.0
4,32,0.0
4,33,0.0
4,34,0.0
4,35,0.0
4,36,0.0
4,37,0.0
4,38,0.0
4,39,0.0
4,40,0.0
4,41,0.0
4,42,0.0
4,43,0.0
4,44,0.0
4,45,0.0
4,46,0.0
4,47,0.0
4,48,0.0
4,49,0.0
4,50,0.0
4,51,0.0
4,52,0.0
5,0,282.2825
5,1,63.51356249814853
5,2,15.878390624537133
5,3,3.969597656134283
5,4,0.9923994140335708
5,5,0.2480998535083927
5,6,0.062024963377098175
5,7,0.015506240844274544
5,8,0.003876560211068636
5,9,0.0009691400455267285
5,10,0.00024228501138168212
5,11,6.057125284542053e-05
5,12,1.5142813211355133e-05
5,13,3.785703302838783e-06
5,14,9.464258257096958e-07
5,15,2.3660645642742395e-07
5,16,5.915161410685599e-08
5,17,0.0
5,18,0.0
5,19,0.0
5,20,0.0
5,21,0.0
5,22,0.0
5,23,0.0
5,24,0.0
5,25,0.0
5,26,0.0
5,27,0.0
5,28,0.0
5,29,0.0
5,30,0.0
5,31,0.0
5,32,0.0
5,33,0.0
5,34,0.0
5,35,0.0
5,36,0.0
5,37,0.0
5,38,0.0
5,39,0.0
5,40,0.0
5,41,0.0
5,42,0.0
5,43,0.0
5,44,0.0
5,45,0.0
5,46,0.0
5,47,0.0
5,48,0.0
5,49,0.0
5,50,0.0
5,51,0.0
5,52,0.0
6,0,0.3525
6,1,1.4100000011529907
6,2,0.3525000002882477
6,3,0.08812500007206192
6,4,0.02203125001801548
6,5,0.00550781250450387
6,6,0.0013769531261259675
6,7,0.0003442382815314919
6,8,8.605957038287297e-05
6,9,2.1514892595718242e-05
6,10,5.378723148929561e-06
6,11,1.3446807872323902e-06
6,12,3.3617019680809754e-07
6,13,0.0
6,14,0.0
6,15,0.0
6,16,0.0
6,17,0.0
6,18,0.0
6,19,0.0
6,20,0.0
6,21,0.0
6,22,0.0
6,23,0.0
6,24,0.0
6,25,0.0
6,26,0.0
6,27,0.0
6,28,0.0
6,29,0.0
6,30,0.0
6,31,0.0
6,32,0.0
6,33,0.0
6,34,0.0
6,35,0.0
6,36,0.0
6,37,0.0
6,38,0.0
6,39,0.0
6,40,0.0
6,41,0.0
6,42,0.0
6,43,0.0
6,44,0.0
6,45,0.0
6,46,0.0
6,47,0.0
6,48,0.0
6,49,0.0
6,50,0.0
6,51,0.0
6,52,0.0
7,0,27.66
7,1,6.223499992862344
7,2,1.555874998215586
7,3,0.3889687495538965
7,4,0.09724218738847412
7,5,0.02431054684711853
7,6,0.006077636711779633
7,7,0.0015194091779449082
7,8,0.00037985229448622704
7,9,9.496307362155676e-05
7,10,2.374076840538919e-05
7,11,5.9351921013472975e-06
7,12,1.4837980253368244e-06
7,13,3.709495063342061e-07
7,14,9.273737658355152e-08
7,15,0.0
7,16,0.0
7,17,0.0
7,18,0.0
7,19,0.0
7,20,0.0
7,21,0.0
7,22,0.0
7,23,0.0
7,24,0.0
7,25,0.0
7,26,0.0
7,27,0.0
7,28,0.0
7,29,0.0
7,30,0.0
7,31,0.0
7,32,0.0
7,33,0.0
7,34,0.0
7,35,0.0
7,36,0.0
7,37,0.0
7,38,0.0
7,39,0.0
7,40,0.0
7,41,0.0
7,42,0.0
7,43,0.0
7,44,0.0
7,45,0.0
7,46,0.0
7,47,0.0
7,48,0.0
7,49,0.0
7,50,0.0
7,51,0.0
7,52,0.0
8,0,15.06
8,1,3.3884999956935644
8,2,0.8471249989233911
8,3,0.21178124973084778
8,4,0.052945312432711944
8,5,0.013236328108177986
8,6,0.0033090820270444965
8,7,0.0008272705063880892
8,8,0.0002068176265970223
8,9,5.1704406649255574e-05
8,10,1.2926101662313894e-05
8,11,3.2315254155784734e-06
8,12,8.078813538946183e-07
8,13,2.019703384736546e-07
8,14,5.049258461841365e-08
8,15,0.0
8,16,0.0
8,17,0.0
8,18,0.0
8,19,0.0
8,20,0.0
8,21,0.0
8,22,0.0
8,23,0.0
8,24,0.0
8,25,0.0
8,26,0.0
8,27,0.0
8,28,0.0
8,29,0.0
8,30,0.0
8,31,0.0
8,32,0.0
8,33,0.0
8,34,0.0
8,35,0.0
8,36,0.0
8,37,0.0
8,38,0.0
8,39,0.0
8,40,0.0
8,41,0.0
8,42,0.0
8,43,0.0
8,44,0.0
8,45,0.0
8,46,0.0
8,47,0.0
8,48,0.0
8,49,0.0
8,50,0.0
8,51,0.0
8,52,0.0
9,0,32.2875
9,1,7.264687489718199
9,2,1.8161718724295497
9,3,0.4540429681073874
9,4,0.11351074202684686
9,5,0.028377685506711714
9,6,0.0070944213766779285
9,7,0.0017736053441694821
9,8,0.00044340133604237053
9,9,0.00011085033204949468
9,10,2.771258301237367e-05
9,11,6.928145753093418e-06
9,12,1.7320364382733544e-06
9,13,4.330091095683386e-07
9,14,1.0825227739208465e-07
9,15,0.0
9,16,0.0
9,17,0.0
9,18,0.0
9,19,0.0
9,20,0.0
9,21,0.0
9,22,0.0
9,23,0.0
9,24,0.0
9,25,0.0
9,26,0.0
9,27,0.0
9,28,0.0
9,29,0.0
9,30,0.0
9,31,0.0
9,32,0.0
9,33,0.0
9,34,0.0
9,35,0.0
9,36,0.0
9,37,0.0
9,38,0.0
9,39,0.0
9,40,0.0
9,41,0.0
9,42,0.0
9,43,0.0
9,44,0.0
9,45,0.0
9,46,0.0
9,47,0.0
9,48,0.0
9,49,0.0
9,50,0.0
9,51,0.0
9,52,0.0
10,0,49.4675
10,1,11.130187497474253
10,2,2.7825468743685633
10,3,0.6956367185921408
10,4,0.1739091796480352
10,5,0.0434772949120088
10,6,0.0108693237280022
10,7,0.00271733093200055
10,8,0.0006793327330001375
10,9,0.0001698331806316844
10,10,4.24582951579211e-05
10,11,1.0614573789480275e-05
10,12,2.6536434473700687e-06
10,13,6.634108618425172e-07
10,14,1.658527154606293e-07
10,15,0.0
10,16,0.0
10,17,0.0
10,18,0.0
10,19,0.0
10,20,0.0
10,21,0.0
10,22,0.0
10,23,0.0
10,24,0.0
10,25,0.0
10,26,0.0
10,27,0.0
10,28,0.0
10,29,0.0
10,30,0.0
10,31,0.0
10,32,0.0
10,33,0.0
10,34,0.0
10,35,0.0
10,36,0.0
10,37,0.0
10,38,0.0
10,39,0.0
10,40,0.0
10,41,0.0
10,42,0.0
10,43,0.0
10,44,0.0
10,45,0.0
10,46,0.0
10,47,0.0
10,48,0.0
10,49,0.0
10,50,0.0
10,51,0.0
10,52,0.0
11,0,5.975
11,1,1.3443749882280827
11,2,0.33609374705702066
11,3,0.08402343676425517
11,4,0.02100585919106379
11,5,0.005251464797765948
11,6,0.001312866199441487
11,7,0.0003282165497342504
11,8,8.20541374335626e-05
11,9,2.051353435839065e-05
11,10,5.128383589597663e-06
11,11,1.2820958973994157e-06
11,12,3.205239743498539e-07
11,13,0.0
11,14,0.0
11,15,0.0
11,16,0.0
11,17,0.0
11,18,0.0
11,19,0.0
11,20,0.0
11,21,0.0
11,22,0.0
11,23,0.0
11,24,0.0
11,25,0.0
11,26,0.0
11,27,0.0
11,28,0.0
11,29,0.0
11,30,0.0
11,31,0.0
11,32,0.0
11,33,0.0
11,34,0.0
11,35,0.0
11,36,0.0
11,37,0.0
11,38,0.0
11,39,0.0
11,40,0.0
11,41,0.0
11,42,0.0
11,43,0.0
11,44,0.0
11,45,0.0
11,46,0.0
11,47,0.0
11,48,0.0
11,49,0.0
11,50,0.0
11,51,0.0
11,52,0.0
12,0,3.0575
12,1,12.229999999999999
12,2,3.0574999999999997
12,3,0.7643749999999999
12,4,0.19109374999999998
12,5,0.047773437499999995
12,6,0.011943359374999999
12,7,0.0029858398437499997
12,8,0.0007464599609374999
12,9,0.00018661499023437498
12,10,4.6653747558593745e-05
12,11,1.1663436889648436e-05
12,12,2.915859222412109e-06
12,13,7.289648056030273e-07
12,14,1.8224120140075682e-07
12,15,0.0
12,16,0.0
12,17,0.0
12,18,0.0
12,19,0.0
12,20,0.0
12,21,0.0
12,22,0.0
12,23,0.0
12,24,0.0
12,25,0.0
12,26,0.0
12,27,0.0
12,28,0.0
12,29,0.0
12,30,0.0
12,31,0.0
12,32,0.0
12,33,0.0
12,34,0.0
12,35,0.0
12,36,0.0
12,37,0.0
12,38,0.0
12,39,0.0
12,40,0.0
12,41,0.0
12,42,0.0
12,43,0.0
12,44,0.0
12,45,0.0
12,46,0.0
12,47,0.0
12,48,0.0
12,49,0.0
12,50,0.0
12,51,0.0
12,52,0.0
13,0,0.025
13,1,0.005624999999999977
13,2,0.00140624999999997
13,3,0.00035156249999996475
13,4,8.789062499999119e-05
13,5,2.1972656249997797e-05
13,6,5.493164062499449e-06
13,7,0.0
13,8,0.0
13,9,0.0
13,10,0.0
13,11,0.0
13,12,0.0
13,13,0.0
13,14,0.0
13,15,0.0
13,16,0.0
13,17,0.0
13,18,0.0
13,19,0.0
13,20,0.0
13,21,0.0
13,22,0.0
13,23,0.0
13,24,0.0
13,25,0.0
13,26,0.0
13,27,0.0
13,28,0.0
13,29,0.0
13,30,0.0
13,31,0.0
13,32,0.0
13,33,0.0
13,34,0.0
13,35,0.0
13,36,0.0
13,37,0.0
13,38,0.0
13,39,0.0
13,40,0.0
13,41,0.0
13,42,0.0
13,43,0.0
13,44,0.0
13,45,0.0
13,46,0.0
13,47,0.0
13,48,0.0
13,49,0.0
13,50,0.0
13,51,0.0
13,52,0.0
14,0,205.515
14,1,46.24087498895824
14,2,11.56021874723956
14,3,2.89005468680989
14,4,0.7225136717024725
14,5,0.18062841792561812
14,6,0.04515710448140453
14,7,0.011289276120351133
14,8,0.002822319030087783
14,9,0.0007055797575219457
14,10,0.00017639493938048642
14,11,4.409873484512159e-05
14,12,1.1024683711280398e-05
14,13,2.7561709278200995e-06
14,14,6.890427319550249e-07
14,15,1.7226068298875622e-07
14,16,4.3065170747189054e-08
14,17,0.0
14,18,0.0
14,19,0.0
14,20,0.0
14,21,0.0
14,22,0.0
14,23,0.0
14,24,0.0
14,25,0.0
14,26,0.0
14,27,0.0
14,28,0.0
14,29,0.0
14,30,0.0
14,31,0.0
14,32,0.0
14,33,0.0
14,34,0.0
14,35,0.0
14,36,0.0
14,37,0.0
14,38,0.0
14,39,0.0
14,40,0.0
14,41,0.0
14,42,0.0
14,43,0.0
14,44,0.0
14,45,0.0
14,46,0.0
14,47,0.0
14,48,0.0
14,49,0.0
14,50,0.0
14,51,0.0
14,52,0.0
15,0,71.0275
15,1,15.98118749866262
15,2,3.995296874665655
15,3,0.9988242186664138
15,4,0.24970605466660345
15,5,0.06242651366665086
15,6,0.015606628416662716
15,7,0.003901657104165679
15,8,0.0009754142760414197
15,9,0.00024385356506684275
15,10,6.096339126671069e-05
15,11,1.5240847816677672e-05
15,12,3.810211954169418e-06
15,13,9.525529885423545e-07
15,14,2.3813824713558862e-07
15,15,0.0
15,16,0.0
15,17,0.0
15,18,0.0
15,19,0.0
15,20,0.0
15,21,0.0
15,22,0.0
15,23,0.0
15,24,0.0
15,25,0.0
15,26,0.0
15,27,0.0
15,28,0.0
15,29,0.0
15,30,0.0
15,31,0.0
15,32,0.0
15,33,0.0
15,34,0.0
15,35,0.0
15,36,0.0
15,37,0.0
15,38,0.0
15,39,0.0
15,40,0.0
15,41,0.0
15,42,0.0
15,43,0.0
15,44,0.0
15,45,0.0
15,46,0.0
15,47,0.0
15,48,0.0
15,49,0.0
15,50,0.0
15,51,0.0
15,52,0.0
16,0,4.9725
16,1,1.1188124902546406
16,2,0.27970312256366014
16,3,0.06992578064091504
16,4,0.01748144516022876
16,5,0.00437036129005719
16,6,0.0010925903225142974
16,7,0.00027314758052199295
16,8,6.828689513049824e-05
16,9,1.707172378262456e-05
16,10,4.26793094565614e-06
16,11,1.066982736414035e-06
16,12,2.6674568410350874e-07
16,13,0.0
16,14,0.0
16,15,0.0
16,16,0.0
16,17,0.0
16,18,0.0
16,19,0.0
16,20,0.0
16,21,0.0
16,22,0.0
16,23,0.0
16,24,0.0
16,25,0.0
16,26,0.0
16,27,0.0
16,28,0.0
16,29,0.0
16,30,0.0
16,31,0.0
16,32,0.0
16,33,0.0
16,34,0.0
16,35,0.0
16,36,0.0
16,37,0.0
16,38,0.0
16,39,0.0
16,40,0.0
16,41,0.0
16,42,0.0
16,43,0.0
16,44,0.0
16,45,0.0
16,46,0.0
16,47,0.0
16,48,0.0
16,49,0.0
16,50,0.0
16,51,0.0
16,52,0.0
17,0,0.35
17,1,1.4000000005720983
17,2,0.35000000014302457
17,3,0.08750000003575614
17,4,0.021875000008939036
17,5,0.005468750002234759
17,6,0.0013671875005586897
17,7,0.00034179687513967243
17,8,8.544921878491811e-05
17,9,2.1362304696229527e-05
17,10,5.340576174057382e-06
17,11,1.3351440435143454e-06
17,12,3.3378601087858636e-07
17,13,0.0
17,14,0.0
17,15,0.0
17,16,0.0
17,17,0.0
17,18,0.0
17,19,0.0
17,20,0.0
17,21,0.0
17,22,0.0
17,23,0.0
17,24,0.0
17,25,0.0
17,26,0.0
17,27,0.0
17,28,0.0
17,29,0.0
17,30,0.0
17,31,0.0
17,32,0.0
17,33,0.0
17,34,0.0
17,35,0.0
17,36,0.0
17,37,0.0
17,38,0.0
17,39,0.0
17,40,0.0
17,41,0.0
17,42,0.0
17,43,0.0
17,44,0.0
17,45,0.0
17,46,0.0
17,47,0.0
17,48,0.0
17,49,0.0
17,50,0.0
17,51,0.0
17,52,0.0
18,0,24.5275
18,1,5.518687482923269
18,2,1.3796718707308173
18,3,0.34491796768270433
18,4,0.08622949192067608
18,5,0.02155737298016902
18,6,0.005389343245042255
18,7,0.0013473358112605638
18,8,0.00033683395281514095
18,9,8.420848820378524e-05
18,10,2.105212205094631e-05
18,11,5.263030512736577e-06
18,12,1.3157576281841443e-06
18,13,3.289394070460361e-07
18,14,8.223485176150902e-08
18,15,0.0
18,16,0.0
18,17,0.0
18,18,0.0
18,19,0.0
18,20,0.0
18,21,0.0
18,22,0.0
18,23,0.0
18,24,0.0
18,25,0.0
18,26,0.0
18,27,0.0
18,28,0.0
18,29,0.0
18,30,0.0
18,31,0.0
18,32,0.0
18,33,0.0
18,34,0.0
18,35,0.0
18,36,0.0
18,37,0.0
18,38,0.0
18,39,0.0
18,40,0.0
18,41,0.0
18,42,0.0
18,43,0.0
18,44,0.0
18,45,0.0
18,46,0.0
18,47,0.0
18,48,0.0
18,49,0.0
18,50,0.0
18,51,0.0
18,52,0.0
19,0,0.025
19,1,0.005624999999999977
19,2,0.00140624999999997
19,3,0.00035156249999996475
19,4,8.789062499999119e-05
19,5,2.1972656249997797e-05
19,6,5.493164062499449e-06
19,7,0.0
19,8,0.0
19,9,0.0
19,10,0.0
19,11,0.0
19,12,0.0
19,13,0.0
19,14,0.0
19,15,0.0
19,16,0.0
19,17,0.0
19,18,0.0
19,19,0.0
19,20,0.0
19,21,0.0
19,22,0.0
19,23,0.0
19,24,0.0
19,25,0.0
19,26,0.0
19,27,0.0
19,28,0.0
19,29,0.0
19,30,0.0
19,31,0.0
19,32,0.0
19,33,0.0
19,34,0.0
19,35,0.0
19,36,0.0
19,37,0.0
19,38,0.0
19,39,0.0
19,40,0.0
19,41,0.0
19,42,0.0
19,43,0.0
19,44,0.0
19,45,0.0
19,46,0.0
19,47,0.0
19,48,0.0
19,49,0.0
19,50,0.0
19,51,0.0
19,52,0.0
20,0,0.025
20,1,0.005624999999999977
20,2,0.00140624999999997
20,3,0.00035156249999996475
20,4,8.789062499999119e-05
20,5,2.1972656249997797e-05
20,6,5.493164062499449e-06
20,7,0.0
20,8,0.0
20,9,0.0
20,10,0.0
20,11,0.0
20,12,0.0
20,13,0.0
20,14,0.0
20,15,0.0
20,16,0.0
20,17,0.0
20,18,0.0
20,19,0.0
20,20,0.0
20,21,0.0
20,22,0.0
20,23,0.0
20,24,0.0
20,25,0.0
20,26,0.0
20,27,0.0
20,28,0.0
20,29,0.0
20,30,0.0
20,31,0.0
20,32,0.0
20,33,0.0
20,34,0.0
20,35,0.0
20,36,0.0
20,37,0.0
20,38,0.0
20,39,0.0
20,40,0.0
20,41,0.0
20,42,0.0
20,43,0.0
20,44,0.0
20,45,0.0
20,46,0.0
20,47,0.0
20,48,0.0
20,49,0.0
20,50,0.0
20,51,0.0
20,52,0.0
21,0,0.5275
21,1,2.110000001226874
21,2,0.5275000003067185
21,3,0.13187500007667963
21,4,0.03296875001916991
21,5,0.008242187504792477
21,6,0.002060546876198119
21,7,0.0005151367190495298
21,8,0.00012878417976238245
21,9,3.219604494059561e-05
21,10,8.049011235148903e-06
21,11,2.0122528087872258e-06
21,12,5.030632021968064e-07
21,13,0.0
21,14,0.0
21,15,0.0
21,16,0.0
21,17,0.0
21,18,0.0
21,19,0.0
21,20,0.0
21,21,0.0
21,22,0.0
21,23,0.0
21,24,0.0
21,25,0.0
21,26,0.0
21,27,0.0
21,28,0.0
21,29,0.0
21,30,0.0
21,31,0.0
21,32,0.0
21,33,0.0
21,34,0.0
21,35,0.0
21,36,0.0
21,37,0.0
21,38,0.0
21,39,0.0
21,40,0.0
21,41,0.0
21,42,0.0
21,43,0.0
21,44,0.0
21,45,0.0
21,46,0.0
21,47,0.0
21,48,0.0
21,49,0.0
21,50,0.0
21,51,0.0
21,52,0.0
22,0,0.025
22,1,0.005624999999999977
22,2,0.00140624999999997
22,3,0.00035156249999996475
22,4,8.789062499999119e-05
22,5,2.1972656249997797e-05
22,6,5.493164062499449e-06
22,7,0.0
22,8,0.0
22,9,0.0
22,10,0.0
22,11,0.0
22,12,0.0
22,13,0.0
22,14,0.0
22,15,0.0
22,16,0.0
22,17,0.0
22,18,0.0
22,19,0.0
22,20,0.0
22,21,0.0
22,22,0.0
22,23,0.0
22,24,0.0
22,25,0.0
22,26,0.0
22,27,0.0
22,28,0.0
22,29,0.0
22,30,0.0
22,31,0.0
22,32,0.0
22,33,0.0
22,34,0.0
22,35,0.0
22,36,0.0
22,37,0.0
22,38,0.0
22,39,0.0
22,40,0.0
22,41,0.0
22,42,0.0
22,43,0.0
22,44,0.0
22,45,0.0
22,46,0.0
22,47,0.0
22,48,0.0
22,49,0.0
22,50,0.0
22,51,0.0
22,52,0.0
23,0,1.0875
23,1,4.350000001554346
23,2,1.0875000006858369
23,3,0.27187500017183075
23,4,0.06796875009915569
23,5,0.016992187539254577
23,6,0.0042480468905868735
23,7,0.0010620117231978235
23,8,0.00026550293134918336
23,9,6.637573338564902e-05
23,10,1.659393389339455e-05
23,11,4.148484018963479e-06
23,12,1.037121548991674e-06
23,13,2.5928093013809555e-07
23,14,6.482077406747555e-08
23,15,1.6205733695988173e-08
23,16,4.051568473278408e-09
23,17,1.0129258817653662e-09
23,18,2.5323991158414777e-10
23,19,0.0
23,20,0.0
23,21,0.0
23,22,0.0
23,23,0.0
23,24,0.0
23,25,0.0
23,26,0.0
23,27,0.0
23,28,0.0
23,29,0.0
23,30,0.0
23,31,0.0
23,32,0.0
23,33,0.0
23,34,0.0
23,35,0.0
23,36,0.0
23,37,0.0
23,38,0.0
23,39,0.0
23,40,0.0
23,41,0.0
23,42,0.0
23,43,0.0
23,44,0.0
23,45,0.0
23,46,0.0
23,47,0.0
23,48,0.0
23,49,0.0
23,50,0.0
23,51,0.0
23,52,0.0
24,0,1.3225
24,1,5.290000000421049
24,2,1.3225000001052623
24,3,0.33062500002631556
24,4,0.08265625000657889
24,5,0.020664062501644723
24,6,0.005166015625411181
24,7,0.0012915039063527952
24,8,0.0003228759765881988
24,9,8.07189941470497e-05
24,10,2.0179748536762425e-05
24,11,5.044937134190606e-06
24,12,1.2612342835476515e-06
24,13,0.0
24,14,0.0
24,15,0.0
24,16,0.0
24,17,0.0
24,18,0.0
24,19,0.0
24,20,0.0
24,21,0.0
24,22,0.0
24,23,0.0
24,24,0.0
24,25,0.0
24,26,0.0
24,27,0.0
24,28,0.0
24,29,0.0
24,30,0.0
24,31,0.0
24,32,0.0
24,33,0.0
24,34,0.0
24,35,0.0
24,36,0.0
24,37,0.0
24,38,0.0
24,39,0.0
24,40,0.0
24,41,0.0
24,42,0.0
24,43,0.0
24,44,0.0
24,45,0.0
24,46,0.0
24,47,0.0
24,48,0.0
24,49,0.0
24,50,0.0
24,51,0.0
24,52,0.0
25,0,36.3425
25,1,8.177062494680285
25,2,2.0442656236700714
25,3,0.5110664059175178
25,4,0.12776660147937946
25,5,0.031941650369844865
25,6,0.007985412592461216
25,7,0.001996353148115304
25,8,0.000499088287028826
25,9,0.00012477206985650469
25,10,3.119301746412617e-05
25,11,7.798254366031543e-06
25,12,1.9495635915078857e-06
25,13,4.873908978769714e-07
25,14,1.2184772446924286e-07
25,15,0.0
25,16,0.0
25,17,0.0
25,18,0.0
25,19,0.0
25,20,0.0
25,21,0.0
25,22,0.0
25,23,0.0
25,24,0.0
25,25,0.0
25,26,0.0
25,27,0.0
25,28,0.0
25,29,0.0
25,30,0.0
25,31,0.0
25,32,0.0
25,33,0.0
25,34,0.0
25,35,0.0
25,36,0.0
25,37,0.0
25,38,0.0
25,39,0.0
25,40,0.0
25,41,0.0
25,42,0.0
25,43,0.0
25,44,0.0
25,45,0.0
25,46,0.0
25,47,0.0
25,48,0.0
25,49,0.0
25,50,0.0
25,51,0.0
25,52,0.0
26,0,13.8675
26,1,3.120187496766448
26,2,0.780046874191612
26,3,0.195011718547903
26,4,0.04875292963697575
26,5,0.012188232409243938
26,6,0.0030470581023109844
26,7,0.0007617645252047112
26,8,0.0001904411313011778
26,9,4.761028282529445e-05
26,10,1.1902570706323612e-05
26,11,2.975642676580903e-06
26,12,7.439106691452257e-07
26,13,1.8597766728630644e-07
26,14,4.649441682157661e-08
26,15,0.0
26,16,0.0
26,17,0.0
26,18,0.0
26,19,0.0
26,20,0.0
26,21,0.0
26,22,0.0
26,23,0.0
26,24,0.0
26,25,0.0
26,26,0.0
26,27,0.0
26,28,0.0
26,29,0.0
26,30,0.0
26,31,0.0
26,32,0.0
26,33,0.0
26,34,0.0
26,35,0.0
26,36,0.0
26,37,0.0
26,38,0.0
26,39,0.0
26,40,0.0
26,41,0.0
26,42,0.0
26,43,0.0
26,44,0.0
26,45,0.0
26,46,0.0
26,47,0.0
26,48,0.0
26,49,0.0
26,50,0.0
26,51,0.0
26,52,0.0
27,0,218.415
27,1,49.14337499253452
27,2,12.28584374813363
27,3,3.0714609370334074
27,4,0.7678652342583518
27,5,0.19196630856458796
27,6,0.04799157714114699
27,7,0.011997894285286748
27,8,0.002999473571321687
27,9,0.0007498683928304215
27,10,0.00018746709820760538
27,11,4.686677455190132e-05
27,12,1.171669363797533e-05
27,13,2.9291734094938323e-06
27,14,7.322933523734581e-07
27,15,1.8307333809336452e-07
27,16,4.576833452334113e-08
27,17,0.0
27,18,0.0
27,19,0.0
27,20,0.0
27,21,0.0
27,22,0.0
27,23,0.0
27,24,0.0
27,25,0.0
27,26,0.0
27,27,0.0
27,28,0.0
27,29,0.0
27,30,0.0
27,31,0.0
27,32,0.0
27,33,0.0
27,34,0.0
27,35,0.0
27,36,0.0
27,37,0.0
27,38,0.0
27,39,0.0
27,40,0.0
27,41,0.0
27,42,0.0
27,43,0.0
27,44,0.0
27,45,0.0
27,46,0.0
27,47,0.0
27,48,0.0
27,49,0.0
27,50,0.0
27,51,0.0
27,52,0.0
28,0,0.8
28,1,3.2000000013504177
28,2,0.8000000003376044
28,3,0.2
28,4,0.05
28,5,0.01250000000527507
28,6,0.0031250000013187673
28,7,0.0007812500003296918
28,8,0.00019531250008242296
28,9,4.882812502060574e-05
28,10,1.2207031255151435e-05
28,11,3.0517578137878587e-06
28,12,7.629394534469647e-07
28,13,0.0
28,14,0.0
28,15,0.0
28,16,0.0
28,17,0.0
28,18,0.0
28,19,0.0
28,20,0.0
28,21,0.0
28,22,0.0
28,23,0.0
28,24,0.0
28,25,0.0
28,26,0.0
28,27,0.0
28,28,0.0
28,29,0.0
28,30,0.0
28,31,0.0
28,32,0.0
28,33,0.0
28,34,0.0
28,35,0.0
28,36,0.0
28,37,0.0
28,38,0.0
28,39,0.0
28,40,0.0
28,41,0.0
28,42,0.0
28,43,0.0
28,44,0.0
28,45,0.0
28,46,0.0
28,47,0.0
28,48,0.0
28,49,0.0
28,50,0.0
28,51,0.0
28,52,0.0
29,0,21.1375
29,1,4.755937495268881
29,2,1.1889843738172203
29,3,0.2972460934543051
29,4,0.07431152336357627
29,5,0.018577880840894068
29,6,0.004644470210223517
29,7,0.0011611175525558792
29,8,0.0002902793881389698
29,9,7.256984703474245e-05
29,10,1.8142461758685613e-05
29,11,4.535615439671403e-06
29,12,1.1339038599178508e-06
29,13,2.834759649794627e-07
29,14,7.086899124486568e-08
29,15,0.0
29,16,0.0
29,17,0.0
29,18,0.0
29,19,0.0
29,20,0.0
29,21,0.0
29,22,0.0
29,23,0.0
29,24,0.0
29,25,0.0
29,26,0.0
29,27,0.0
29,28,0.0
29,29,0.0
29,30,0.0
29,31,0.0
29,32,0.0
29,33,0.0
29,34,0.0
29,35,0.0
29,36,0.0
29,37,0.0
29,38,0.0
29,39,0.0
29,40,0.0
29,41,0.0
29,42,0.0
29,43,0.0
29,44,0.0
29,45,0.0
29,46,0.0
29,47,0.0
29,48,0.0
29,49,0.0
29,50,0.0
29,51,0.0
29,52,0.0
30,0,3.5975
30,1,14.389999999999999
30,2,3.5974999999999997
30,3,0.8993749999999999
30,4,0.22484374999999998
30,5,0.056210937499999995
30,6,0.014052734374999999
30,7,0.0035131835937499997
30,8,0.0008782958984374999
30,9,0.00021957397460937498
30,10,5.4893493652343745e-05
30,11,1.3723373413085936e-05
30,12,3.430843353271484e-06
30,13,8.57710838317871e-07
30,14,2.1442770957946776e-07
30,15,0.0
30,16,0.0
30,17,0.0
30,18,0.0
30,19,0.0
30,20,0.0
30,21,0.0
30,22,0.0
30,23,0.0
30,24,0.0
30,25,0.0
30,26,0.0
30,27,0.0
30,28,0.0
30,29,0.0
30,30,0.0
30,31,0.0
30,32,0.0
30,33,0.0
30,34,0.0
30,35,0.0
30,36,0.0
30,37,0.0
30,38,0.0
30,39,0.0
30,40,0.0
30,41,0.0
30,42,0.0
30,43,0.0
30,44,0.0
30,45,0.0
30,46,0.0
30,47,0.0
30,48,0.0
30,49,0.0
30,50,0.0
30,51,0.0
30,52,0.0
31,0,0.025
31,1,0.005624999999999977
31,2,0.00140624999999997
31,3,0.00035156249999996475
31,4,8.789062499999119e-05
31,5,2.1972656249997797e-05
31,6,5.493164062499449e-06
31,7,0.0
31,8,0.0
31,9,0.0
31,10,0.0
31,11,0.0
31,12,0.0
31,13,0.0
31,14,0.0
31,15,0.0
31,16,0.0
31,17,0.0
31,18,0.0
31,19,0.0
31,20,0.0
31,21,0.0
31,22,0.0
31,23,0.0
31,24,0.0
31,25,0.0
31,26,0.0
31,27,0.0
31,28,0.0
31,29,0.0
31,30,0.0
31,31,0.0
31,32,0.0
31,33,0.0
31,34,0.0
31,35,0.0
31,36,0.0
31,37,0.0
31,38,0.0
31,39,0.0
31,40,0.0
31,41,0.0
31,42,0.0
31,43,0.0
31,44,0.0
31,45,0.0
31,46,0.0
31,47,0.0
31,48,0.0
31,49,0.0
31,50,0.0
31,51,0.0
31,52,0.0
32,0,0.025
32,1,0.005624999999999977
32,2,0.00140624999999997
32,3,0.00035156249999996475
32,4,8.789062499999119e-05
32,5,2.1972656249997797e-05
32,6,5.493164062499449e-06
32,7,0.0
32,8,0.0
32,9,0.0
32,10,0.0
32,11,0.0
32,12,0.0
32,13,0.0
32,14,0.0
32,15,0.0
32,16,0.0
32,17,0.0
32,18,0.0
32,19,0.0
32,20,0.0
32,21,0.0
32,22,0.0
32,23,0.0
32,24,0.0
32,25,0.0
32,26,0.0
32,27,0.0
32,28,0.0
32,29,0.0
32,30,0.0
32,31,0.0
32,32,0.0
32,33,0.0
32,34,0.0
32,35,0.0
32,36,0.0
32,37,0.0
32,38,0.0
32,39,0.0
32,40,0.0
32,41,0.0
32,42,0.0
32,43,0.0
32,44,0.0
32,45,0.0
32,46,0.0
32,47,0.0
32,48,0.0
32,49,0.0
32,50,0.0
32,51,0.0
32,52,0.0
33,0,53.2625
33,1,11.984062481671572
33,2,2.996015620417893
33,3,0.7490039051044732
33,4,0.1872509762761183
33,5,0.04681274406902958
33,6,0.011703186017257394
33,7,0.0029257965043143486
33,8,0.0007314491260785871
33,9,0.0001828622781729905
33,10,4.5715569543247625e-05
33,11,1.1428892385811906e-05
33,12,2.8572230964529766e-06
33,13,7.143057741132441e-07
33,14,1.7857644352831104e-07
33,15,0.0
33,16,0.0
33,17,0.0
33,18,0.0
33,19,0.0
33,20,0.0
33,21,0.0
33,22,0.0
33,23,0.0
33,24,0.0
33,25,0.0
33,26,0.0
33,27,0.0
33,28,0.0
33,29,0.0
33,30,0.0
33,31,0.0
33,32,0.0
33,33,0.0
33,34,0.0
33,35,0.0
33,36,0.0
33,37,0.0
33,38,0.0
33,39,0.0
33,40,0.0
33,41,0.0
33,42,0.0
33,43,0.0
33,44,0.0
33,45,0.0
33,46,0.0
33,47,0.0
33,48,0.0
33,49,0.0
33,50,0.0
33,51,0.0
33,52,0.0
34,0,104.8475
34,1,23.590687489137053
34,2,5.897671872284263
34,3,1.4744179680710658
34,4,0.36860449201776646
34,5,0.09215112300444162
34,6,0.023037780751110404
34,7,0.005759445187777601
34,8,0.0014398612969444002
34,9,0.0003599653217492005
34,10,8.999133043730012e-05
34,11,2.249783260932503e-05
34,12,5.6244581523312576e-06
34,13,1.4061145380828144e-06
34,14,3.515286345207036e-07
34,15,8.78821586301759e-08
34,16,2.1970539657543975e-08
34,17,0.0
34,18,0.0
34,19,0.0
34,20,0.0
34,21,0.0
34,22,0.0
34,23,0.0
34,24,0.0
34,25,0.0
34,26,0.0
34,27,0.0
34,28,0.0
34,29,0.0
34,30,0.0
34,31,0.0
34,32,0.0
34,33,0.0
34,34,0.0
34,35,0.0
34,36,0.0
34,37,0.0
34,38,0.0
34,39,0.0
34,40,0.0
34,41,0.0
34,42,0.0
34,43,0.0
34,44,0.0
34,45,0.0
34,46,0.0
34,47,0.0
34,48,0.0
34,49,0.0
34,50,0.0
34,51,0.0
34,52,0.0
35,0,45.8075
35,1,10.306687489151955
35,2,2.5766718722879887
35,3,0.6441679680719972
35,4,0.1610419920179993
35,5,0.04026049800449982
35,6,0.010065124501124956
35,7,0.002516281125281239
35,8,0.0006290702813203097
35,9,0.00015726756786804685
35,10,3.9316891967011713e-05
35,11,9.829222991752928e-06
35,12,2.457305747938232e-06
35,13,6.14326436984558e-07
35,14,1.535816092461395e-07
35,15,0.0
35,16,0.0
35,17,0.0
35,18,0.0
35,19,0.0
35,20,0.0
35,21,0.0
35,22,0.0
35,23,0.0
35,24,0.0
35,25,0.0
35,26,0.0
35,27,0.0
35,28,0.0
35,29,0.0
35,30,0.0
35,31,0.0
35,32,0.0
35,33,0.0
35,34,0.0
35,35,0.0
35,36,0.0
35,37,0.0
35,38,0.0
35,39,0.0
35,40,0.0
35,41,0.0
35,42,0.0
35,43,0.0
35,44,0.0
35,45,0.0
35,46,0.0
35,47,0.0
35,48,0.0
35,49,0.0
35,50,0.0
35,51,0.0
35,52,0.0
36,0,0.025
36,1,0.005624999999999977
36,2,0.00140624999999997
36,3,0.00035156249999996475
36,4,8.789062499999119e-05
36,5,2.1972656249997797e-05
36,6,5.493164062499449e-06
36,7,0.0
36,8,0.0
36,9,0.0
36,10,0.0
36,11,0.0
36,12,0.0
36,13,0.0
36,14,0.0
36,15,0.0
36,16,0.0
36,17,0.0
36,18,0.0
36,19,0.0
36,20,0.0
36,21,0.0
36,22,0.0
36,23,0.0
36,24,0.0
36,25,0.0
36,26,0.0
36,27,0.0
36,28,0.0
36,29,0.0
36,30,0.0
36,31,0.0
36,32,0.0
36,33,0.0
36,34,0.0
36,35,0.0
36,36,0.0
36,37,0.0
36,38,0.0
36,39,0.0
36,40,0.0
36,41,0.0
36,42,0.0
36,43,0.0
36,44,0.0
36,45,0.0
36,46,0.0
36,47,0.0
36,48,0.0
36,49,0.0
36,50,0.0
36,51,0.0
36,52,0.0
37,0,0.025
37,1,0.005624999999999977
37,2,0.00140624999999997
37,3,0.00035156249999996475
37,4,8.789062499999119e-05
37,5,2.1972656249997797e-05
37,6,5.493164062499449e-06
37,7,0.0
37,8,0.0
37,9,0.0
37,10,0.0
37,11,0.0
37,12,0.0
37,13,0.0
37,14,0.0
37,15,0.0
37,16,0.0
37,17,0.0
37,18,0.0
37,19,0.0
37,20,0.0
37,21,0.0
37,22,0.0
37,23,0.0
37,24,0.0
37,25,0.0
37,26,0.0
37,27,0.0
37,28,0.0
37,29,0.0
37,30,0.0
37,31,0.0
37,32,0.0
37,33,0.0
37,34,0.0
37,35,0.0
37,36,0.0
37,37,0.0
37,38,0.0
37,39,0.0
37,40,0.0
37,41,0.0
37,42,0.0
37,43,0.0
37,44,0.0
37,45,0.0
37,46,0.0
37,47,0.0
37,48,0.0
37,49,0.0
37,50,0.0
37,51,0.0
37,52,0.0
38,0,0.505
38,1,2.0200000014893784
38,2,0.5050000003723446
38,3,0.12625000009308615
38,4,0.03156250002327154
38,5,0.007890625005817884
38,6,0.001972656251454471
38,7,0.0004931640628636178
38,8,0.00012329101571590444
38,9,3.082275392897611e-05
38,10,7.705688482244028e-06
38,11,1.926422120561007e-06
38,12,4.816055301402517e-07
38,13,0.0
38,14,0.0
38,15,0.0
38,16,0.0
38,17,0.0
38,18,0.0
38,19,0.0
38,20,0.0
38,21,0.0
38,22,0.0
38,23,0.0
38,24,0.0
38,25,0.0
38,26,0.0
38,27,0.0
38,28,0.0
38,29,0.0
38,30,0.0
38,31,0.0
38,32,0.0
38,33,0.0
38,34,0.0
38,35,0.0
38,36,0.0
38,37,0.0
38,38,0.0
38,39,0.0
38,40,0.0
38,41,0.0
38,42,0.0
38,43,0.0
38,44,0.0
38,45,0.0
38,46,0.0
38,47,0.0
38,48,0.0
38,49,0.0
38,50,0.0
38,51,0.0
38,52,0.0
39,0,43.8875
39,1,9.874687494710088
39,2,2.468671873677522
39,3,0.6171679684193805
39,4,0.15429199210484512
39,5,0.03857299802621128
39,6,0.00964324950655282
39,7,0.002410812376638205
39,8,0.0006027030941595513
39,9,0.0001506757713052309
39,10,3.766894282630773e-05
39,11,9.417235706576932e-06
39,12,2.354308926644233e-06
39,13,5.885772316610582e-07
39,14,1.4714430791526456e-07
39,15,0.0
39,16,0.0
39,17,0.0
39,18,0.0
39,19,0.0
39,20,0.0
39,21,0.0
39,22,0.0
39,23,0.0
39,24,0.0
39,25,0.0
39,26,0.0
39,27,0.0
39,28,0.0
39,29,0.0
39,30,0.0
39,31,0.0
39,32,0.0
39,33,0.0
39,34,0.0
39,35,0.0
39,36,0.0
39,37,0.0
39,38,0.0
39,39,0.0
39,40,0.0
39,41,0.0
39,42,0.0
39,43,0.0
39,44,0.0
39,45,0.0
39,46,0.0
39,47,0.0
39,48,0.0
39,49,0.0
39,50,0.0
39,51,0.0
39,52,0.0
40,0,51.1025
40,1,11.498062489554286
40,2,2.8745156223885715
40,3,0.7186289055971429
40,4,0.17965722639928572
40,5,0.04491430659982143
40,6,0.011228576649955357
40,7,0.0028071441624888394
40,8,0.0007017860406222098
40,9,0.00017544650712153498
40,10,4.3861626780383745e-05
40,11,1.0965406695095936e-05
40,12,2.741351673773984e-06
40,13,6.85337918443496e-07
40,14,1.71334479610874e-07
40,15,0.0
40,16,0.0
40,17,0.0
40,18,0.0
40,19,0.0
40,20,0.0
40,21,0.0
40,22,0.0
40,23,0.0
40,24,0.0
40,25,0.0
40,26,0.0
40,27,0.0
40,28,0.0
40,29,0.0
40,30,0.0
40,31,0.0
40,32,0.0
40,33,0.0
40,34,0.0
40,35,0.0
40,36,0.0
40,37,0.0
40,38,0.0
40,39,0.0
40,40,0.0
40,41,0.0
40,42,0.0
40,43,0.0
40,44,0.0
40,45,0.0
40,46,0.0
40,47,0.0
40,48,0.0
40,49,0.0
40,50,0.0
40,51,0.0
40,52,0.0
41,0,22.0225
41,1,4.95506249461323
41,2,1.2387656236533076
41,3,0.3096914059133269
41,4,0.07742285147833172
41,5,0.01935571286958293
41,6,0.004838928217395733
41,7,0.0012097320543489332
41,8,0.0003024330135872333
41,9,7.560825339680832e-05
41,10,1.890206334920208e-05
41,11,4.72551583730052e-06
41,12,1.18137895932513e-06
41,13,2.953447398312825e-07
41,14,7.383618495782063e-08
41,15,0.0
41,16,0.0
41,17,0.0
41,18,0.0
41,19,0.0
41,20,0.0
41,21,0.0
41,22,0.0
41,23,0.0
41,24,0.0
41,25,0.0
41,26,0.0
41,27,0.0
41,28,0.0
41,29,0.0
41,30,0.0
41,31,0.0
41,32,0.0
41,33,0.0
41,34,0.0
41,35,0.0
41,36,0.0
41,37,0.0
41,38,0.0
41,39,0.0
41,40,0.0
41,41,0.0
41,42,0.0
41,43,0.0
41,44,0.0
41,45,0.0
41,46,0.0
41,47,0.0
41,48,0.0
41,49,0.0
41,50,0.0
41,51,0.0
41,52,0.0
42,0,480.445
42,1,108.1001249984838
42,2,27.02503124962095
42,3,6.756257812405238
42,4,1.6890644531013095
42,5,0.42226611327532737
42,6,0.10556652831883184
42,7,0.02639163207970796
42,8,0.00659790801992699
42,9,0.0016494770049817475
42,10,0.0004123692512454369
42,11,0.00010309231281135922
42,12,2.5773078202839805e-05
42,13,6.443269550709951e-06
42,14,1.6108173876774878e-06
42,15,4.0270434691937196e-07
42,16,1.0067608672984299e-07
42,17,2.5169021682460747e-08
42,18,6.292255420615187e-09
42,19,0.0
42,20,0.0
42,21,0.0
42,22,0.0
42,23,0.0
42,24,0.0
42,25,0.0
42,26,0.0
42,27,0.0
42,28,0.0
42,29,0.0
42,30,0.0
42,31,0.0
42,32,0.0
42,33,0.0
42,34,0.0
42,35,0.0
42,36,0.0
42,37,0.0
42,38,0.0
42,39,0.0
42,40,0.0
42,41,0.0
42,42,0.0
42,43,0.0
42,44,0.0
42,45,0.0
42,46,0.0
42,47,0.0
42,48,0.0
42,49,0.0
42,50,0.0
42,51,0.0
42,52,0.0
43,0,6.325
43,1,1.4231249974109232
43,2,0.3557812493527308
43,3,0.0889453123381827
43,4,0.022236328084545676
43,5,0.005559082021136419
43,6,0.0013897705052841047
43,7,0.0003474426263192498
43,8,8.686065657981246e-05
43,9,2.1715164144953114e-05
43,10,5.4287910362382785e-06
43,11,1.3571977590595696e-06
43,12,3.392994397648924e-07
43,13,0.0
43,14,0.0
43,15,0.0
43,16,0.0
43,17,0.0
43,18,0.0
43,19,0.0
43,20,0.0
43,21,0.0
43,22,0.0
43,23,0.0
43,24,0.0
43,25,0.0
43,26,0.0
43,27,0.0
43,28,0.0
43,29,0.0
43,30,0.0
43,31,0.0
43,32,0.0
43,33,0.0
43,34,0.0
43,35,0.0
43,36,0.0
43,37,0.0
43,38,0.0
43,39,0.0
43,40,0.0
43,41,0.0
43,42,0.0
43,43,0.0
43,44,0.0
43,45,0.0
43,46,0.0
43,47,0.0
43,48,0.0
43,49,0.0
43,50,0.0
43,51,0.0
43,52,0.0
44,0,3.57
44,1,14.280000000000001
44,2,3.5700000000000003
44,3,0.8925000000000001
44,4,0.22312500000000002
44,5,0.055781250000000004
44,6,0.013945312500000001
44,7,0.0034863281250000003
44,8,0.0008715820312500001
44,9,0.00021789550781250002
44,10,5.4473876953125004e-05
44,11,1.3618469238281251e-05
44,12,3.4046173095703128e-06
44,13,8.511543273925782e-07
44,14,2.1278858184814455e-07
44,15,0.0
44,16,0.0
44,17,0.0
44,18,0.0
44,19,0.0
44,20,0.0
44,21,0.0
44,22,0.0
44,23,0.0
44,24,0.0
44,25,0.0
44,26,0.0
44,27,0.0
44,28,0.0
44,29,0.0
44,30,0.0
44,31,0.0
44,32,0.0
44,33,0.0
44,34,0.0
44,35,0.0
44,36,0.0
44,37,0.0
44,38,0.0
44,39,0.0
44,40,0.0
44,41,0.0
44,42,0.0
44,43,0.0
44,44,0.0
44,45,0.0
44,46,0.0
44,47,0.0
44,48,0.0
44,49,0.0
44,50,0.0
44,51,0.0
44,52,0.0
45,0,22.995
45,1,5.1738749938085675
45,2,1.2934687484521419
45,3,0.32336718711303547
45,4,0.08084179677825887
45,5,0.020210449194564717
45,6,0.005052612298641179
45,7,0.0012631530746602948
45,8,0.0003157882686650737
45,9,7.894706716626843e-05
45,10,1.9736766791567106e-05
45,11,4.934191697891777e-06
45,12,1.2335479244729441e-06
45,13,3.0838698111823604e-07
45,14,7.709674527955901e-08
45,15,0.0
45,16,0.0
45,17,0.0
45,18,0.0
45,19,0.0
45,20,0.0
45,21,0.0
45,22,0.0
45,23,0.0
45,24,0.0
45,25,0.0
45,26,0.0
45,27,0.0
45,28,0.0
45,29,0.0
45,30,0.0
45,31,0.0
45,32,0.0
45,33,0.0
45,34,0.0
45,35,0.0
45,36,0.0
45,37,0.0
45,38,0.0
45,39,0.0
45,40,0.0
45,41,0.0
45,42,0.0
45,43,0.0
45,44,0.0
45,45,0.0
45,46,0.0
45,47,0.0
45,48,0.0
45,49,0.0
45,50,0.0
45,51,0.0
45,52,0.0
46,0,3.905
46,1,0.8786249905824661
46,2,0.21965624764561653
46,3,0.05491406191140413
46,4,0.013728515477851033
46,5,0.0034321288694627583
46,6,0.0008580322173656896
46,7,0.00021450805410339058
46,8,5.3627013525847644e-05
46,9,1.3406753381461911e-05
46,10,3.3516883453654778e-06
46,11,8.379220863413694e-07
46,12,2.0948052158534236e-07
46,13,0.0
46,14,0.0
46,15,0.0
46,16,0.0
46,17,0.0
46,18,0.0
46,19,0.0
46,20,0.0
46,21,0.0
46,22,0.0
46,23,0.0
46,24,0.0
46,25,0.0
46,26,0.0
46,27,0.0
46,28,0.0
46,29,0.0
46,30,0.0
46,31,0.0
46,32,0.0
46,33,0.0
46,34,0.0
46,35,0.0
46,36,0.0
46,37,0.0
46,38,0.0
46,39,0.0
46,40,0.0
46,41,0.0
46,42,0.0
46,43,0.0
46,44,0.0
46,45,0.0
46,46,0.0
46,47,0.0
46,48,0.0
46,49,0.0
46,50,0.0
46,51,0.0
46,52,0.0
47,0,265.34
47,1,59.70149998180568
47,2,14.92537499545142
47,3,3.731343748862855
47,4,0.9328359372157138
47,5,0.23320898430392845
47,6,0.05830224607598211
47,7,0.014575561518995528
47,8,0.003643890379748882
47,9,0.0009109725949372203
47,10,0.00022774314873430507
47,11,5.693578718357624e-05
47,12,1.423394679589406e-05
47,13,3.558486698973515e-06
47,14,8.896216747433788e-07
47,15,2.224054186858447e-07
47,16,5.560135467146117e-08
47,17,0.0
47,18,0.0
47,19,0.0
47,20,0.0
47,21,0.0
47,22,0.0
47,23,0.0
47,24,0.0
47,25,0.0
47,26,0.0
47,27,0.0
47,28,0.0
47,29,0.0
47,30,0.0
47,31,0.0
47,32,0.0
47,33,0.0
47,34,0.0
47,35,0.0
47,36,0.0
47,37,0.0
47,38,0.0
47,39,0.0
47,40,0.0
47,41,0.0
47,42,0.0
47,43,0.0
47,44,0.0
47,45,0.0
47,46,0.0
47,47,0.0
47,48,0.0
47,49,0.0
47,50,0.0
47,51,0.0
47,52,0.0
48,0,64.65
48,1,14.546249990351498
48,2,3.6365624975878745
48,3,0.9091406243969686
48,4,0.22728515609924216
48,5,0.05682128902481054
48,6,0.014205322256202635
48,7,0.0035513305640506587
48,8,0.0008878326410126647
48,9,0.00022195815637360283
48,10,5.548953909340071e-05
48,11,1.3872384773350177e-05
48,12,3.4680961933375443e-06
48,13,8.670240483343861e-07
48,14,2.1675601208359652e-07
48,15,0.0
48,16,0.0
48,17,0.0
48,18,0.0
48,19,0.0
48,20,0.0
48,21,0.0
48,22,0.0
48,23,0.0
48,24,0.0
48,25,0.0
48,26,0.0
48,27,0.0
48,28,0.0
48,29,0.0
48,30,0.0
48,31,0.0
48,32,0.0
48,33,0.0
48,34,0.0
48,35,0.0
48,36,0.0
48,37,0.0
48,38,0.0
48,39,0.0
48,40,0.0
48,41,0.0
48,42,0.0
48,43,0.0
48,44,0.0
48,45,0.0
48,46,0.0
48,47,0.0
48,48,0.0
48,49,0.0
48,50,0.0
48,51,0.0
48,52,0.0
49,0,209.275
49,1,47.086874997243285
49,2,11.771718749310821
49,3,2.9429296873277053
49,4,0.7357324218319263
49,5,0.18393310545798158
49,6,0.045983276364495396
49,7,0.011495819091123849
49,8,0.0028739547727809622
49,9,0.0007184886869424645
49,10,0.00017962217173561612
49,11,4.490554293390403e-05
49,12,1.1226385733476008e-05
49,13,2.806596433369002e-06
49,14,7.016491083422505e-07
49,15,1.7541227708556262e-07
49,16,4.3853069271390654e-08
49,17,0.0
49,18,0.0
49,19,0.0
49,20,0.0
49,21,0.0
49,22,0.0
49,23,0.0
49,24,0.0
49,25,0.0
49,26,0.0
49,27,0.0
49,28,0.0
49,29,0.0
49,30,0.0
49,31,0.0
49,32,0.0
49,33,0.0
49,34,0.0
49,35,0.0
49,36,0.0
49,37,0.0
49,38,0.0
49,39,0.0
49,40,0.0
49,41,0.0
49,42,0.0
49,43,0.0
49,44,0.0
49,45,0.0
49,46,0.0
49,47,0.0
49,48,0.0
49,49,0.0
49,50,0.0
49,51,0.0
49,52,0.0
50,0,74.8025
50,1,16.830562494695187
50,2,4.207640623673797
50,3,1.0519101559184492
50,4,0.2629775389796123
50,5,0.06574438474490307
50,6,0.016436096186225768
50,7,0.004109024046556442
50,8,0.0010272560116391105
50,9,0.00025681400094157425
50,10,6.420350023539356e-05
50,11,1.605087505884839e-05
50,12,4.012718764712098e-06
50,13,1.0031796911780244e-06
50,14,2.507949227945061e-07
50,15,6.269873069862653e-08
50,16,1.567468267465663e-08
50,17,0.0
50,18,0.0
50,19,0.0
50,20,0.0
50,21,0.0
50,22,0.0
50,23,0.0
50,24,0.0
50,25,0.0
50,26,0.0
50,27,0.0
50,28,0.0
50,29,0.0
50,30,0.0
50,31,0.0
50,32,0.0
50,33,0.0
50,34,0.0
50,35,0.0
50,36,0.0
50,37,0.0
50,38,0.0
50,39,0.0
50,40,0.0
50,41,0.0
50,42,0.0
50,43,0.0
50,44,0.0
50,45,0.0
50,46,0.0
50,47,0.0
50,48,0.0
50,49,0.0
50,50,0.0
50,51,0.0
50,52,0.0
51,0,167.9175
51,1,37.78143749572337
51,2,9.445359373930842
51,3,2.3613398434827104
51,4,0.5903349608706776
51,5,0.1475837402176694
51,6,0.03689593505441735
51,7,0.009223983763604338
51,8,0.0023059959409010844
51,9,0.0005764979780735757
51,10,0.00014412449451839393
51,11,3.603112362959848e-05
51,12,9.00778090739962e-06
51,13,2.251945226849905e-06
51,14,5.629863067124763e-07
51,15,1.4074657667811907e-07
51,16,3.518664416952977e-08
51,17,0.0
51,18,0.0
51,19,0.0
51,20,0.0
51,21,0.0
51,22,0.0
51,23,0.0
51,24,0.0
51,25,0.0
51,26,0.0
51,27,0.0
51,28,0.0
51,29,0.0
51,30,0.0
51,31,0.0
51,32,0.0
51,33,0.0
51,34,0.0
51,35,0.0
51,36,0.0
51,37,0.0
51,38,0.0
51,39,0.0
51,40,0.0
51,41,0.0
51,42,0.0
51,43,0.0
51,44,0.0
51,45,0.0
51,46,0.0
51,47,0.0
51,48,0.0
51,49,0.0
51,50,0.0
51,51,0.0
51,52,0.0
52,0,85.84
52,1,19.313999995589256
52,2,4.828499998897314
52,3,1.2071249997243285
52,4,0.30178124993108213
52,5,0.07544531248277053
52,6,0.018861328120692633
52,7,0.004715332030173158
52,8,0.0011788330075432896
52,9,0.00029470825042210436
52,10,7.367706260552609e-05
52,11,1.8419265651381522e-05
52,12,4.6048164128453806e-06
52,13,1.1512041032113451e-06
52,14,2.878010258028363e-07
52,15,7.195025645070907e-08
52,16,1.7987564112677268e-08
52,17,0.0
52,18,0.0
52,19,0.0
52,20,0.0
52,21,0.0
52,22,0.0
52,23,0.0
52,24,0.0
52,25,0.0
52,26,0.0
52,27,0.0
52,28,0.0
52,29,0.0
52,30,0.0
52,31,0.0
52,32,0.0
52,33,0.0
52,34,0.0
52,35,0.0
52,36,0.0
52,37,0.0
52,38,0.0
52,39,0.0
52,40,0.0
52,41,0.0
52,42,0.0
52,43,0.0
52,44,0.0
52,45,0.0
52,46,0.0
52,47,0.0
52,48,0.0
52,49,0.0
52,50,0.0
52,51,0.0
52,52,0.0
53,0,4.225
53,1,0.9506249874830246
53,2,0.23765624687075615
53,3,0.05941406171768904
53,4,0.01485351542942226
53,5,0.003713378857355565
53,6,0.0009283447143388912
53,7,0.00023208617834491463
53,8,5.802154458622866e-05
53,9,1.4505386146557164e-05
53,10,3.626346536639291e-06
53,11,9.065866341598228e-07
53,12,2.266466585399557e-07
53,13,5.666166463498892e-08
53,14,1.416541615874723e-08
53,15,0.0
53,16,0.0
53,17,0.0
53,18,0.0
53,19,0.0
53,20,0.0
53,21,0.0
53,22,0.0
53,23,0.0
53,24,0.0
53,25,0.0
53,26,0.0
53,27,0.0
53,28,0.0
53,29,0.0
53,30,0.0
53,31,0.0
53,32,0.0
53,33,0.0
53,34,0.0
53,35,0.0
53,36,0.0
53,37,0.0
53,38,0.0
53,39,0.0
53,40,0.0
53,41,0.0
53,42,0.0
53,43,0.0
53,44,0.0
53,45,0.0
53,46,0.0
53,47,0.0
53,48,0.0
53,49,0.0
53,50,0.0
53,51,0.0
53,52,0.0
54,0,14.7925
54,1,3.3283124985173345
54,2,0.8320781246293336
54,3,0.2080195311573334
54,4,0.05200488278933335
54,5,0.013001220697333338
54,6,0.0032503051743333344
54,7,0.0008125762932102987
54,8,0.00020314407330257467
54,9,5.078601832564367e-05
54,10,1.2696504581410917e-05
54,11,3.174126145352729e-06
54,12,7.935315363381823e-07
54,13,1.9838288408454557e-07
54,14,4.9595721021136394e-08
54,15,1.2398930255284098e-08
54,16,3.0997325638210246e-09
54,17,0.0
54,18,0.0
54,19,0.0
54,20,0.0
54,21,0.0
54,22,0.0
54,23,0.0
54,24,0.0
54,25,0.0
54,26,0.0
54,27,0.0
54,28,0.0
54,29,0.0
54,30,0.0
54,31,0.0
54,32,0.0
54,33,0.0
54,34,0.0
54,35,0.0
54,36,0.0
54,37,0.0
54,38,0.0
54,39,0.0
54,40,0.0
54,41,0.0
54,42,0.0
54,43,0.0
54,44,0.0
54,45,0.0
54,46,0.0
54,47,0.0
54,48,0.0
54,49,0.0
54,50,0.0
54,51,0.0
54,52,0.0
55,0,64.895
55,1,14.601374991238117
55,2,3.6503437478095293
55,3,0.9125859369523823
55,4,0.22814648423809558
55,5,0.057036621059523895
55,6,0.014259155264880974
55,7,0.0035647888162202435
55,8,0.0008911972040550609
55,9,0.00022279929709156931
55,10,5.569982427289233e-05
55,11,1.3924956068223082e-05
55,12,3.4812390170557705e-06
55,13,8.703097542639426e-07
55,14,2.1757743856598566e-07
55,15,5.4394359641496415e-08
55,16,1.3598589910374104e-08
55,17,3.399647477593526e-09
55,18,8.499118693983815e-10
55,19,0.0
55,20,0.0
55,21,0.0
55,22,0.0
55,23,0.0
55,24,0.0
55,25,0.0
55,26,0.0
55,27,0.0
55,28,0.0
55,29,0.0
55,30,0.0
55,31,0.0
55,32,0.0
55,33,0.0
55,34,0.0
55,35,0.0
55,36,0.0
55,37,0.0
55,38,0.0
55,39,0.0
55,40,0.0
55,41,0.0
55,42,0.0
55,43,0.0
55,44,0.0
55,45,0.0
55,46,0.0
55,47,0.0
55,48,0.0
55,49,0.0
55,50,0.0
55,51,0.0
55,52,0.0
56,0,50.07
56,1,11.265749989077449
56,2,2.816437497269362
56,3,0.7041093743173406
56,4,0.17602734357933514
56,5,0.044006835894833785
56,6,0.011001708973708446
56,7,0.0027504272434271115
56,8,0.0006876068108567779
56,9,0.00017190170013492434
56,10,4.2975425033731085e-05
56,11,1.0743856258432771e-05
56,12,2.685964064608193e-06
56,13,6.714910161520482e-07
56,14,1.6787275403801205e-07
56,15,4.196818850950301e-08
56,16,1.0492047127375753e-08
56,17,2.6230117818439383e-09
56,18,6.557529454609846e-10
56,19,0.0
56,20,0.0
56,21,0.0
56,22,0.0
56,23,0.0
56,24,0.0
56,25,0.0
56,26,0.0
56,27,0.0
56,28,0.0
56,29,0.0
56,30,0.0
56,31,0.0
56,32,0.0
56,33,0.0
56,34,0.0
56,35,0.0
56,36,0.0
56,37,0.0
56,38,0.0
56,39,0.0
56,40,0.0
56,41,0.0
56,42,0.0
56,43,0.0
56,44,0.0
56,45,0.0
56,46,0.0
56,47,0.0
56,48,0.0
56,49,0.0
56,50,0.0
56,51,0.0
56,52,0.0
57,0,15.66
57,1,3.5234999898821115
57,2,0.8808749974705279
57,3,0.22021874936763197
57,4,0.05505468734190799
57,5,0.013763671835476998
57,6,0.0034409179588692496
57,7,0.0008602294893300666
57,8,0.00021505737233251665
57,9,5.376434308312916e-05
57,10,1.344108577078229e-05
57,11,3.3602714426955727e-06
57,12,8.400678606738932e-07
57,13,2.100169651684733e-07
57,14,5.250424129211832e-08
57,15,1.312606032302958e-08
57,16,3.281515080757395e-09
57,17,0.0
57,18,0.0
57,19,0.0
57,20,0.0
57,21,0.0
57,22,0.0
57,23,0.0
57,24,0.0
57,25,0.0
57,26,0.0
57,27,0.0
57,28,0.0
57,29,0.0
57,30,0.0
57,31,0.0
57,32,0.0
57,33,0.0
57,34,0.0
57,35,0.0
57,36,0.0
57,37,0.0
57,38,0.0
57,39,0.0
57,40,0.0
57,41,0.0
57,42,0.0
57,43,0.0
57,44,0.0
57,45,0.0
57,46,0.0
57,47,0.0
57,48,0.0
57,49,0.0
57,50,0.0
57,51,0.0
57,52,0.0
58,0,46.815
58,1,10.533374993130565
58,2,2.633343748282641
58,3,0.6583359370706603
58,4,0.16458398426766507
58,5,0.04114599606691627
58,6,0.010286499016729067
58,7,0.0025716247541822668
58,8,0.0006429061885455667
58,9,0.0001607265447027828
58,10,4.01816361756957e-05
58,11,1.0045409043923925e-05
58,12,2.5113522609809813e-06
58,13,6.278380652452453e-07
58,14,1.5695951631131133e-07
58,15,3.923987907782783e-08
58,16,9.809969769456958e-09
58,17,0.0
58,18,0.0
58,19,0.0
58,20,0.0
58,21,0.0
58,22,0.0
58,23,0.0
58,24,0.0
58,25,0.0
58,26,0.0
58,27,0.0
58,28,0.0
58,29,0.0
58,30,0.0
58,31,0.0
58,32,0.0
58,33,0.0
58,34,0.0
58,35,0.0
58,36,0.0
58,37,0.0
58,38,0.0
58,39,0.0
58,40,0.0
58,41,0.0
58,42,0.0
58,43,0.0
58,44,0.0
58,45,0.0
58,46,0.0
58,47,0.0
58,48,0.0
58,49,0.0
58,50,0.0
58,51,0.0
58,52,0.0
59,0,20.6675
59,1,4.650187496095896
59,2,1.162546874023974
59,3,0.2906367185059935
59,4,0.07265917962649837
59,5,0.018164794906624593
59,6,0.004541198726656148
59,7,0.001135299681664037
59,8,0.00028382492041600926
59,9,7.095623010400232e-05
59,10,1.773905752600058e-05
59,11,4.434764381500145e-06
59,12,1.1086910953750362e-06
59,13,2.7717277384375905e-07
59,14,6.929319346093976e-08
59,15,1.732329836523494e-08
59,16,4.330824591308735e-09
59,17,0.0
59,18,0.0
59,19,0.0
59,20,0.0
59,21,0.0
59,22,0.0
59,23,0.0
59,24,0.0
59,25,0.0
59,26,0.0
59,27,0.0
59,28,0.0
59,29,0.0
59,30,0.0
59,31,0.0
59,32,0.0
59,33,0.0
59,34,0.0
59,35,0.0
59,36,0.0
59,37,0.0
59,38,0.0
59,39,0.0
59,40,0.0
59,41,0.0
59,42,0.0
59,43,0.0
59,44,0.0
59,45,0.0
59,46,0.0
59,47,0.0
59,48,0.0
59,49,0.0
59,50,0.0
59,51,0.0
59,52,0.0
60,0,0.025
60,1,0.005624999999999977
60,2,0.00140624999999997
60,3,0.00035156249999996475
60,4,8.789062499999119e-05
60,5,2.1972656249997797e-05
60,6,5.493164062499449e-06
60,7,0.0
60,8,0.0
60,9,0.0
60,10,0.0
60,11,0.0
60,12,0.0
60,13,0.0
60,14,0.0
60,15,0.0
60,16,0.0
60,17,0.0
60,18,0.0
60,19,0.0
60,20,0.0
60,21,0.0
60,22,0.0
60,23,0.0
60,24,0.0
60,25,0.0
60,26,0.0
60,27,0.0
60,28,0.0
60,29,0.0
60,30,0.0
60,31,0.0
60,32,0.0
60,33,0.0
60,34,0.0
60,35,0.0
60,36,0.0
60,37,0.0
60,38,0.0
60,39,0.0
60,40,0.0
60,41,0.0
60,42,0.0
60,43,0.0
60,44,0.0
60,45,0.0
60,46,0.0
60,47,0.0
60,48,0.0
60,49,0.0
60,50,0.0
60,51,0.0
60,52,0.0
61,0,0.2975
61,1,1.1900000013724095
61,2,0.29750000034310237
61,3,0.07437500008577559
61,4,0.018593750021443898
61,5,0.0046484375053609745
61,6,0.0011621093763402436
61,7,0.0002905273440850609
61,8,7.263183602126523e-05
61,9,1.8157959005316307e-05
61,10,4.539489751329077e-06
61,11,1.1348724378322692e-06
61,12,2.837181094580673e-07
61,13,0.0
61,14,0.0
61,15,0.0
61,16,0.0
61,17,0.0
61,18,0.0
61,19,0.0
61,20,0.0
61,21,0.0
61,22,0.0
61,23,0.0
61,24,0.0
61,25,0.0
61,26,0.0
61,27,0.0
61,28,0.0
61,29,0.0
61,30,0.0
61,31,0.0
61,32,0.0
61,33,0.0
61,34,0.0
61,35,0.0
61,36,0.0
61,37,0.0
61,38,0.0
61,39,0.0
61,40,0.0
61,41,0.0
61,42,0.0
61,43,0.0
61,44,0.0
61,45,0.0
61,46,0.0
61,47,0.0
61,48,0.0
61,49,0.0
61,50,0.0
61,51,0.0
61,52,0.0
62,0,3.0275
62,1,12.11
62,2,3.0275
62,3,0.756875
62,4,0.18921875
62,5,0.0473046875
62,6,0.011826171875
62,7,0.00295654296875
62,8,0.0007391357421875
62,9,0.000184783935546875
62,10,4.619598388671875e-05
62,11,1.1548995971679687e-05
62,12,2.8872489929199217e-06
62,13,7.218122482299804e-07
62,14,1.804530620574951e-07
62,15,4.511326551437378e-08
62,16,1.1278316378593444e-08
62,17,0.0
62,18,0.0
62,19,0.0
62,20,0.0
62,21,0.0
62,22,0.0
62,23,0.0
62,24,0.0
62,25,0.0
62,26,0.0
62,27,0.0
62,28,0.0
62,29,0.0
62,30,0.0
62,31,0.0
62,32,0.0
62,33,0.0
62,34,0.0
62,35,0.0
62,36,0.0
62,37,0.0
62,38,0.0
62,39,0.0
62,40,0.0
62,41,0.0
62,42,0.0
62,43,0.0
62,44,0.0
62,45,0.0
62,46,0.0
62,47,0.0
62,48,0.0
62,49,0.0
62,50,0.0
62,51,0.0
62,52,0.0
63,0,85.2675
63,1,19.185187490656972
63,2,4.796296872664243
63,3,1.1990742181660607
63,4,0.2997685545415152
63,5,0.0749421386353788
63,6,0.0187355346588447
63,7,0.004683883664711175
63,8,0.0011709709161777937
63,9,0.00029274272777968235
63,10,7.318568194492059e-05
63,11,1.8296420486230147e-05
63,12,4.574105121557537e-06
63,13,1.1435262803893842e-06
63,14,2.8588157009734605e-07
63,15,7.147039252433651e-08
63,16,1.7867598131084128e-08
63,17,4.466899532771032e-09
63,18,1.116724883192758e-09
63,19,0.0
63,20,0.0
63,21,0.0
63,22,0.0
63,23,0.0
63,24,0.0
63,25,0.0
63,26,0.0
63,27,0.0
63,28,0.0
63,29,0.0
63,30,0.0
63,31,0.0
63,32,0.0
63,33,0.0
63,34,0.0
63,35,0.0
63,36,0.0
63,37,0.0
63,38,0.0
63,39,0.0
63,40,0.0
63,41,0.0
63,42,0.0
63,43,0.0
63,44,0.0
63,45,0.0
63,46,0.0
63,47,0.0
63,48,0.0
63,49,0.0
63,50,0.0
63,51,0.0
63,52,0.0
64,0,0.025
64,1,0.00562499314546587
64,2,0.0014062482863664433
64,3,0.00035156207159158653
64,4,8.789051789789663e-05
64,5,2.197262947447416e-05
64,6,5.49315736861854e-06
64,7,0.0
64,8,0.0
64,9,0.0
64,10,0.0
64,11,0.0
64,12,0.0
64,13,0.0
64,14,0.0
64,15,0.0
64,16,0.0
64,17,0.0
64,18,0.0
64,19,0.0
64,20,0.0
64,21,0.0
64,22,0.0
64,23,0.0
64,24,0.0
64,25,0.0
64,26,0.0
64,27,0.0
64,28,0.0
64,29,0.0
64,30,0.0
64,31,0.0
64,32,0.0
64,33,0.0
64,34,0.0
64,35,0.0
64,36,0.0
64,37,0.0
64,38,0.0
64,39,0.0
64,40,0.0
64,41,0.0
64,42,0.0
64,43,0.0
64,44,0.0
64,45,0.0
64,46,0.0
64,47,0.0
64,48,0.0
64,49,0.0
64,50,0.0
64,51,0.0
64,52,0.0
65,0,5.4325
65,1,3.8986878072071978
65,2,0.9746719518017994
65,3,0.24366798795044986
65,4,0.060916996987612465
65,5,0.015229249246903116
65,6,0.003807312311725779
65,7,0.0009518280779314448
65,8,0.0002379570194828612
65,9,5.94892548707153e-05
65,10,1.4872313717678824e-05
65,11,3.718078429419706e-06
65,12,9.295196073549265e-07
65,13,2.3237990183873163e-07
65,14,5.809497545968291e-08
65,15,0.0
65,16,0.0
65,17,0.0
65,18,0.0
65,19,0.0
65,20,0.0
65,21,0.0
65,22,0.0
65,23,0.0
65,24,0.0
65,25,0.0
65,26,0.0
65,27,0.0
65,28,0.0
65,29,0.0
65,30,0.0
65,31,0.0
65,32,0.0
65,33,0.0
65,34,0.0
65,35,0.0
65,36,0.0
65,37,0.0
65,38,0.0
65,39,0.0
65,40,0.0
65,41,0.0
65,42,0.0
65,43,0.0
65,44,0.0
65,45,0.0
65,46,0.0
65,47,0.0
65,48,0.0
65,49,0.0
65,50,0.0
65,51,0.0
65,52,0.0
66,0,2.0125
66,1,8.050000000918596
66,2,2.012500000229649
66,3,0.5031250000574122
66,4,0.12578125001435306
66,5,0.031445312503588264
66,6,0.007861328125897066
66,7,0.0019653320314742665
66,8,0.0004913330078685666
66,9,0.00012283325196714166
66,10,3.0708312991785414e-05
66,11,7.677078247946354e-06
66,12,1.9192695619865884e-06
66,13,4.798173904966471e-07
66,14,1.1995434762416178e-07
66,15,0.0
66,16,0.0
66,17,0.0
66,18,0.0
66,19,0.0
66,20,0.0
66,21,0.0
66,22,0.0
66,23,0.0
66,24,0.0
66,25,0.0
66,26,0.0
66,27,0.0
66,28,0.0
66,29,0.0
66,30,0.0
66,31,0.0
66,32,0.0
66,33,0.0
66,34,0.0
66,35,0.0
66,36,0.0
66,37,0.0
66,38,0.0
66,39,0.0
66,40,0.0
66,41,0.0
66,42,0.0
66,43,0.0
66,44,0.0
66,45,0.0
66,46,0.0
66,47,0.0
66,48,0.0
66,49,0.0
66,50,0.0
66,51,0.0
66,52,0.0
