region,timePeriod,R
0,0,0.0
0,1,0.0
0,2,17.275781247764826
0,3,21.594726559706032
0,4,22.674462887691334
0,5,22.94439696968766
0,6,23.01188049018674
0,7,23.02875137031151
0,8,23.032969090342704
0,9,23.0340235203505
0,10,23.03428712561115
0,11,23.03435302692631
0,12,23.034369502255103
0,13,23.0343736210873
0,14,23.03437465079535
0,15,23.034374908222365
0,16,23.03437497257912
0,17,23.034374988668308
0,18,23.034374988668308
0,19,23.034374988668308
0,20,23.034374988668308
0,21,23.034374988668308
0,22,23.034374988668308
0,23,23.034374988668308
0,24,23.034374988668308
0,25,23.034374988668308
0,26,23.034374988668308
0,27,23.034374988668308
0,28,23.034374988668308
0,29,23.034374988668308
0,30,23.034374988668308
0,31,23.034374988668308
0,32,23.034374988668308
0,33,23.034374988668308
0,34,23.034374988668308
0,35,23.034374988668308
0,36,23.034374988668308
0,37,23.034374988668308
0,38,23.034374988668308
0,39,23.034374988668308
0,40,23.034374988668308
0,41,23.034374988668308
0,42,23.034374988668308
0,43,23.034374988668308
0,44,23.034374988668308
0,45,23.034374988668308
0,46,23.034374988668308
0,47,23.034374988668308
0,48,23.034374988668308
0,49,23.034374988668308
0,50,23.034374988668308
0,51,23.034374988668308
0,52,23.034374988668308
1,0,0.0
1,1,0.0
1,2,2.7021093615330756
1,3,3.3776367019163445
1,4,3.5465185370121617
1,5,3.588738995786116
1,6,3.5992941104796046
1,7,3.6019328891529767
1,8,3.6025925838210267
1,9,3.602757507488039
1,10,3.6027987384047924
1,11,3.6028090461339803
1,12,3.6028116230662772
1,13,3.6028122672993517
1,14,3.60281242835762
1,15,3.6028124686221874
1,16,3.6028124686221874
1,17,3.6028124686221874
1,18,3.6028124686221874
1,19,3.6028124686221874
1,20,3.6028124686221874
1,21,3.6028124686221874
1,22,3.6028124686221874
1,23,3.6028124686221874
1,24,3.6028124686221874
1,25,3.6028124686221874
1,26,3.6028124686221874
1,27,3.6028124686221874
1,28,3.6028124686221874
1,29,3.6028124686221874
1,30,3.6028124686221874
1,31,3.6028124686221874
1,32,3.6028124686221874
1,33,3.6028124686221874
1,34,3.6028124686221874
1,35,3.6028124686221874
1,36,3.6028124686221874
1,37,3.6028124686221874
1,38,3.6028124686221874
1,39,3.6028124686221874
1,40,3.6028124686221874
1,41,3.6028124686221874
1,42,3.6028124686221874
1,43,3.6028124686221874
1,44,3.6028124686221874
1,45,3.6028124686221874
1,46,3.6028124686221874
1,47,3.6028124686221874
1,48,3.6028124686221874
1,49,3.6028124686221874
1,50,3.6028124686221874
1,51,3.6028124686221874
1,52,3.6028124686221874
2,0,0.0
2,1,0.0
2,2,4.932562496513128
2,3,6.16570312064141
2,4,6.473988276673481
2,5,6.5510595656814985
2,6,6.570327387933503
2,7,6.575144343496504
2,8,6.576348582387254
2,9,6.576649642109942
2,10,6.5767249070392335
2,11,6.576743723271557
2,12,6.576748427329638
2,13,6.576749603344158
2,14,6.5767498973477885
2,15,6.576749970848696
2,16,6.576749970848696
2,17,6.576749970848696
2,18,6.576749970848696
2,19,6.576749970848696
2,20,6.576749970848696
2,21,6.576749970848696
2,22,6.576749970848696
2,23,6.576749970848696
2,24,6.576749970848696
2,25,6.576749970848696
2,26,6.576749970848696
2,27,6.576749970848696
2,28,6.576749970848696
2,29,6.576749970848696
2,30,6.576749970848696
2,31,6.576749970848696
2,32,6.576749970848696
2,33,6.576749970848696
2,34,6.576749970848696
2,35,6.576749970848696
2,36,6.576749970848696
2,37,6.576749970848696
2,38,6.576749970848696
2,39,6.576749970848696
2,40,6.576749970848696
2,41,6.576749970848696
2,42,6.576749970848696
2,43,6.576749970848696
2,44,6.576749970848696
2,45,6.576749970848696
2,46,6.576749970848696
2,47,6.576749970848696
2,48,6.576749970848696
2,49,6.576749970848696
2,50,6.576749970848696
2,51,6.576749970848696
2,52,6.576749970848696
3,0,0.0
3,1,0.0
3,2,1.3875000005134859
3,3,1.7343750006418572
3,4,1.8210937506739502
3,5,1.8427734381819734
3,6,1.8481933600589793
3,7,1.8495483405282307
3,8,1.8498870856455436
3,9,1.8499717719248718
3,10,1.8499929434947038
3,11,1.8499982363871619
3,12,1.8499995596102763
3,13,1.849999890416055
3,14,1.849999890416055
3,15,1.849999890416055
3,16,1.849999890416055
3,17,1.849999890416055
3,18,1.849999890416055
3,19,1.849999890416055
3,20,1.849999890416055
3,21,1.849999890416055
3,22,1.849999890416055
3,23,1.849999890416055
3,24,1.849999890416055
3,25,1.849999890416055
3,26,1.849999890416055
3,27,1.849999890416055
3,28,1.849999890416055
3,29,1.849999890416055
3,30,1.849999890416055
3,31,1.849999890416055
3,32,1.849999890416055
3,33,1.849999890416055
3,34,1.849999890416055
3,35,1.849999890416055
3,36,1.849999890416055
3,37,1.849999890416055
3,38,1.849999890416055
3,39,1.849999890416055
3,40,1.849999890416055
3,41,1.849999890416055
3,42,1.849999890416055
3,43,1.849999890416055
3,44,1.849999890416055
3,45,1.849999890416055
3,46,1.849999890416055
3,47,1.849999890416055
3,48,1.849999890416055
3,49,1.849999890416055
3,50,1.849999890416055
3,51,1.849999890416055
3,52,1.849999890416055
4,0,0.0
4,1,0.0
4,2,14.495624996256083
4,3,18.119531245320104
4,4,19.02550780758611
4,5,19.25200194815261
4,6,19.308625483294236
4,7,19.322781367079642
4,8,19.326320338025994
4,9,19.32720508076258
4,10,19.327426266445354
4,11,19.327481562866048
4,12,19.327495386971222
4,13,19.327498842997514
4,14,19.327499707004087
4,15,19.327499923005732
4,16,19.32749997700614
4,17,19.327499990506244
4,18,19.327499990506244
4,19,19.327499990506244
4,20,19.327499990506244
4,21,19.327499990506244
4,22,19.327499990506244
4,23,19.327499990506244
4,24,19.327499990506244
4,25,19.327499990506244
4,26,19.327499990506244
4,27,19.327499990506244
4,28,19.327499990506244
4,29,19.327499990506244
4,30,19.327499990506244
4,31,19.327499990506244
4,32,19.327499990506244
4,33,19.327499990506244
4,34,19.327499990506244
4,35,19.327499990506244
4,36,19.327499990506244
4,37,19.327499990506244
4,38,19.327499990506244
4,39,19.327499990506244
4,40,19.327499990506244
4,41,19.327499990506244
4,42,19.327499990506244
4,43,19.327499990506244
4,44,19.327499990506244
4,45,19.327499990506244
4,46,19.327499990506244
4,47,19.327499990506244
4,48,19.327499990506244
4,49,19.327499990506244
4,50,19.327499990506244
4,51,19.327499990506244
4,52,19.327499990506244
5,0,0.0
5,1,0.0
5,2,47.6351718736114
5,3,59.54396484201425
5,4,62.52116308411496
5,5,63.26546264464014
5,6,63.45153753477143
5,7,63.498056257304256
5,8,63.50968593793746
5,9,63.512593358095764
5,10,63.51332021312991
5,11,63.51350192688844
5,12,63.51354735532807
5,13,63.513558712437984
5,14,63.51356155171546
5,15,63.51356226153483
5,16,63.51356243898967
5,17,63.51356248335338
5,18,63.51356248335338
5,19,63.51356248335338
5,20,63.51356248335338
5,21,63.51356248335338
5,22,63.51356248335338
5,23,63.51356248335338
5,24,63.51356248335338
5,25,63.51356248335338
5,26,63.51356248335338
5,27,63.51356248335338
5,28,63.51356248335338
5,29,63.51356248335338
5,30,63.51356248335338
5,31,63.51356248335338
5,32,63.51356248335338
5,33,63.51356248335338
5,34,63.51356248335338
5,35,63.51356248335338
5,36,63.51356248335338
5,37,63.51356248335338
5,38,63.51356248335338
5,39,63.51356248335338
5,40,63.51356248335338
5,41,63.51356248335338
5,42,63.51356248335338
5,43,63.51356248335338
5,44,63.51356248335338
5,45,63.51356248335338
5,46,63.51356248335338
5,47,63.51356248335338
5,48,63.51356248335338
5,49,63.51356248335338
5,50,63.51356248335338
5,51,63.51356248335338
5,52,63.51356248335338
6,0,0.0
6,1,0.0
6,2,1.057500000864743
6,3,1.3218750010809288
6,4,1.3879687511349752
6,5,1.404492188648487
6,6,1.4086230480268649
6,7,1.4096557628714594
6,8,1.409913941582608
6,9,1.4099784862603952
6,10,1.409994622429842
6,11,1.4099986564722038
6,12,1.4099996649827942
6,13,1.4099999171104418
6,14,1.4099999171104418
6,15,1.4099999171104418
6,16,1.4099999171104418
6,17,1.4099999171104418
6,18,1.4099999171104418
6,19,1.4099999171104418
6,20,1.4099999171104418
6,21,1.4099999171104418
6,22,1.4099999171104418
6,23,1.4099999171104418
6,24,1.4099999171104418
6,25,1.4099999171104418
6,26,1.4099999171104418
6,27,1.4099999171104418
6,28,1.4099999171104418
6,29,1.4099999171104418
6,30,1.4099999171104418
6,31,1.4099999171104418
6,32,1.4099999171104418
6,33,1.4099999171104418
6,34,1.4099999171104418
6,35,1.4099999171104418
6,36,1.4099999171104418
6,37,1.4099999171104418
6,38,1.4099999171104418
6,39,1.4099999171104418
6,40,1.4099999171104418
6,41,1.4099999171104418
6,42,1.4099999171104418
6,43,1.4099999171104418
6,44,1.4099999171104418
6,45,1.4099999171104418
6,46,1.4099999171104418
6,47,1.4099999171104418
6,48,1.4099999171104418
6,49,1.4099999171104418
6,50,1.4099999171104418
6,51,1.4099999171104418
6,52,1.4099999171104418
7,0,0.0
7,1,0.0
7,2,4.667624994646758
7,3,5.834531243308447
7,4,6.12625780547387
7,5,6.199189446015225
7,6,6.217422356150564
7,7,6.221980583684399
7,8,6.223120140567858
7,9,6.223405029788722
7,10,6.223476252093938
7,11,6.223494057670242
7,12,6.223498509064319
7,13,6.223499621912838
7,14,6.223499900124968
7,15,6.2234999696780005
7,16,6.2234999696780005
7,17,6.2234999696780005
7,18,6.2234999696780005
7,19,6.2234999696780005
7,20,6.2234999696780005
7,21,6.2234999696780005
7,22,6.2234999696780005
7,23,6.2234999696780005
7,24,6.2234999696780005
7,25,6.2234999696780005
7,26,6.2234999696780005
7,27,6.2234999696780005
7,28,6.2234999696780005
7,29,6.2234999696780005
7,30,6.2234999696780005
7,31,6.2234999696780005
7,32,6.2234999696780005
7,33,6.2234999696780005
7,34,6.2234999696780005
7,35,6.2234999696780005
7,36,6.2234999696780005
7,37,6.2234999696780005
7,38,6.2234999696780005
7,39,6.2234999696780005
7,40,6.2234999696780005
7,41,6.2234999696780005
7,42,6.2234999696780005
7,43,6.2234999696780005
7,44,6.2234999696780005
7,45,6.2234999696780005
7,46,6.2234999696780005
7,47,6.2234999696780005
7,48,6.2234999696780005
7,49,6.2234999696780005
7,50,6.2234999696780005
7,51,6.2234999696780005
7,52,6.2234999696780005
8,0,0.0
8,1,0.0
8,2,2.5413749967701733
8,3,3.1767187459627166
8,4,3.3355546832608525
8,5,3.3752636675853864
8,6,3.38519091366652
8,7,3.3876727251868033
8,8,3.3882931780665944
8,9,3.388448291286542
8,10,3.388487069591529
8,11,3.3884967641677757
8,12,3.3884991878118376
8,13,3.388499793722853
8,14,3.388499945200607
8,15,3.3884999830700453
8,16,3.3884999830700453
8,17,3.3884999830700453
8,18,3.3884999830700453
8,19,3.3884999830700453
8,20,3.3884999830700453
8,21,3.3884999830700453
8,22,3.3884999830700453
8,23,3.3884999830700453
8,24,3.3884999830700453
8,25,3.3884999830700453
8,26,3.3884999830700453
8,27,3.3884999830700453
8,28,3.3884999830700453
8,29,3.3884999830700453
8,30,3.3884999830700453
8,31,3.3884999830700453
8,32,3.3884999830700453
8,33,3.3884999830700453
8,34,3.3884999830700453
8,35,3.3884999830700453
8,36,3.3884999830700453
8,37,3.3884999830700453
8,38,3.3884999830700453
8,39,3.3884999830700453
8,40,3.3884999830700453
8,41,3.3884999830700453
8,42,3.3884999830700453
8,43,3.3884999830700453
8,44,3.3884999830700453
8,45,3.3884999830700453
8,46,3.3884999830700453
8,47,3.3884999830700453
8,48,3.3884999830700453
8,49,3.3884999830700453
8,50,3.3884999830700453
8,51,3.3884999830700453
8,52,3.3884999830700453
9,0,0.0
9,1,0.0
9,2,5.448515617288649
9,3,6.810644521610811
9,4,7.151176747691352
9,5,7.236309804211487
9,6,7.257593068341521
9,7,7.262913884374029
9,8,7.264244088382156
9,9,7.264576639384188
9,10,7.264659777133225
9,11,7.264680561570485
9,12,7.2646857576798
9,13,7.264687056707128
9,14,7.26468738146396
9,15,7.264687462653169
9,16,7.264687462653169
9,17,7.264687462653169
9,18,7.264687462653169
9,19,7.264687462653169
9,20,7.264687462653169
9,21,7.264687462653169
9,22,7.264687462653169
9,23,7.264687462653169
9,24,7.264687462653169
9,25,7.264687462653169
9,26,7.264687462653169
9,27,7.264687462653169
9,28,7.264687462653169
9,29,7.264687462653169
9,30,7.264687462653169
9,31,7.264687462653169
9,32,7.264687462653169
9,33,7.264687462653169
9,34,7.264687462653169
9,35,7.264687462653169
9,36,7.264687462653169
9,37,7.264687462653169
9,38,7.264687462653169
9,39,7.264687462653169
9,40,7.264687462653169
9,41,7.264687462653169
9,42,7.264687462653169
9,43,7.264687462653169
9,44,7.264687462653169
9,45,7.264687462653169
9,46,7.264687462653169
9,47,7.264687462653169
9,48,7.264687462653169
9,49,7.264687462653169
9,50,7.264687462653169
9,51,7.264687462653169
9,52,7.264687462653169
10,0,0.0
10,1,0.0
10,2,8.34764062310569
10,3,10.434550778882112
10,4,10.956278317826218
10,5,11.086710202562244
10,6,11.119318173746251
10,7,11.127470166542253
10,8,11.129508164741253
10,9,11.130017664291003
10,10,11.130145039176476
10,11,11.130176882897846
10,12,11.130184843828188
10,13,11.130186834060773
10,14,11.130187331618918
10,15,11.130187456008455
10,16,11.130187456008455
10,17,11.130187456008455
10,18,11.130187456008455
10,19,11.130187456008455
10,20,11.130187456008455
10,21,11.130187456008455
10,22,11.130187456008455
10,23,11.130187456008455
10,24,11.130187456008455
10,25,11.130187456008455
10,26,11.130187456008455
10,27,11.130187456008455
10,28,11.130187456008455
10,29,11.130187456008455
10,30,11.130187456008455
10,31,11.130187456008455
10,32,11.130187456008455
10,33,11.130187456008455
10,34,11.130187456008455
10,35,11.130187456008455
10,36,11.130187456008455
10,37,11.130187456008455
10,38,11.130187456008455
10,39,11.130187456008455
10,40,11.130187456008455
10,41,11.130187456008455
10,42,11.130187456008455
10,43,11.130187456008455
10,44,11.130187456008455
10,45,11.130187456008455
10,46,11.130187456008455
10,47,11.130187456008455
10,48,11.130187456008455
10,49,11.130187456008455
10,50,11.130187456008455
10,51,11.130187456008455
10,52,11.130187456008455
11,0,0.0
11,1,0.0
11,2,1.008281241171062
11,3,1.2603515514638275
11,4,1.3233691290370189
11,5,1.3391235234303167
11,6,1.3430621220286412
11,7,1.3440467716782223
11,8,1.344292934090523
11,9,1.3443544746935983
11,10,1.344369859844367
11,11,1.3443737061320593
11,12,1.3443746677039823
11,13,1.3443749080969631
11,14,1.3443749080969631
11,15,1.3443749080969631
11,16,1.3443749080969631
11,17,1.3443749080969631
11,18,1.3443749080969631
11,19,1.3443749080969631
11,20,1.3443749080969631
11,21,1.3443749080969631
11,22,1.3443749080969631
11,23,1.3443749080969631
11,24,1.3443749080969631
11,25,1.3443749080969631
11,26,1.3443749080969631
11,27,1.3443749080969631
11,28,1.3443749080969631
11,29,1.3443749080969631
11,30,1.3443749080969631
11,31,1.3443749080969631
11,32,1.3443749080969631
11,33,1.3443749080969631
11,34,1.3443749080969631
11,35,1.3443749080969631
11,36,1.3443749080969631
11,37,1.3443749080969631
11,38,1.3443749080969631
11,39,1.3443749080969631
11,40,1.3443749080969631
11,41,1.3443749080969631
11,42,1.3443749080969631
11,43,1.3443749080969631
11,44,1.3443749080969631
11,45,1.3443749080969631
11,46,1.3443749080969631
11,47,1.3443749080969631
11,48,1.3443749080969631
11,49,1.3443749080969631
11,50,1.3443749080969631
11,51,1.3443749080969631
11,52,1.3443749080969631
12,0,0.0
12,1,0.0
12,2,9.1725
12,3,11.465625
12,4,12.03890625
12,5,12.1822265625
12,6,12.218056640625
12,7,12.22701416015625
12,8,12.229253540039062
12,9,12.229813385009765
12,10,12.22995334625244
12,11,12.229988336563109
12,12,12.229997084140775
12,13,12.229999271035192
12,14,12.229999817758797
12,15,12.229999954439696
12,16,12.229999954439696
12,17,12.229999954439696
12,18,12.229999954439696
12,19,12.229999954439696
12,20,12.229999954439696
12,21,12.229999954439696
12,22,12.229999954439696
12,23,12.229999954439696
12,24,12.229999954439696
12,25,12.229999954439696
12,26,12.229999954439696
12,27,12.229999954439696
12,28,12.229999954439696
12,29,12.229999954439696
12,30,12.229999954439696
12,31,12.229999954439696
12,32,12.229999954439696
12,33,12.229999954439696
12,34,12.229999954439696
12,35,12.229999954439696
12,36,12.229999954439696
12,37,12.229999954439696
12,38,12.229999954439696
12,39,12.229999954439696
12,40,12.229999954439696
12,41,12.229999954439696
12,42,12.229999954439696
12,43,12.229999954439696
12,44,12.229999954439696
12,45,12.229999954439696
12,46,12.229999954439696
12,47,12.229999954439696
12,48,12.229999954439696
12,49,12.229999954439696
12,50,12.229999954439696
12,51,12.229999954439696
12,52,12.229999954439696
13,0,0.0
13,1,0.0
13,2,0.004218749999999983
13,3,0.0052734374999999604
13,4,0.005537109374999934
13,5,0.005603027343749928
13,6,0.005619506835937426
13,7,0.005623626708984301
13,8,0.005623626708984301
13,9,0.005623626708984301
13,10,0.005623626708984301
13,11,0.005623626708984301
13,12,0.005623626708984301
13,13,0.005623626708984301
13,14,0.005623626708984301
13,15,0.005623626708984301
13,16,0.005623626708984301
13,17,0.005623626708984301
13,18,0.005623626708984301
13,19,0.005623626708984301
13,20,0.005623626708984301
13,21,0.005623626708984301
13,22,0.005623626708984301
13,23,0.005623626708984301
13,24,0.005623626708984301
13,25,0.005623626708984301
13,26,0.005623626708984301
13,27,0.005623626708984301
13,28,0.005623626708984301
13,29,0.005623626708984301
13,30,0.005623626708984301
13,31,0.005623626708984301
13,32,0.005623626708984301
13,33,0.005623626708984301
13,34,0.005623626708984301
13,35,0.005623626708984301
13,36,0.005623626708984301
13,37,0.005623626708984301
13,38,0.005623626708984301
13,39,0.005623626708984301
13,40,0.005623626708984301
13,41,0.005623626708984301
13,42,0.005623626708984301
13,43,0.005623626708984301
13,44,0.005623626708984301
13,45,0.005623626708984301
13,46,0.005623626708984301
13,47,0.005623626708984301
13,48,0.005623626708984301
13,49,0.005623626708984301
13,50,0.005623626708984301
13,51,0.005623626708984301
13,52,0.005623626708984301
14,0,0.0
14,1,0.0
14,2,34.68065624171868
14,3,43.35082030214835
14,4,45.51836131725577
14,5,46.06024657103262
14,6,46.195717884476835
14,7,46.22958571283789
14,8,46.23805266992815
14,9,46.24016940920072
14,10,46.24069859401886
14,11,46.24083089022339
14,12,46.240863964274524
14,13,46.24087223278731
14,14,46.240874299915504
14,15,46.240874816697556
14,16,46.24087494589307
14,17,46.24087497819195
14,18,46.24087497819195
14,19,46.24087497819195
14,20,46.24087497819195
14,21,46.24087497819195
14,22,46.24087497819195
14,23,46.24087497819195
14,24,46.24087497819195
14,25,46.24087497819195
14,26,46.24087497819195
14,27,46.24087497819195
14,28,46.24087497819195
14,29,46.24087497819195
14,30,46.24087497819195
14,31,46.24087497819195
14,32,46.24087497819195
14,33,46.24087497819195
14,34,46.24087497819195
14,35,46.24087497819195
14,36,46.24087497819195
14,37,46.24087497819195
14,38,46.24087497819195
14,39,46.24087497819195
14,40,46.24087497819195
14,41,46.24087497819195
14,42,46.24087497819195
14,43,46.24087497819195
14,44,46.24087497819195
14,45,46.24087497819195
14,46,46.24087497819195
14,47,46.24087497819195
14,48,46.24087497819195
14,49,46.24087497819195
14,50,46.24087497819195
14,51,46.24087497819195
14,52,46.24087497819195
15,0,0.0
15,1,0.0
15,2,11.985890623996966
15,3,14.982363279996207
15,4,15.731481443996017
15,5,15.91876098499597
15,6,15.965580870245958
15,7,15.977285841558455
15,8,15.98021208438658
15,9,15.98094364509361
15,10,15.98112653526741
15,11,15.981172257810861
15,12,15.981183688446723
15,13,15.98118654610569
15,14,15.98118726052043
15,15,15.981187439124117
15,16,15.981187439124117
15,17,15.981187439124117
15,18,15.981187439124117
15,19,15.981187439124117
15,20,15.981187439124117
15,21,15.981187439124117
15,22,15.981187439124117
15,23,15.981187439124117
15,24,15.981187439124117
15,25,15.981187439124117
15,26,15.981187439124117
15,27,15.981187439124117
15,28,15.981187439124117
15,29,15.981187439124117
15,30,15.981187439124117
15,31,15.981187439124117
15,32,15.981187439124117
15,33,15.981187439124117
15,34,15.981187439124117
15,35,15.981187439124117
15,36,15.981187439124117
15,37,15.981187439124117
15,38,15.981187439124117
15,39,15.981187439124117
15,40,15.981187439124117
15,41,15.981187439124117
15,42,15.981187439124117
15,43,15.981187439124117
15,44,15.981187439124117
15,45,15.981187439124117
15,46,15.981187439124117
15,47,15.981187439124117
15,48,15.981187439124117
15,49,15.981187439124117
15,50,15.981187439124117
15,51,15.981187439124117
15,52,15.981187439124117
16,0,0.0
16,1,0.0
16,2,0.8391093676909804
16,3,1.0488867096137255
16,4,1.1013310450944118
16,5,1.1144421289645834
16,6,1.1177198999321263
16,7,1.118539342674012
16,8,1.1187442033594035
16,9,1.1187954185307514
16,10,1.1188082223235885
16,11,1.1188114232717976
16,12,1.11881222350885
16,13,1.1188124235681132
16,14,1.1188124235681132
16,15,1.1188124235681132
16,16,1.1188124235681132
16,17,1.1188124235681132
16,18,1.1188124235681132
16,19,1.1188124235681132
16,20,1.1188124235681132
16,21,1.1188124235681132
16,22,1.1188124235681132
16,23,1.1188124235681132
16,24,1.1188124235681132
16,25,1.1188124235681132
16,26,1.1188124235681132
16,27,1.1188124235681132
16,28,1.1188124235681132
16,29,1.1188124235681132
16,30,1.1188124235681132
16,31,1.1188124235681132
16,32,1.1188124235681132
16,33,1.1188124235681132
16,34,1.1188124235681132
16,35,1.1188124235681132
16,36,1.1188124235681132
16,37,1.1188124235681132
16,38,1.1188124235681132
16,39,1.1188124235681132
16,40,1.1188124235681132
16,41,1.1188124235681132
16,42,1.1188124235681132
16,43,1.1188124235681132
16,44,1.1188124235681132
16,45,1.1188124235681132
16,46,1.1188124235681132
16,47,1.1188124235681132
16,48,1.1188124235681132
16,49,1.1188124235681132
16,50,1.1188124235681132
16,51,1.1188124235681132
16,52,1.1188124235681132
17,0,0.0
17,1,0.0
17,2,1.0500000004290737
17,3,1.312500000536342
17,4,1.3781250005631591
17,5,1.3945312505698635
17,6,1.3986328130715395
17,7,1.3996582036969585
17,8,1.3999145513533133
17,9,1.399978638267402
17,10,1.399994659995924
17,11,1.3999986654280547
17,12,1.3999996667860874
17,13,1.3999999171255955
17,14,1.3999999171255955
17,15,1.3999999171255955
17,16,1.3999999171255955
17,17,1.3999999171255955
17,18,1.3999999171255955
17,19,1.3999999171255955
17,20,1.3999999171255955
17,21,1.3999999171255955
17,22,1.3999999171255955
17,23,1.3999999171255955
17,24,1.3999999171255955
17,25,1.3999999171255955
17,26,1.3999999171255955
17,27,1.3999999171255955
17,28,1.3999999171255955
17,29,1.3999999171255955
17,30,1.3999999171255955
17,31,1.3999999171255955
17,32,1.3999999171255955
17,33,1.3999999171255955
17,34,1.3999999171255955
17,35,1.3999999171255955
17,36,1.3999999171255955
17,37,1.3999999171255955
17,38,1.3999999171255955
17,39,1.3999999171255955
17,40,1.3999999171255955
17,41,1.3999999171255955
17,42,1.3999999171255955
17,43,1.3999999171255955
17,44,1.3999999171255955
17,45,1.3999999171255955
17,46,1.3999999171255955
17,47,1.3999999171255955
17,48,1.3999999171255955
17,49,1.3999999171255955
17,50,1.3999999171255955
17,51,1.3999999171255955
17,52,1.3999999171255955
18,0,0.0
18,1,0.0
18,2,4.139015612192452
18,3,5.173769515240565
18,4,5.432457991002593
18,5,5.4971301099431
18,6,5.513298139678227
18,7,5.517340147112009
18,8,5.518350648970454
18,9,5.5186032744350655
18,10,5.518666430801218
18,11,5.5186822198927565
18,12,5.518686167165641
18,13,5.518687153983862
18,14,5.5186874006884175
18,15,5.518687462364556
18,16,5.518687462364556
18,17,5.518687462364556
18,18,5.518687462364556
18,19,5.518687462364556
18,20,5.518687462364556
18,21,5.518687462364556
18,22,5.518687462364556
18,23,5.518687462364556
18,24,5.518687462364556
18,25,5.518687462364556
18,26,5.518687462364556
18,27,5.518687462364556
18,28,5.518687462364556
18,29,5.518687462364556
18,30,5.518687462364556
18,31,5.518687462364556
18,32,5.518687462364556
18,33,5.518687462364556
18,34,5.518687462364556
18,35,5.518687462364556
18,36,5.518687462364556
18,37,5.518687462364556
18,38,5.518687462364556
18,39,5.518687462364556
18,40,5.518687462364556
18,41,5.518687462364556
18,42,5.518687462364556
18,43,5.518687462364556
18,44,5.518687462364556
18,45,5.518687462364556
18,46,5.518687462364556
18,47,5.518687462364556
18,48,5.518687462364556
18,49,5.518687462364556
18,50,5.518687462364556
18,51,5.518687462364556
18,52,5.518687462364556
19,0,0.0
19,1,0.0
19,2,0.004218749999999983
19,3,0.0052734374999999604
19,4,0.005537109374999934
19,5,0.005603027343749928
19,6,0.005619506835937426
19,7,0.005623626708984301
19,8,0.005623626708984301
19,9,0.005623626708984301
19,10,0.005623626708984301
19,11,0.005623626708984301
19,12,0.005623626708984301
19,13,0.005623626708984301
19,14,0.005623626708984301
19,15,0.005623626708984301
19,16,0.005623626708984301
19,17,0.005623626708984301
19,18,0.005623626708984301
19,19,0.005623626708984301
19,20,0.005623626708984301
19,21,0.005623626708984301
19,22,0.005623626708984301
19,23,0.005623626708984301
19,24,0.005623626708984301
19,25,0.005623626708984301
19,26,0.005623626708984301
19,27,0.005623626708984301
19,28,0.005623626708984301
19,29,0.005623626708984301
19,30,0.005623626708984301
19,31,0.005623626708984301
19,32,0.005623626708984301
19,33,0.005623626708984301
19,34,0.005623626708984301
19,35,0.005623626708984301
19,36,0.005623626708984301
19,37,0.005623626708984301
19,38,0.005623626708984301
19,39,0.005623626708984301
19,40,0.005623626708984301
19,41,0.005623626708984301
19,42,0.005623626708984301
19,43,0.005623626708984301
19,44,0.005623626708984301
19,45,0.005623626708984301
19,46,0.005623626708984301
19,47,0.005623626708984301
19,48,0.005623626708984301
19,49,0.005623626708984301
19,50,0.005623626708984301
19,51,0.005623626708984301
19,52,0.005623626708984301
20,0,0.0
20,1,0.0
20,2,0.004218749999999983
20,3,0.0052734374999999604
20,4,0.005537109374999934
20,5,0.005603027343749928
20,6,0.005619506835937426
20,7,0.005623626708984301
20,8,0.005623626708984301
20,9,0.005623626708984301
20,10,0.005623626708984301
20,11,0.005623626708984301
20,12,0.005623626708984301
20,13,0.005623626708984301
20,14,0.005623626708984301
20,15,0.005623626708984301
20,16,0.005623626708984301
20,17,0.005623626708984301
20,18,0.005623626708984301
20,19,0.005623626708984301
20,20,0.005623626708984301
20,21,0.005623626708984301
20,22,0.005623626708984301
20,23,0.005623626708984301
20,24,0.005623626708984301
20,25,0.005623626708984301
20,26,0.005623626708984301
20,27,0.005623626708984301
20,28,0.005623626708984301
20,29,0.005623626708984301
20,30,0.005623626708984301
20,31,0.005623626708984301
20,32,0.005623626708984301
20,33,0.005623626708984301
20,34,0.005623626708984301
20,35,0.005623626708984301
20,36,0.005623626708984301
20,37,0.005623626708984301
20,38,0.005623626708984301
20,39,0.005623626708984301
20,40,0.005623626708984301
20,41,0.005623626708984301
20,42,0.005623626708984301
20,43,0.005623626708984301
20,44,0.005623626708984301
20,45,0.005623626708984301
20,46,0.005623626708984301
20,47,0.005623626708984301
20,48,0.005623626708984301
20,49,0.005623626708984301
20,50,0.005623626708984301
20,51,0.005623626708984301
20,52,0.005623626708984301
21,0,0.0
21,1,0.0
21,2,1.5825000009201555
21,3,1.9781250011501945
21,4,2.0770312512077043
21,5,2.101757813722082
21,6,2.107939454350676
21,7,2.1094848645078246
21,8,2.109871217047112
21,9,2.1099678051819337
21,10,2.109991952215639
21,11,2.1099979889740657
21,12,2.1099994981636723
21,13,2.109999875461074
21,14,2.109999875461074
21,15,2.109999875461074
21,16,2.109999875461074
21,17,2.109999875461074
21,18,2.109999875461074
21,19,2.109999875461074
21,20,2.109999875461074
21,21,2.109999875461074
21,22,2.109999875461074
21,23,2.109999875461074
21,24,2.109999875461074
21,25,2.109999875461074
21,26,2.109999875461074
21,27,2.109999875461074
21,28,2.109999875461074
21,29,2.109999875461074
21,30,2.109999875461074
21,31,2.109999875461074
21,32,2.109999875461074
21,33,2.109999875461074
21,34,2.109999875461074
21,35,2.109999875461074
21,36,2.109999875461074
21,37,2.109999875461074
21,38,2.109999875461074
21,39,2.109999875461074
21,40,2.109999875461074
21,41,2.109999875461074
21,42,2.109999875461074
21,43,2.109999875461074
21,44,2.109999875461074
21,45,2.109999875461074
21,46,2.109999875461074
21,47,2.109999875461074
21,48,2.109999875461074
21,49,2.109999875461074
21,50,2.109999875461074
21,51,2.109999875461074
21,52,2.109999875461074
22,0,0.0
22,1,0.0
22,2,0.004218749999999983
22,3,0.0052734374999999604
22,4,0.005537109374999934
22,5,0.005603027343749928
22,6,0.005619506835937426
22,7,0.005623626708984301
22,8,0.005623626708984301
22,9,0.005623626708984301
22,10,0.005623626708984301
22,11,0.005623626708984301
22,12,0.005623626708984301
22,13,0.005623626708984301
22,14,0.005623626708984301
22,15,0.005623626708984301
22,16,0.005623626708984301
22,17,0.005623626708984301
22,18,0.005623626708984301
22,19,0.005623626708984301
22,20,0.005623626708984301
22,21,0.005623626708984301
22,22,0.005623626708984301
22,23,0.005623626708984301
22,24,0.005623626708984301
22,25,0.005623626708984301
22,26,0.005623626708984301
22,27,0.005623626708984301
22,28,0.005623626708984301
22,29,0.005623626708984301
22,30,0.005623626708984301
22,31,0.005623626708984301
22,32,0.005623626708984301
22,33,0.005623626708984301
22,34,0.005623626708984301
22,35,0.005623626708984301
22,36,0.005623626708984301
22,37,0.005623626708984301
22,38,0.005623626708984301
22,39,0.005623626708984301
22,40,0.005623626708984301
22,41,0.005623626708984301
22,42,0.005623626708984301
22,43,0.005623626708984301
22,44,0.005623626708984301
22,45,0.005623626708984301
22,46,0.005623626708984301
22,47,0.005623626708984301
22,48,0.005623626708984301
22,49,0.005623626708984301
22,50,0.005623626708984301
22,51,0.005623626708984301
22,52,0.005623626708984301
23,0,0.0
23,1,0.0
23,2,3.2625000011657592
23,3,4.078125001680137
23,4,4.28203125180901
23,5,4.333007814383377
23,6,4.345751955037818
23,7,4.348937990205758
23,8,4.349734498998156
23,9,4.349933626196668
23,10,4.3499834079967075
23,11,4.349995853447128
23,12,4.349998964810142
23,13,4.3499997426513035
23,14,4.349999937112001
23,15,4.349999985727582
23,16,4.349999997881882
23,17,4.350000000920558
23,18,4.350000001680253
23,19,4.350000001870183
23,20,4.350000001917667
23,21,4.350000001929538
23,22,4.350000001932506
23,23,4.350000001933248
23,24,4.3500000019334335
23,25,4.3500000019334335
23,26,4.3500000019334335
23,27,4.3500000019334335
23,28,4.3500000019334335
23,29,4.3500000019334335
23,30,4.3500000019334335
23,31,4.3500000019334335
23,32,4.3500000019334335
23,33,4.3500000019334335
23,34,4.3500000019334335
23,35,4.3500000019334335
23,36,4.3500000019334335
23,37,4.3500000019334335
23,38,4.3500000019334335
23,39,4.3500000019334335
23,40,4.3500000019334335
23,41,4.3500000019334335
23,42,4.3500000019334335
23,43,4.3500000019334335
23,44,4.3500000019334335
23,45,4.3500000019334335
23,46,4.3500000019334335
23,47,4.3500000019334335
23,48,4.3500000019334335
23,49,4.3500000019334335
23,50,4.3500000019334335
23,51,4.3500000019334335
23,52,4.3500000019334335
24,0,0.0
24,1,0.0
24,2,3.9675000003157868
24,3,4.959375000394734
24,4,5.20734375041447
24,5,5.269335937919404
24,6,5.284833984795638
24,7,5.288708496514696
24,8,5.28967712444446
24,9,5.289919281426902
24,10,5.289979820672512
24,11,5.289994955483914
24,12,5.289998739186765
24,13,5.289999685112478
24,14,5.289999685112478
24,15,5.289999685112478
24,16,5.289999685112478
24,17,5.289999685112478
24,18,5.289999685112478
24,19,5.289999685112478
24,20,5.289999685112478
24,21,5.289999685112478
24,22,5.289999685112478
24,23,5.289999685112478
24,24,5.289999685112478
24,25,5.289999685112478
24,26,5.289999685112478
24,27,5.289999685112478
24,28,5.289999685112478
24,29,5.289999685112478
24,30,5.289999685112478
24,31,5.289999685112478
24,32,5.289999685112478
24,33,5.289999685112478
24,34,5.289999685112478
24,35,5.289999685112478
24,36,5.289999685112478
24,37,5.289999685112478
24,38,5.289999685112478
24,39,5.289999685112478
24,40,5.289999685112478
24,41,5.289999685112478
24,42,5.289999685112478
24,43,5.289999685112478
24,44,5.289999685112478
24,45,5.289999685112478
24,46,5.289999685112478
24,47,5.289999685112478
24,48,5.289999685112478
24,49,5.289999685112478
24,50,5.289999685112478
24,51,5.289999685112478
24,52,5.289999685112478
25,0,0.0
25,1,0.0
25,2,6.132796871010214
25,3,7.665996088762768
25,4,8.049295893200906
25,5,8.14512084431044
25,6,8.169077082087824
25,7,8.17506614153217
25,8,8.176563406393257
25,9,8.176937722608528
25,10,8.177031301660922
25,11,8.177054696424019
25,12,8.177060545114793
25,13,8.177062007287487
25,14,8.17706237283066
25,15,8.177062464216455
25,16,8.177062464216455
25,17,8.177062464216455
25,18,8.177062464216455
25,19,8.177062464216455
25,20,8.177062464216455
25,21,8.177062464216455
25,22,8.177062464216455
25,23,8.177062464216455
25,24,8.177062464216455
25,25,8.177062464216455
25,26,8.177062464216455
25,27,8.177062464216455
25,28,8.177062464216455
25,29,8.177062464216455
25,30,8.177062464216455
25,31,8.177062464216455
25,32,8.177062464216455
25,33,8.177062464216455
25,34,8.177062464216455
25,35,8.177062464216455
25,36,8.177062464216455
25,37,8.177062464216455
25,38,8.177062464216455
25,39,8.177062464216455
25,40,8.177062464216455
25,41,8.177062464216455
25,42,8.177062464216455
25,43,8.177062464216455
25,44,8.177062464216455
25,45,8.177062464216455
25,46,8.177062464216455
25,47,8.177062464216455
25,48,8.177062464216455
25,49,8.177062464216455
25,50,8.177062464216455
25,51,8.177062464216455
25,52,8.177062464216455
26,0,0.0
26,1,0.0
26,2,2.340140622574836
26,3,2.925175778218545
26,4,3.0714345671294723
26,5,3.107999264357204
26,6,3.117140438664137
26,7,3.1194257322408703
26,8,3.119997055634774
26,9,3.1201398864832495
26,10,3.1201755941953686
26,11,3.1201845211233983
26,12,3.120186752855406
26,13,3.120187310788408
26,14,3.1201874502716582
26,15,3.120187485142471
26,16,3.120187485142471
26,17,3.120187485142471
26,18,3.120187485142471
26,19,3.120187485142471
26,20,3.120187485142471
26,21,3.120187485142471
26,22,3.120187485142471
26,23,3.120187485142471
26,24,3.120187485142471
26,25,3.120187485142471
26,26,3.120187485142471
26,27,3.120187485142471
26,28,3.120187485142471
26,29,3.120187485142471
26,30,3.120187485142471
26,31,3.120187485142471
26,32,3.120187485142471
26,33,3.120187485142471
26,34,3.120187485142471
26,35,3.120187485142471
26,36,3.120187485142471
26,37,3.120187485142471
26,38,3.120187485142471
26,39,3.120187485142471
26,40,3.120187485142471
26,41,3.120187485142471
26,42,3.120187485142471
26,43,3.120187485142471
26,44,3.120187485142471
26,45,3.120187485142471
26,46,3.120187485142471
26,47,3.120187485142471
26,48,3.120187485142471
26,49,3.120187485142471
26,50,3.120187485142471
26,51,3.120187485142471
26,52,3.120187485142471
27,0,0.0
27,1,0.0
27,2,36.85753124440089
27,3,46.07191405550111
27,4,48.375509758276166
27,5,48.95140868396993
27,6,49.09538341539337
27,7,49.13137709824923
27,8,49.1403755189632
27,9,49.14262512414169
27,10,49.14318752543631
27,11,49.143328125759965
27,12,49.143363275840876
27,13,49.143372063361106
27,14,49.14337426024116
27,15,49.14337480946118
27,16,49.14337494676618
27,17,49.14337498109243
27,18,49.14337498109243
27,19,49.14337498109243
27,20,49.14337498109243
27,21,49.14337498109243
27,22,49.14337498109243
27,23,49.14337498109243
27,24,49.14337498109243
27,25,49.14337498109243
27,26,49.14337498109243
27,27,49.14337498109243
27,28,49.14337498109243
27,29,49.14337498109243
27,30,49.14337498109243
27,31,49.14337498109243
27,32,49.14337498109243
27,33,49.14337498109243
27,34,49.14337498109243
27,35,49.14337498109243
27,36,49.14337498109243
27,37,49.14337498109243
27,38,49.14337498109243
27,39,49.14337498109243
27,40,49.14337498109243
27,41,49.14337498109243
27,42,49.14337498109243
27,43,49.14337498109243
27,44,49.14337498109243
27,45,49.14337498109243
27,46,49.14337498109243
27,47,49.14337498109243
27,48,49.14337498109243
27,49,49.14337498109243
27,50,49.14337498109243
27,51,49.14337498109243
27,52,49.14337498109243
28,0,0.0
28,1,0.0
28,2,2.4000000010128133
28,3,3.0000000012660166
28,4,3.1500000013293175
28,5,3.1875000013451427
28,6,3.196875001349099
28,7,3.199218751350088
28,8,3.1998046888503353
28,9,3.199951173225397
28,10,3.1999877943191626
28,11,3.199996949592604
28,12,3.1999992384109643
28,13,3.1999998106155547
28,14,3.1999998106155547
28,15,3.1999998106155547
28,16,3.1999998106155547
28,17,3.1999998106155547
28,18,3.1999998106155547
28,19,3.1999998106155547
28,20,3.1999998106155547
28,21,3.1999998106155547
28,22,3.1999998106155547
28,23,3.1999998106155547
28,24,3.1999998106155547
28,25,3.1999998106155547
28,26,3.1999998106155547
28,27,3.1999998106155547
28,28,3.1999998106155547
28,29,3.1999998106155547
28,30,3.1999998106155547
28,31,3.1999998106155547
28,32,3.1999998106155547
28,33,3.1999998106155547
28,34,3.1999998106155547
28,35,3.1999998106155547
28,36,3.1999998106155547
28,37,3.1999998106155547
28,38,3.1999998106155547
28,39,3.1999998106155547
28,40,3.1999998106155547
28,41,3.1999998106155547
28,42,3.1999998106155547
28,43,3.1999998106155547
28,44,3.1999998106155547
28,45,3.1999998106155547
28,46,3.1999998106155547
28,47,3.1999998106155547
28,48,3.1999998106155547
28,49,3.1999998106155547
28,50,3.1999998106155547
28,51,3.1999998106155547
28,52,3.1999998106155547
29,0,0.0
29,1,0.0
29,2,3.566953121451661
29,3,4.458691401814576
29,4,4.681625971905305
29,5,4.737359614427987
29,6,4.751293025058658
29,7,4.754776377716325
29,8,4.755647215880742
29,9,4.755864925421847
29,10,4.755919352807123
29,11,4.755932959653442
29,12,4.755936361365022
29,13,4.755937211792917
29,14,4.755937424399891
29,15,4.755937477551634
29,16,4.755937477551634
29,17,4.755937477551634
29,18,4.755937477551634
29,19,4.755937477551634
29,20,4.755937477551634
29,21,4.755937477551634
29,22,4.755937477551634
29,23,4.755937477551634
29,24,4.755937477551634
29,25,4.755937477551634
29,26,4.755937477551634
29,27,4.755937477551634
29,28,4.755937477551634
29,29,4.755937477551634
29,30,4.755937477551634
29,31,4.755937477551634
29,32,4.755937477551634
29,33,4.755937477551634
29,34,4.755937477551634
29,35,4.755937477551634
29,36,4.755937477551634
29,37,4.755937477551634
29,38,4.755937477551634
29,39,4.755937477551634
29,40,4.755937477551634
29,41,4.755937477551634
29,42,4.755937477551634
29,43,4.755937477551634
29,44,4.755937477551634
29,45,4.755937477551634
29,46,4.755937477551634
29,47,4.755937477551634
29,48,4.755937477551634
29,49,4.755937477551634
29,50,4.755937477551634
29,51,4.755937477551634
29,52,4.755937477551634
30,0,0.0
30,1,0.0
30,2,10.792499999999999
30,3,13.490624999999998
30,4,14.165156249999997
30,5,14.333789062499998
30,6,14.375947265624998
30,7,14.386486816406247
30,8,14.38912170410156
30,9,14.38978042602539
30,10,14.389945106506346
30,11,14.389986276626585
30,12,14.389996569156645
30,13,14.38999914228916
30,14,14.389999785572288
30,15,14.38999994639307
30,16,14.38999994639307
30,17,14.38999994639307
30,18,14.38999994639307
30,19,14.38999994639307
30,20,14.38999994639307
30,21,14.38999994639307
30,22,14.38999994639307
30,23,14.38999994639307
30,24,14.38999994639307
30,25,14.38999994639307
30,26,14.38999994639307
30,27,14.38999994639307
30,28,14.38999994639307
30,29,14.38999994639307
30,30,14.38999994639307
30,31,14.38999994639307
30,32,14.38999994639307
30,33,14.38999994639307
30,34,14.38999994639307
30,35,14.38999994639307
30,36,14.38999994639307
30,37,14.38999994639307
30,38,14.38999994639307
30,39,14.38999994639307
30,40,14.38999994639307
30,41,14.38999994639307
30,42,14.38999994639307
30,43,14.38999994639307
30,44,14.38999994639307
30,45,14.38999994639307
30,46,14.38999994639307
30,47,14.38999994639307
30,48,14.38999994639307
30,49,14.38999994639307
30,50,14.38999994639307
30,51,14.38999994639307
30,52,14.38999994639307
31,0,0.0
31,1,0.0
31,2,0.004218749999999983
31,3,0.0052734374999999604
31,4,0.005537109374999934
31,5,0.005603027343749928
31,6,0.005619506835937426
31,7,0.005623626708984301
31,8,0.005623626708984301
31,9,0.005623626708984301
31,10,0.005623626708984301
31,11,0.005623626708984301
31,12,0.005623626708984301
31,13,0.005623626708984301
31,14,0.005623626708984301
31,15,0.005623626708984301
31,16,0.005623626708984301
31,17,0.005623626708984301
31,18,0.005623626708984301
31,19,0.005623626708984301
31,20,0.005623626708984301
31,21,0.005623626708984301
31,22,0.005623626708984301
31,23,0.005623626708984301
31,24,0.005623626708984301
31,25,0.005623626708984301
31,26,0.005623626708984301
31,27,0.005623626708984301
31,28,0.005623626708984301
31,29,0.005623626708984301
31,30,0.005623626708984301
31,31,0.005623626708984301
31,32,0.005623626708984301
31,33,0.005623626708984301
31,34,0.005623626708984301
31,35,0.005623626708984301
31,36,0.005623626708984301
31,37,0.005623626708984301
31,38,0.005623626708984301
31,39,0.005623626708984301
31,40,0.005623626708984301
31,41,0.005623626708984301
31,42,0.005623626708984301
31,43,0.005623626708984301
31,44,0.005623626708984301
31,45,0.005623626708984301
31,46,0.005623626708984301
31,47,0.005623626708984301
31,48,0.005623626708984301
31,49,0.005623626708984301
31,50,0.005623626708984301
31,51,0.005623626708984301
31,52,0.005623626708984301
32,0,0.0
32,1,0.0
32,2,0.004218749999999983
32,3,0.0052734374999999604
32,4,0.005537109374999934
32,5,0.005603027343749928
32,6,0.005619506835937426
32,7,0.005623626708984301
32,8,0.005623626708984301
32,9,0.005623626708984301
32,10,0.005623626708984301
32,11,0.005623626708984301
32,12,0.005623626708984301
32,13,0.005623626708984301
32,14,0.005623626708984301
32,15,0.005623626708984301
32,16,0.005623626708984301
32,17,0.005623626708984301
32,18,0.005623626708984301
32,19,0.005623626708984301
32,20,0.005623626708984301
32,21,0.005623626708984301
32,22,0.005623626708984301
32,23,0.005623626708984301
32,24,0.005623626708984301
32,25,0.005623626708984301
32,26,0.005623626708984301
32,27,0.005623626708984301
32,28,0.005623626708984301
32,29,0.005623626708984301
32,30,0.005623626708984301
32,31,0.005623626708984301
32,32,0.005623626708984301
32,33,0.005623626708984301
32,34,0.005623626708984301
32,35,0.005623626708984301
32,36,0.005623626708984301
32,37,0.005623626708984301
32,38,0.005623626708984301
32,39,0.005623626708984301
32,40,0.005623626708984301
32,41,0.005623626708984301
32,42,0.005623626708984301
32,43,0.005623626708984301
32,44,0.005623626708984301
32,45,0.005623626708984301
32,46,0.005623626708984301
32,47,0.005623626708984301
32,48,0.005623626708984301
32,49,0.005623626708984301
32,50,0.005623626708984301
32,51,0.005623626708984301
32,52,0.005623626708984301
33,0,0.0
33,1,0.0
33,2,8.988046861253679
33,3,11.235058576567098
33,4,11.796811505395453
33,5,11.937249737602542
33,6,11.972359295654314
33,7,11.981136685167257
33,8,11.983331032545493
33,9,11.983879619390052
33,10,11.984016766098682
33,11,11.98405105277584
33,12,11.984059624445129
33,13,11.984061767362451
33,14,11.984062303091783
33,15,11.984062437024114
33,16,11.984062437024114
33,17,11.984062437024114
33,18,11.984062437024114
33,19,11.984062437024114
33,20,11.984062437024114
33,21,11.984062437024114
33,22,11.984062437024114
33,23,11.984062437024114
33,24,11.984062437024114
33,25,11.984062437024114
33,26,11.984062437024114
33,27,11.984062437024114
33,28,11.984062437024114
33,29,11.984062437024114
33,30,11.984062437024114
33,31,11.984062437024114
33,32,11.984062437024114
33,33,11.984062437024114
33,34,11.984062437024114
33,35,11.984062437024114
33,36,11.984062437024114
33,37,11.984062437024114
33,38,11.984062437024114
33,39,11.984062437024114
33,40,11.984062437024114
33,41,11.984062437024114
33,42,11.984062437024114
33,43,11.984062437024114
33,44,11.984062437024114
33,45,11.984062437024114
33,46,11.984062437024114
33,47,11.984062437024114
33,48,11.984062437024114
33,49,11.984062437024114
33,50,11.984062437024114
33,51,11.984062437024114
33,52,11.984062437024114
34,0,0.0
34,1,0.0
34,2,17.69301561685279
34,3,22.116269521065988
34,4,23.222082997119287
34,5,23.498536366132612
34,6,23.567649708385943
34,7,23.584928043949276
34,8,23.58924762784011
34,9,23.590327523812817
34,10,23.59059749780413
34,11,23.590664991301956
34,12,23.590681864676412
34,13,23.590686083020028
34,14,23.590687137605933
34,15,23.590687401252406
34,16,23.590687467164024
34,17,23.59068748364193
34,18,23.59068748364193
34,19,23.59068748364193
34,20,23.59068748364193
34,21,23.59068748364193
34,22,23.59068748364193
34,23,23.59068748364193
34,24,23.59068748364193
34,25,23.59068748364193
34,26,23.59068748364193
34,27,23.59068748364193
34,28,23.59068748364193
34,29,23.59068748364193
34,30,23.59068748364193
34,31,23.59068748364193
34,32,23.59068748364193
34,33,23.59068748364193
34,34,23.59068748364193
34,35,23.59068748364193
34,36,23.59068748364193
34,37,23.59068748364193
34,38,23.59068748364193
34,39,23.59068748364193
34,40,23.59068748364193
34,41,23.59068748364193
34,42,23.59068748364193
34,43,23.59068748364193
34,44,23.59068748364193
34,45,23.59068748364193
34,46,23.59068748364193
34,47,23.59068748364193
34,48,23.59068748364193
34,49,23.59068748364193
34,50,23.59068748364193
34,51,23.59068748364193
34,52,23.59068748364193
35,0,0.0
35,1,0.0
35,2,7.730015616863966
35,3,9.662519521079957
35,4,10.145645497133955
35,5,10.266426991147455
35,6,10.29662236465083
35,7,10.304171208026673
35,8,10.306058418870634
35,9,10.306530221581625
35,10,10.306648172257525
35,11,10.306677659926502
35,12,10.306685031843745
35,13,10.306686874823056
35,14,10.306687335567883
35,15,10.30668745075409
35,16,10.30668745075409
35,17,10.30668745075409
35,18,10.30668745075409
35,19,10.30668745075409
35,20,10.30668745075409
35,21,10.30668745075409
35,22,10.30668745075409
35,23,10.30668745075409
35,24,10.30668745075409
35,25,10.30668745075409
35,26,10.30668745075409
35,27,10.30668745075409
35,28,10.30668745075409
35,29,10.30668745075409
35,30,10.30668745075409
35,31,10.30668745075409
35,32,10.30668745075409
35,33,10.30668745075409
35,34,10.30668745075409
35,35,10.30668745075409
35,36,10.30668745075409
35,37,10.30668745075409
35,38,10.30668745075409
35,39,10.30668745075409
35,40,10.30668745075409
35,41,10.30668745075409
35,42,10.30668745075409
35,43,10.30668745075409
35,44,10.30668745075409
35,45,10.30668745075409
35,46,10.30668745075409
35,47,10.30668745075409
35,48,10.30668745075409
35,49,10.30668745075409
35,50,10.30668745075409
35,51,10.30668745075409
35,52,10.30668745075409
36,0,0.0
36,1,0.0
36,2,0.004218749999999983
36,3,0.0052734374999999604
36,4,0.005537109374999934
36,5,0.005603027343749928
36,6,0.005619506835937426
36,7,0.005623626708984301
36,8,0.005623626708984301
36,9,0.005623626708984301
36,10,0.005623626708984301
36,11,0.005623626708984301
36,12,0.005623626708984301
36,13,0.005623626708984301
36,14,0.005623626708984301
36,15,0.005623626708984301
36,16,0.005623626708984301
36,17,0.005623626708984301
36,18,0.005623626708984301
36,19,0.005623626708984301
36,20,0.005623626708984301
36,21,0.005623626708984301
36,22,0.005623626708984301
36,23,0.005623626708984301
36,24,0.005623626708984301
36,25,0.005623626708984301
36,26,0.005623626708984301
36,27,0.005623626708984301
36,28,0.005623626708984301
36,29,0.005623626708984301
36,30,0.005623626708984301
36,31,0.005623626708984301
36,32,0.005623626708984301
36,33,0.005623626708984301
36,34,0.005623626708984301
36,35,0.005623626708984301
36,36,0.005623626708984301
36,37,0.005623626708984301
36,38,0.005623626708984301
36,39,0.005623626708984301
36,40,0.005623626708984301
36,41,0.005623626708984301
36,42,0.005623626708984301
36,43,0.005623626708984301
36,44,0.005623626708984301
36,45,0.005623626708984301
36,46,0.005623626708984301
36,47,0.005623626708984301
36,48,0.005623626708984301
36,49,0.005623626708984301
36,50,0.005623626708984301
36,51,0.005623626708984301
36,52,0.005623626708984301
37,0,0.0
37,1,0.0
37,2,0.004218749999999983
37,3,0.0052734374999999604
37,4,0.005537109374999934
37,5,0.005603027343749928
37,6,0.005619506835937426
37,7,0.005623626708984301
37,8,0.005623626708984301
37,9,0.005623626708984301
37,10,0.005623626708984301
37,11,0.005623626708984301
37,12,0.005623626708984301
37,13,0.005623626708984301
37,14,0.005623626708984301
37,15,0.005623626708984301
37,16,0.005623626708984301
37,17,0.005623626708984301
37,18,0.005623626708984301
37,19,0.005623626708984301
37,20,0.005623626708984301
37,21,0.005623626708984301
37,22,0.005623626708984301
37,23,0.005623626708984301
37,24,0.005623626708984301
37,25,0.005623626708984301
37,26,0.005623626708984301
37,27,0.005623626708984301
37,28,0.005623626708984301
37,29,0.005623626708984301
37,30,0.005623626708984301
37,31,0.005623626708984301
37,32,0.005623626708984301
37,33,0.005623626708984301
37,34,0.005623626708984301
37,35,0.005623626708984301
37,36,0.005623626708984301
37,37,0.005623626708984301
37,38,0.005623626708984301
37,39,0.005623626708984301
37,40,0.005623626708984301
37,41,0.005623626708984301
37,42,0.005623626708984301
37,43,0.005623626708984301
37,44,0.005623626708984301
37,45,0.005623626708984301
37,46,0.005623626708984301
37,47,0.005623626708984301
37,48,0.005623626708984301
37,49,0.005623626708984301
37,50,0.005623626708984301
37,51,0.005623626708984301
37,52,0.005623626708984301
38,0,0.0
38,1,0.0
38,2,1.5150000011170337
38,3,1.8937500013962922
38,4,1.9884375014661069
38,5,2.0121093764835605
38,6,2.018027345237924
38,7,2.019506837426515
38,8,2.0198767104736626
38,9,2.0199691787354497
38,10,2.0199922958008965
38,11,2.019998075067258
38,12,2.0199995198838483
38,13,2.0199998810879958
38,14,2.0199998810879958
38,15,2.0199998810879958
38,16,2.0199998810879958
38,17,2.0199998810879958
38,18,2.0199998810879958
38,19,2.0199998810879958
38,20,2.0199998810879958
38,21,2.0199998810879958
38,22,2.0199998810879958
38,23,2.0199998810879958
38,24,2.0199998810879958
38,25,2.0199998810879958
38,26,2.0199998810879958
38,27,2.0199998810879958
38,28,2.0199998810879958
38,29,2.0199998810879958
38,30,2.0199998810879958
38,31,2.0199998810879958
38,32,2.0199998810879958
38,33,2.0199998810879958
38,34,2.0199998810879958
38,35,2.0199998810879958
38,36,2.0199998810879958
38,37,2.0199998810879958
38,38,2.0199998810879958
38,39,2.0199998810879958
38,40,2.0199998810879958
38,41,2.0199998810879958
38,42,2.0199998810879958
38,43,2.0199998810879958
38,44,2.0199998810879958
38,45,2.0199998810879958
38,46,2.0199998810879958
38,47,2.0199998810879958
38,48,2.0199998810879958
38,49,2.0199998810879958
38,50,2.0199998810879958
38,51,2.0199998810879958
38,52,2.0199998810879958
39,0,0.0
39,1,0.0
39,2,7.406015621032566
39,3,9.257519526290707
39,4,9.720395502605243
39,5,9.836114496683876
39,6,9.865044245203535
39,7,9.87227668233345
39,8,9.874084791615928
39,9,9.874536818936548
39,10,9.874649825765026
39,11,9.874678077472147
39,12,9.874685140398928
39,13,9.874686906130622
39,14,9.874687347563546
39,15,9.874687457921777
39,16,9.874687457921777
39,17,9.874687457921777
39,18,9.874687457921777
39,19,9.874687457921777
39,20,9.874687457921777
39,21,9.874687457921777
39,22,9.874687457921777
39,23,9.874687457921777
39,24,9.874687457921777
39,25,9.874687457921777
39,26,9.874687457921777
39,27,9.874687457921777
39,28,9.874687457921777
39,29,9.874687457921777
39,30,9.874687457921777
39,31,9.874687457921777
39,32,9.874687457921777
39,33,9.874687457921777
39,34,9.874687457921777
39,35,9.874687457921777
39,36,9.874687457921777
39,37,9.874687457921777
39,38,9.874687457921777
39,39,9.874687457921777
39,40,9.874687457921777
39,41,9.874687457921777
39,42,9.874687457921777
39,43,9.874687457921777
39,44,9.874687457921777
39,45,9.874687457921777
39,46,9.874687457921777
39,47,9.874687457921777
39,48,9.874687457921777
39,49,9.874687457921777
39,50,9.874687457921777
39,51,9.874687457921777
39,52,9.874687457921777
40,0,0.0
40,1,0.0
40,2,8.623546867165715
40,3,10.779433583957143
40,4,11.318405263155
40,5,11.453148182954465
40,6,11.48683391290433
40,7,11.495255345391797
40,8,11.497360703513664
40,9,11.49788704304413
40,10,11.498018627924472
40,11,11.498051524144557
40,12,11.498059748199578
40,13,11.498061804213334
40,14,11.498062318216773
40,15,11.498062446717633
40,16,11.498062446717633
40,17,11.498062446717633
40,18,11.498062446717633
40,19,11.498062446717633
40,20,11.498062446717633
40,21,11.498062446717633
40,22,11.498062446717633
40,23,11.498062446717633
40,24,11.498062446717633
40,25,11.498062446717633
40,26,11.498062446717633
40,27,11.498062446717633
40,28,11.498062446717633
40,29,11.498062446717633
40,30,11.498062446717633
40,31,11.498062446717633
40,32,11.498062446717633
40,33,11.498062446717633
40,34,11.498062446717633
40,35,11.498062446717633
40,36,11.498062446717633
40,37,11.498062446717633
40,38,11.498062446717633
40,39,11.498062446717633
40,40,11.498062446717633
40,41,11.498062446717633
40,42,11.498062446717633
40,43,11.498062446717633
40,44,11.498062446717633
40,45,11.498062446717633
40,46,11.498062446717633
40,47,11.498062446717633
40,48,11.498062446717633
40,49,11.498062446717633
40,50,11.498062446717633
40,51,11.498062446717633
40,52,11.498062446717633
41,0,0.0
41,1,0.0
41,2,3.7162968709599227
41,3,4.645371088699903
41,4,4.8776396431348985
41,5,4.935706781743647
41,6,4.9502235663958345
41,7,4.953852762558881
41,8,4.954760061599643
41,9,4.954986886359833
41,10,4.955043592549881
41,11,4.955057769097393
41,12,4.955061313234271
41,13,4.9550621992684905
41,14,4.955062420777045
41,15,4.955062476154184
41,16,4.955062476154184
41,17,4.955062476154184
41,18,4.955062476154184
41,19,4.955062476154184
41,20,4.955062476154184
41,21,4.955062476154184
41,22,4.955062476154184
41,23,4.955062476154184
41,24,4.955062476154184
41,25,4.955062476154184
41,26,4.955062476154184
41,27,4.955062476154184
41,28,4.955062476154184
41,29,4.955062476154184
41,30,4.955062476154184
41,31,4.955062476154184
41,32,4.955062476154184
41,33,4.955062476154184
41,34,4.955062476154184
41,35,4.955062476154184
41,36,4.955062476154184
41,37,4.955062476154184
41,38,4.955062476154184
41,39,4.955062476154184
41,40,4.955062476154184
41,41,4.955062476154184
41,42,4.955062476154184
41,43,4.955062476154184
41,44,4.955062476154184
41,45,4.955062476154184
41,46,4.955062476154184
41,47,4.955062476154184
41,48,4.955062476154184
41,49,4.955062476154184
41,50,4.955062476154184
41,51,4.955062476154184
41,52,4.955062476154184
42,0,0.0
42,1,0.0
42,2,81.07509374886286
42,3,101.34386718607857
42,4,106.4110605453825
42,5,107.67785888520848
42,6,107.99455847016498
42,7,108.0737333664041
42,8,108.09352709046388
42,9,108.09847552147883
42,10,108.09971262923257
42,11,108.10002190617101
42,12,108.10009922540561
42,13,108.10011855521427
42,14,108.10012338766643
42,15,108.10012459577948
42,16,108.10012489780773
42,17,108.10012497331479
42,18,108.10012499219155
42,19,108.10012499691075
42,20,108.10012499691075
42,21,108.10012499691075
42,22,108.10012499691075
42,23,108.10012499691075
42,24,108.10012499691075
42,25,108.10012499691075
42,26,108.10012499691075
42,27,108.10012499691075
42,28,108.10012499691075
42,29,108.10012499691075
42,30,108.10012499691075
42,31,108.10012499691075
42,32,108.10012499691075
42,33,108.10012499691075
42,34,108.10012499691075
42,35,108.10012499691075
42,36,108.10012499691075
42,37,108.10012499691075
42,38,108.10012499691075
42,39,108.10012499691075
42,40,108.10012499691075
42,41,108.10012499691075
42,42,108.10012499691075
42,43,108.10012499691075
42,44,108.10012499691075
42,45,108.10012499691075
42,46,108.10012499691075
42,47,108.10012499691075
42,48,108.10012499691075
42,49,108.10012499691075
42,50,108.10012499691075
42,51,108.10012499691075
42,52,108.10012499691075
43,0,0.0
43,1,0.0
43,2,1.0673437480581924
43,3,1.3341796850727405
43,4,1.4008886693263776
43,5,1.4175659153897868
43,6,1.4217352269056391
43,7,1.4227775547846022
43,8,1.4230381367543417
43,9,1.4231032822467764
43,10,1.4231195686198852
43,11,1.4231236402131624
43,12,1.4231246581114816
43,13,1.4231249125860614
43,14,1.4231249125860614
43,15,1.4231249125860614
43,16,1.4231249125860614
43,17,1.4231249125860614
43,18,1.4231249125860614
43,19,1.4231249125860614
43,20,1.4231249125860614
43,21,1.4231249125860614
43,22,1.4231249125860614
43,23,1.4231249125860614
43,24,1.4231249125860614
43,25,1.4231249125860614
43,26,1.4231249125860614
43,27,1.4231249125860614
43,28,1.4231249125860614
43,29,1.4231249125860614
43,30,1.4231249125860614
43,31,1.4231249125860614
43,32,1.4231249125860614
43,33,1.4231249125860614
43,34,1.4231249125860614
43,35,1.4231249125860614
43,36,1.4231249125860614
43,37,1.4231249125860614
43,38,1.4231249125860614
43,39,1.4231249125860614
43,40,1.4231249125860614
43,41,1.4231249125860614
43,42,1.4231249125860614
43,43,1.4231249125860614
43,44,1.4231249125860614
43,45,1.4231249125860614
43,46,1.4231249125860614
43,47,1.4231249125860614
43,48,1.4231249125860614
43,49,1.4231249125860614
43,50,1.4231249125860614
43,51,1.4231249125860614
43,52,1.4231249125860614
44,0,0.0
44,1,0.0
44,2,10.71
44,3,13.387500000000001
44,4,14.056875000000002
44,5,14.224218750000002
44,6,14.266054687500002
44,7,14.276513671875001
44,8,14.279128417968751
44,9,14.279782104492188
44,10,14.279945526123047
44,11,14.279986381530762
44,12,14.279996595382691
44,13,14.279999148845674
44,14,14.27999978721142
44,15,14.279999946802855
44,16,14.279999946802855
44,17,14.279999946802855
44,18,14.279999946802855
44,19,14.279999946802855
44,20,14.279999946802855
44,21,14.279999946802855
44,22,14.279999946802855
44,23,14.279999946802855
44,24,14.279999946802855
44,25,14.279999946802855
44,26,14.279999946802855
44,27,14.279999946802855
44,28,14.279999946802855
44,29,14.279999946802855
44,30,14.279999946802855
44,31,14.279999946802855
44,32,14.279999946802855
44,33,14.279999946802855
44,34,14.279999946802855
44,35,14.279999946802855
44,36,14.279999946802855
44,37,14.279999946802855
44,38,14.279999946802855
44,39,14.279999946802855
44,40,14.279999946802855
44,41,14.279999946802855
44,42,14.279999946802855
44,43,14.279999946802855
44,44,14.279999946802855
44,45,14.279999946802855
44,46,14.279999946802855
44,47,14.279999946802855
44,48,14.279999946802855
44,49,14.279999946802855
44,50,14.279999946802855
44,51,14.279999946802855
44,52,14.279999946802855
45,0,0.0
45,1,0.0
45,2,3.8804062453564256
45,3,4.850507806695532
45,4,5.093033197030309
45,5,5.153664544614003
45,6,5.168822381509926
45,7,5.172611840733907
45,8,5.1735592055399025
45,9,5.173796046741401
45,10,5.173855257041776
45,11,5.17387005961687
45,12,5.173873760260643
45,13,5.173874685421587
45,14,5.1738749167118225
45,15,5.173874974534382
45,16,5.173874974534382
45,17,5.173874974534382
45,18,5.173874974534382
45,19,5.173874974534382
45,20,5.173874974534382
45,21,5.173874974534382
45,22,5.173874974534382
45,23,5.173874974534382
45,24,5.173874974534382
45,25,5.173874974534382
45,26,5.173874974534382
45,27,5.173874974534382
45,28,5.173874974534382
45,29,5.173874974534382
45,30,5.173874974534382
45,31,5.173874974534382
45,32,5.173874974534382
45,33,5.173874974534382
45,34,5.173874974534382
45,35,5.173874974534382
45,36,5.173874974534382
45,37,5.173874974534382
45,38,5.173874974534382
45,39,5.173874974534382
45,40,5.173874974534382
45,41,5.173874974534382
45,42,5.173874974534382
45,43,5.173874974534382
45,44,5.173874974534382
45,45,5.173874974534382
45,46,5.173874974534382
45,47,5.173874974534382
45,48,5.173874974534382
45,49,5.173874974534382
45,50,5.173874974534382
45,51,5.173874974534382
45,52,5.173874974534382
46,0,0.0
46,1,0.0
46,2,0.6589687429368496
46,3,0.823710928671062
46,4,0.8648964751046151
46,5,0.8751928617130034
46,6,0.8777669583651004
46,7,0.8784104825281247
46,8,0.8785713635687022
46,9,0.8786115838288466
46,10,0.8786216388938828
46,11,0.8786241526601417
46,12,0.8786247811017065
46,13,0.8786249382120976
46,14,0.8786249382120976
46,15,0.8786249382120976
46,16,0.8786249382120976
46,17,0.8786249382120976
46,18,0.8786249382120976
46,19,0.8786249382120976
46,20,0.8786249382120976
46,21,0.8786249382120976
46,22,0.8786249382120976
46,23,0.8786249382120976
46,24,0.8786249382120976
46,25,0.8786249382120976
46,26,0.8786249382120976
46,27,0.8786249382120976
46,28,0.8786249382120976
46,29,0.8786249382120976
46,30,0.8786249382120976
46,31,0.8786249382120976
46,32,0.8786249382120976
46,33,0.8786249382120976
46,34,0.8786249382120976
46,35,0.8786249382120976
46,36,0.8786249382120976
46,37,0.8786249382120976
46,38,0.8786249382120976
46,39,0.8786249382120976
46,40,0.8786249382120976
46,41,0.8786249382120976
46,42,0.8786249382120976
46,43,0.8786249382120976
46,44,0.8786249382120976
46,45,0.8786249382120976
46,46,0.8786249382120976
46,47,0.8786249382120976
46,48,0.8786249382120976
46,49,0.8786249382120976
46,50,0.8786249382120976
46,51,0.8786249382120976
46,52,0.8786249382120976
47,0,0.0
47,1,0.0
47,2,44.77612498635426
47,3,55.97015623294283
47,4,58.76866404458997
47,5,59.468290997501754
47,6,59.6431977357297
47,7,59.68692442028669
47,8,59.69785609142593
47,9,59.700589009210745
47,10,59.70127223865695
47,11,59.7014430460185
47,12,59.70148574785888
47,13,59.70149642331898
47,14,59.701499092184
47,15,59.70149975940026
47,16,59.70149992620432
47,17,59.701499967905335
47,18,59.701499967905335
47,19,59.701499967905335
47,20,59.701499967905335
47,21,59.701499967905335
47,22,59.701499967905335
47,23,59.701499967905335
47,24,59.701499967905335
47,25,59.701499967905335
47,26,59.701499967905335
47,27,59.701499967905335
47,28,59.701499967905335
47,29,59.701499967905335
47,30,59.701499967905335
47,31,59.701499967905335
47,32,59.701499967905335
47,33,59.701499967905335
47,34,59.701499967905335
47,35,59.701499967905335
47,36,59.701499967905335
47,37,59.701499967905335
47,38,59.701499967905335
47,39,59.701499967905335
47,40,59.701499967905335
47,41,59.701499967905335
47,42,59.701499967905335
47,43,59.701499967905335
47,44,59.701499967905335
47,45,59.701499967905335
47,46,59.701499967905335
47,47,59.701499967905335
47,48,59.701499967905335
47,49,59.701499967905335
47,50,59.701499967905335
47,51,59.701499967905335
47,52,59.701499967905335
48,0,0.0
48,1,0.0
48,2,10.909687492763624
48,3,13.63710936595453
48,4,14.318964834252256
48,5,14.489428701326688
48,6,14.532044668095295
48,7,14.542698659787447
48,8,14.545362157710485
48,9,14.546028032191245
48,10,14.546194500808525
48,11,14.546236117962845
48,12,14.546246522251426
48,13,14.546249123323571
48,14,14.546249773591608
48,15,14.546249936158617
48,16,14.546249936158617
48,17,14.546249936158617
48,18,14.546249936158617
48,19,14.546249936158617
48,20,14.546249936158617
48,21,14.546249936158617
48,22,14.546249936158617
48,23,14.546249936158617
48,24,14.546249936158617
48,25,14.546249936158617
48,26,14.546249936158617
48,27,14.546249936158617
48,28,14.546249936158617
48,29,14.546249936158617
48,30,14.546249936158617
48,31,14.546249936158617
48,32,14.546249936158617
48,33,14.546249936158617
48,34,14.546249936158617
48,35,14.546249936158617
48,36,14.546249936158617
48,37,14.546249936158617
48,38,14.546249936158617
48,39,14.546249936158617
48,40,14.546249936158617
48,41,14.546249936158617
48,42,14.546249936158617
48,43,14.546249936158617
48,44,14.546249936158617
48,45,14.546249936158617
48,46,14.546249936158617
48,47,14.546249936158617
48,48,14.546249936158617
48,49,14.546249936158617
48,50,14.546249936158617
48,51,14.546249936158617
48,52,14.546249936158617
49,0,0.0
49,1,0.0
49,2,35.315156247932464
49,3,44.14394530991558
49,4,46.35114257541136
49,5,46.902941891785304
49,6,47.04089172087879
49,7,47.07537917815216
49,8,47.084001042470504
49,9,47.08615650855009
49,10,47.0866953750653
49,11,47.0868300916941
49,12,47.086863770851295
49,13,47.0868721906406
49,14,47.086874295587926
49,15,47.08687482182476
49,16,47.08687495338396
49,17,47.08687498627376
49,18,47.08687498627376
49,19,47.08687498627376
49,20,47.08687498627376
49,21,47.08687498627376
49,22,47.08687498627376
49,23,47.08687498627376
49,24,47.08687498627376
49,25,47.08687498627376
49,26,47.08687498627376
49,27,47.08687498627376
49,28,47.08687498627376
49,29,47.08687498627376
49,30,47.08687498627376
49,31,47.08687498627376
49,32,47.08687498627376
49,33,47.08687498627376
49,34,47.08687498627376
49,35,47.08687498627376
49,36,47.08687498627376
49,37,47.08687498627376
49,38,47.08687498627376
49,39,47.08687498627376
49,40,47.08687498627376
49,41,47.08687498627376
49,42,47.08687498627376
49,43,47.08687498627376
49,44,47.08687498627376
49,45,47.08687498627376
49,46,47.08687498627376
49,47,47.08687498627376
49,48,47.08687498627376
49,49,47.08687498627376
49,50,47.08687498627376
49,51,47.08687498627376
49,52,47.08687498627376
50,0,0.0
50,1,0.0
50,2,12.62292187102139
50,3,15.778652338776737
50,4,16.567584955715574
50,5,16.764818109950284
50,6,16.81412639850896
50,7,16.82645347064863
50,8,16.829535238683548
50,9,16.830305680692277
50,10,16.83049829119298
50,11,16.83054644381816
50,12,16.830558481974457
50,13,16.83056149151353
50,14,16.8305622438983
50,15,16.83056243199449
50,16,16.83056247901854
50,17,16.83056249077455
50,18,16.83056249077455
50,19,16.83056249077455
50,20,16.83056249077455
50,21,16.83056249077455
50,22,16.83056249077455
50,23,16.83056249077455
50,24,16.83056249077455
50,25,16.83056249077455
50,26,16.83056249077455
50,27,16.83056249077455
50,28,16.83056249077455
50,29,16.83056249077455
50,30,16.83056249077455
50,31,16.83056249077455
50,32,16.83056249077455
50,33,16.83056249077455
50,34,16.83056249077455
50,35,16.83056249077455
50,36,16.83056249077455
50,37,16.83056249077455
50,38,16.83056249077455
50,39,16.83056249077455
50,40,16.83056249077455
50,41,16.83056249077455
50,42,16.83056249077455
50,43,16.83056249077455
50,44,16.83056249077455
50,45,16.83056249077455
50,46,16.83056249077455
50,47,16.83056249077455
50,48,16.83056249077455
50,49,16.83056249077455
50,50,16.83056249077455
50,51,16.83056249077455
50,52,16.83056249077455
51,0,0.0
51,1,0.0
51,2,28.336078121792525
51,3,35.420097652240656
51,4,37.19110253485269
51,5,37.6338537555057
51,6,37.74454156066895
51,7,37.77221351195976
51,8,37.779131499782466
51,9,37.78086099673814
51,10,37.7812933702217
51,11,37.78140146359259
51,12,37.78142848693531
51,13,37.78143524277099
51,14,37.78143693172991
51,15,37.781437353969636
51,16,37.78143745952957
51,17,37.781437485919554
51,18,37.781437485919554
51,19,37.781437485919554
51,20,37.781437485919554
51,21,37.781437485919554
51,22,37.781437485919554
51,23,37.781437485919554
51,24,37.781437485919554
51,25,37.781437485919554
51,26,37.781437485919554
51,27,37.781437485919554
51,28,37.781437485919554
51,29,37.781437485919554
51,30,37.781437485919554
51,31,37.781437485919554
51,32,37.781437485919554
51,33,37.781437485919554
51,34,37.781437485919554
51,35,37.781437485919554
51,36,37.781437485919554
51,37,37.781437485919554
51,38,37.781437485919554
51,39,37.781437485919554
51,40,37.781437485919554
51,41,37.781437485919554
51,42,37.781437485919554
51,43,37.781437485919554
51,44,37.781437485919554
51,45,37.781437485919554
51,46,37.781437485919554
51,47,37.781437485919554
51,48,37.781437485919554
51,49,37.781437485919554
51,50,37.781437485919554
51,51,37.781437485919554
51,52,37.781437485919554
52,0,0.0
52,1,0.0
52,2,14.485499996691942
52,3,18.106874995864928
52,4,19.012218745658174
52,5,19.238554683106486
52,6,19.295138667468564
52,7,19.309284663559083
52,8,19.312821162581713
52,9,19.31370528733737
52,10,19.313926318525187
52,11,19.313981576322142
52,12,19.31399539077138
52,13,19.31399884438369
52,14,19.313999707786767
52,15,19.313999923637535
52,16,19.31399997760023
52,17,19.313999991090903
52,18,19.313999991090903
52,19,19.313999991090903
52,20,19.313999991090903
52,21,19.313999991090903
52,22,19.313999991090903
52,23,19.313999991090903
52,24,19.313999991090903
52,25,19.313999991090903
52,26,19.313999991090903
52,27,19.313999991090903
52,28,19.313999991090903
52,29,19.313999991090903
52,30,19.313999991090903
52,31,19.313999991090903
52,32,19.313999991090903
52,33,19.313999991090903
52,34,19.313999991090903
52,35,19.313999991090903
52,36,19.313999991090903
52,37,19.313999991090903
52,38,19.313999991090903
52,39,19.313999991090903
52,40,19.313999991090903
52,41,19.313999991090903
52,42,19.313999991090903
52,43,19.313999991090903
52,44,19.313999991090903
52,45,19.313999991090903
52,46,19.313999991090903
52,47,19.313999991090903
52,48,19.313999991090903
52,49,19.313999991090903
52,50,19.313999991090903
52,51,19.313999991090903
52,52,19.313999991090903
53,0,0.0
53,1,0.0
53,2,0.7129687406122684
53,3,0.8912109257653356
53,4,0.9357714720536023
53,5,0.946911608625669
53,6,0.9496966427686857
53,7,0.9503929013044399
53,8,0.9505669659381986
53,9,0.9506104820966382
53,10,0.9506213611362482
53,11,0.9506240808961506
53,12,0.9506247608361262
53,13,0.9506249308211201
53,14,0.9506249733173686
53,15,0.9506249839414307
53,16,0.9506249839414307
53,17,0.9506249839414307
53,18,0.9506249839414307
53,19,0.9506249839414307
53,20,0.9506249839414307
53,21,0.9506249839414307
53,22,0.9506249839414307
53,23,0.9506249839414307
53,24,0.9506249839414307
53,25,0.9506249839414307
53,26,0.9506249839414307
53,27,0.9506249839414307
53,28,0.9506249839414307
53,29,0.9506249839414307
53,30,0.9506249839414307
53,31,0.9506249839414307
53,32,0.9506249839414307
53,33,0.9506249839414307
53,34,0.9506249839414307
53,35,0.9506249839414307
53,36,0.9506249839414307
53,37,0.9506249839414307
53,38,0.9506249839414307
53,39,0.9506249839414307
53,40,0.9506249839414307
53,41,0.9506249839414307
53,42,0.9506249839414307
53,43,0.9506249839414307
53,44,0.9506249839414307
53,45,0.9506249839414307
53,46,0.9506249839414307
53,47,0.9506249839414307
53,48,0.9506249839414307
53,49,0.9506249839414307
53,50,0.9506249839414307
53,51,0.9506249839414307
53,52,0.9506249839414307
54,0,0.0
54,1,0.0
54,2,2.496234373888001
54,3,3.120292967360001
54,4,3.276307615728001
54,5,3.315311277820001
54,6,3.325062193343001
54,7,3.327499922223751
54,8,3.328109354443659
54,9,3.3282617124986356
54,10,3.32829980201238
54,11,3.328309324390816
54,12,3.328311704985425
54,13,3.328312300134077
54,14,3.32831244892124
54,15,3.328312486118031
54,16,3.328312495417229
54,17,3.3283124977420284
54,18,3.3283124977420284
54,19,3.3283124977420284
54,20,3.3283124977420284
54,21,3.3283124977420284
54,22,3.3283124977420284
54,23,3.3283124977420284
54,24,3.3283124977420284
54,25,3.3283124977420284
54,26,3.3283124977420284
54,27,3.3283124977420284
54,28,3.3283124977420284
54,29,3.3283124977420284
54,30,3.3283124977420284
54,31,3.3283124977420284
54,32,3.3283124977420284
54,33,3.3283124977420284
54,34,3.3283124977420284
54,35,3.3283124977420284
54,36,3.3283124977420284
54,37,3.3283124977420284
54,38,3.3283124977420284
54,39,3.3283124977420284
54,40,3.3283124977420284
54,41,3.3283124977420284
54,42,3.3283124977420284
54,43,3.3283124977420284
54,44,3.3283124977420284
54,45,3.3283124977420284
54,46,3.3283124977420284
54,47,3.3283124977420284
54,48,3.3283124977420284
54,49,3.3283124977420284
54,50,3.3283124977420284
54,51,3.3283124977420284
54,52,3.3283124977420284
55,0,0.0
55,1,0.0
55,2,10.951031243428588
55,3,13.688789054285735
55,4,14.373228507000022
55,5,14.544338370178593
55,6,14.587115835973236
55,7,14.597810202421897
55,8,14.600483794034062
55,9,14.601152191937103
55,10,14.601319291409922
55,11,14.601361066278127
55,12,14.601371509995179
55,13,14.601374120924442
55,14,14.601374773656758
55,15,14.601374936839836
55,16,14.601374977635606
55,17,14.601374987834548
55,18,14.601374990384285
55,19,14.601374991021718
55,20,14.601374991021718
55,21,14.601374991021718
55,22,14.601374991021718
55,23,14.601374991021718
55,24,14.601374991021718
55,25,14.601374991021718
55,26,14.601374991021718
55,27,14.601374991021718
55,28,14.601374991021718
55,29,14.601374991021718
55,30,14.601374991021718
55,31,14.601374991021718
55,32,14.601374991021718
55,33,14.601374991021718
55,34,14.601374991021718
55,35,14.601374991021718
55,36,14.601374991021718
55,37,14.601374991021718
55,38,14.601374991021718
55,39,14.601374991021718
55,40,14.601374991021718
55,41,14.601374991021718
55,42,14.601374991021718
55,43,14.601374991021718
55,44,14.601374991021718
55,45,14.601374991021718
55,46,14.601374991021718
55,47,14.601374991021718
55,48,14.601374991021718
55,49,14.601374991021718
55,50,14.601374991021718
55,51,14.601374991021718
55,52,14.601374991021718
56,0,0.0
56,1,0.0
56,2,8.449312491808087
56,3,10.561640614760108
56,4,11.089722645498114
56,5,11.221743153182615
56,6,11.25474828010374
56,7,11.262999561834022
56,8,11.265062382266592
56,9,11.265578087374735
56,10,11.265707013649836
56,11,11.265739245218612
56,12,11.265747303110805
56,13,11.265749317583854
56,14,11.265749821202116
56,15,11.26574994710668
56,16,11.265749978582821
56,17,11.265749986451857
56,18,11.265749988419115
56,19,11.26574998891093
56,20,11.26574998891093
56,21,11.26574998891093
56,22,11.26574998891093
56,23,11.26574998891093
56,24,11.26574998891093
56,25,11.26574998891093
56,26,11.26574998891093
56,27,11.26574998891093
56,28,11.26574998891093
56,29,11.26574998891093
56,30,11.26574998891093
56,31,11.26574998891093
56,32,11.26574998891093
56,33,11.26574998891093
56,34,11.26574998891093
56,35,11.26574998891093
56,36,11.26574998891093
56,37,11.26574998891093
56,38,11.26574998891093
56,39,11.26574998891093
56,40,11.26574998891093
56,41,11.26574998891093
56,42,11.26574998891093
56,43,11.26574998891093
56,44,11.26574998891093
56,45,11.26574998891093
56,46,11.26574998891093
56,47,11.26574998891093
56,48,11.26574998891093
56,49,11.26574998891093
56,50,11.26574998891093
56,51,11.26574998891093
56,52,11.26574998891093
57,0,0.0
57,1,0.0
57,2,2.6426249924115837
57,3,3.3032812405144796
57,4,3.4684453025402036
57,5,3.5097363180466346
57,6,3.5200590719232423
57,7,3.5226397603923942
57,8,3.523284932509392
57,9,3.523446225538641
57,10,3.5234865487959532
57,11,3.5234966296102814
57,12,3.5234991498138633
57,13,3.5234997798647587
57,14,3.5234999373774825
57,15,3.5234999767556636
57,16,3.523499986600209
57,17,3.523499989061345
57,18,3.523499989061345
57,19,3.523499989061345
57,20,3.523499989061345
57,21,3.523499989061345
57,22,3.523499989061345
57,23,3.523499989061345
57,24,3.523499989061345
57,25,3.523499989061345
57,26,3.523499989061345
57,27,3.523499989061345
57,28,3.523499989061345
57,29,3.523499989061345
57,30,3.523499989061345
57,31,3.523499989061345
57,32,3.523499989061345
57,33,3.523499989061345
57,34,3.523499989061345
57,35,3.523499989061345
57,36,3.523499989061345
57,37,3.523499989061345
57,38,3.523499989061345
57,39,3.523499989061345
57,40,3.523499989061345
57,41,3.523499989061345
57,42,3.523499989061345
57,43,3.523499989061345
57,44,3.523499989061345
57,45,3.523499989061345
57,46,3.523499989061345
57,47,3.523499989061345
57,48,3.523499989061345
57,49,3.523499989061345
57,50,3.523499989061345
57,51,3.523499989061345
57,52,3.523499989061345
58,0,0.0
58,1,0.0
58,2,7.9000312448479235
58,3,9.875039056059904
58,4,10.3687910088629
58,5,10.492228997063648
58,6,10.523088494113836
58,7,10.530803368376382
58,8,10.53273208694202
58,9,10.533214266583428
58,10,10.533334811491954
58,11,10.533364947719088
58,12,10.53337248177587
58,13,10.533374365290067
58,14,10.533374836168615
58,15,10.533374953888252
58,16,10.533374983318161
58,17,10.53337499067564
58,18,10.53337499067564
58,19,10.53337499067564
58,20,10.53337499067564
58,21,10.53337499067564
58,22,10.53337499067564
58,23,10.53337499067564
58,24,10.53337499067564
58,25,10.53337499067564
58,26,10.53337499067564
58,27,10.53337499067564
58,28,10.53337499067564
58,29,10.53337499067564
58,30,10.53337499067564
58,31,10.53337499067564
58,32,10.53337499067564
58,33,10.53337499067564
58,34,10.53337499067564
58,35,10.53337499067564
58,36,10.53337499067564
58,37,10.53337499067564
58,38,10.53337499067564
58,39,10.53337499067564
58,40,10.53337499067564
58,41,10.53337499067564
58,42,10.53337499067564
58,43,10.53337499067564
58,44,10.53337499067564
58,45,10.53337499067564
58,46,10.53337499067564
58,47,10.53337499067564
58,48,10.53337499067564
58,49,10.53337499067564
58,50,10.53337499067564
58,51,10.53337499067564
58,52,10.53337499067564
59,0,0.0
59,1,0.0
59,2,3.487640622071922
59,3,4.359550777589902
59,4,4.577528316469397
59,5,4.632022701189271
59,6,4.64564629736924
59,7,4.649052196414232
59,8,4.64990367117548
59,9,4.650116539865792
59,10,4.65016975703837
59,11,4.650183061331514
59,12,4.6501863874048
59,13,4.650187218923122
59,14,4.650187426802702
59,15,4.650187478772597
59,16,4.650187491765071
59,17,4.650187495013189
59,18,4.650187495013189
59,19,4.650187495013189
59,20,4.650187495013189
59,21,4.650187495013189
59,22,4.650187495013189
59,23,4.650187495013189
59,24,4.650187495013189
59,25,4.650187495013189
59,26,4.650187495013189
59,27,4.650187495013189
59,28,4.650187495013189
59,29,4.650187495013189
59,30,4.650187495013189
59,31,4.650187495013189
59,32,4.650187495013189
59,33,4.650187495013189
59,34,4.650187495013189
59,35,4.650187495013189
59,36,4.650187495013189
59,37,4.650187495013189
59,38,4.650187495013189
59,39,4.650187495013189
59,40,4.650187495013189
59,41,4.650187495013189
59,42,4.650187495013189
59,43,4.650187495013189
59,44,4.650187495013189
59,45,4.650187495013189
59,46,4.650187495013189
59,47,4.650187495013189
59,48,4.650187495013189
59,49,4.650187495013189
59,50,4.650187495013189
59,51,4.650187495013189
59,52,4.650187495013189
60,0,0.0
60,1,0.0
60,2,0.004218749999999983
60,3,0.0052734374999999604
60,4,0.005537109374999934
60,5,0.005603027343749928
60,6,0.005619506835937426
60,7,0.005623626708984301
60,8,0.005623626708984301
60,9,0.005623626708984301
60,10,0.005623626708984301
60,11,0.005623626708984301
60,12,0.005623626708984301
60,13,0.005623626708984301
60,14,0.005623626708984301
60,15,0.005623626708984301
60,16,0.005623626708984301
60,17,0.005623626708984301
60,18,0.005623626708984301
60,19,0.005623626708984301
60,20,0.005623626708984301
60,21,0.005623626708984301
60,22,0.005623626708984301
60,23,0.005623626708984301
60,24,0.005623626708984301
60,25,0.005623626708984301
60,26,0.005623626708984301
60,27,0.005623626708984301
60,28,0.005623626708984301
60,29,0.005623626708984301
60,30,0.005623626708984301
60,31,0.005623626708984301
60,32,0.005623626708984301
60,33,0.005623626708984301
60,34,0.005623626708984301
60,35,0.005623626708984301
60,36,0.005623626708984301
60,37,0.005623626708984301
60,38,0.005623626708984301
60,39,0.005623626708984301
60,40,0.005623626708984301
60,41,0.005623626708984301
60,42,0.005623626708984301
60,43,0.005623626708984301
60,44,0.005623626708984301
60,45,0.005623626708984301
60,46,0.005623626708984301
60,47,0.005623626708984301
60,48,0.005623626708984301
60,49,0.005623626708984301
60,50,0.005623626708984301
60,51,0.005623626708984301
60,52,0.005623626708984301
61,0,0.0
61,1,0.0
61,2,0.8925000010293072
61,3,1.115625001286634
61,4,1.1714062513509658
61,5,1.1853515638670487
61,6,1.1888378919960694
61,7,1.1897094740283245
61,8,1.1899273695363883
61,9,1.1899818434134042
61,10,1.1899954618826583
61,11,1.1899988664999717
61,12,1.1899997176543
61,13,1.189999930442882
61,14,1.189999930442882
61,15,1.189999930442882
61,16,1.189999930442882
61,17,1.189999930442882
61,18,1.189999930442882
61,19,1.189999930442882
61,20,1.189999930442882
61,21,1.189999930442882
61,22,1.189999930442882
61,23,1.189999930442882
61,24,1.189999930442882
61,25,1.189999930442882
61,26,1.189999930442882
61,27,1.189999930442882
61,28,1.189999930442882
61,29,1.189999930442882
61,30,1.189999930442882
61,31,1.189999930442882
61,32,1.189999930442882
61,33,1.189999930442882
61,34,1.189999930442882
61,35,1.189999930442882
61,36,1.189999930442882
61,37,1.189999930442882
61,38,1.189999930442882
61,39,1.189999930442882
61,40,1.189999930442882
61,41,1.189999930442882
61,42,1.189999930442882
61,43,1.189999930442882
61,44,1.189999930442882
61,45,1.189999930442882
61,46,1.189999930442882
61,47,1.189999930442882
61,48,1.189999930442882
61,49,1.189999930442882
61,50,1.189999930442882
61,51,1.189999930442882
61,52,1.189999930442882
62,0,0.0
62,1,0.0
62,2,9.0825
62,3,11.353124999999999
62,4,11.92078125
62,5,12.062695312499999
62,6,12.098173828124999
62,7,12.10704345703125
62,8,12.109260864257811
62,9,12.109815216064451
62,10,12.109953804016111
62,11,12.109988451004027
62,12,12.109997112751005
62,13,12.10999927818775
62,14,12.109999819546937
62,15,12.109999954886733
62,16,12.109999988721682
62,17,12.10999999718042
62,18,12.10999999718042
62,19,12.10999999718042
62,20,12.10999999718042
62,21,12.10999999718042
62,22,12.10999999718042
62,23,12.10999999718042
62,24,12.10999999718042
62,25,12.10999999718042
62,26,12.10999999718042
62,27,12.10999999718042
62,28,12.10999999718042
62,29,12.10999999718042
62,30,12.10999999718042
62,31,12.10999999718042
62,32,12.10999999718042
62,33,12.10999999718042
62,34,12.10999999718042
62,35,12.10999999718042
62,36,12.10999999718042
62,37,12.10999999718042
62,38,12.10999999718042
62,39,12.10999999718042
62,40,12.10999999718042
62,41,12.10999999718042
62,42,12.10999999718042
62,43,12.10999999718042
62,44,12.10999999718042
62,45,12.10999999718042
62,46,12.10999999718042
62,47,12.10999999718042
62,48,12.10999999718042
62,49,12.10999999718042
62,50,12.10999999718042
62,51,12.10999999718042
62,52,12.10999999718042
63,0,0.0
63,1,0.0
63,2,14.388890617992729
63,3,17.98611327249091
63,4,18.885418936115457
63,5,19.110245352021593
63,6,19.166451955998127
63,7,19.18050360699226
63,8,19.184016519740794
63,9,19.184894747927927
63,10,19.185114304973762
63,11,19.185169194235222
63,12,19.185182916550588
63,13,19.185186347129427
63,14,19.185187204774138
63,15,19.185187419185315
63,16,19.185187472788108
63,17,19.185187486188806
63,18,19.18518748953898
63,19,19.185187490376524
63,20,19.185187490376524
63,21,19.185187490376524
63,22,19.185187490376524
63,23,19.185187490376524
63,24,19.185187490376524
63,25,19.185187490376524
63,26,19.185187490376524
63,27,19.185187490376524
63,28,19.185187490376524
63,29,19.185187490376524
63,30,19.185187490376524
63,31,19.185187490376524
63,32,19.185187490376524
63,33,19.185187490376524
63,34,19.185187490376524
63,35,19.185187490376524
63,36,19.185187490376524
63,37,19.185187490376524
63,38,19.185187490376524
63,39,19.185187490376524
63,40,19.185187490376524
63,41,19.185187490376524
63,42,19.185187490376524
63,43,19.185187490376524
63,44,19.185187490376524
63,45,19.185187490376524
63,46,19.185187490376524
63,47,19.185187490376524
63,48,19.185187490376524
63,49,19.185187490376524
63,50,19.185187490376524
63,51,19.185187490376524
63,52,19.185187490376524
64,0,0.0
64,1,0.0
64,2,0.004218744859099403
64,3,0.005273431073874235
64,4,0.005537102627567925
64,5,0.005603020515991347
64,6,0.005619499988097203
64,7,0.005623619856123667
64,8,0.005623619856123667
64,9,0.005623619856123667
64,10,0.005623619856123667
64,11,0.005623619856123667
64,12,0.005623619856123667
64,13,0.005623619856123667
64,14,0.005623619856123667
64,15,0.005623619856123667
64,16,0.005623619856123667
64,17,0.005623619856123667
64,18,0.005623619856123667
64,19,0.005623619856123667
64,20,0.005623619856123667
64,21,0.005623619856123667
64,22,0.005623619856123667
64,23,0.005623619856123667
64,24,0.005623619856123667
64,25,0.005623619856123667
64,26,0.005623619856123667
64,27,0.005623619856123667
64,28,0.005623619856123667
64,29,0.005623619856123667
64,30,0.005623619856123667
64,31,0.005623619856123667
64,32,0.005623619856123667
64,33,0.005623619856123667
64,34,0.005623619856123667
64,35,0.005623619856123667
64,36,0.005623619856123667
64,37,0.005623619856123667
64,38,0.005623619856123667
64,39,0.005623619856123667
64,40,0.005623619856123667
64,41,0.005623619856123667
64,42,0.005623619856123667
64,43,0.005623619856123667
64,44,0.005623619856123667
64,45,0.005623619856123667
64,46,0.005623619856123667
64,47,0.005623619856123667
64,48,0.005623619856123667
64,49,0.005623619856123667
64,50,0.005623619856123667
64,51,0.005623619856123667
64,52,0.005623619856123667
65,0,0.0
65,1,0.0
65,2,2.9240158554053983
65,3,3.655019819256748
65,4,3.8377708102195855
65,5,3.883458557960295
65,6,3.8948804948954723
65,7,3.8977359791292665
65,8,3.898449850187715
65,9,3.898628317952327
65,10,3.8986729348934803
65,11,3.8986840891287686
65,12,3.8986868776875907
65,13,3.898687574827296
65,14,3.8986877491122227
65,15,3.8986877926834542
65,16,3.8986877926834542
65,17,3.8986877926834542
65,18,3.8986877926834542
65,19,3.8986877926834542
65,20,3.8986877926834542
65,21,3.8986877926834542
65,22,3.8986877926834542
65,23,3.8986877926834542
65,24,3.8986877926834542
65,25,3.8986877926834542
65,26,3.8986877926834542
65,27,3.8986877926834542
65,28,3.8986877926834542
65,29,3.8986877926834542
65,30,3.8986877926834542
65,31,3.8986877926834542
65,32,3.8986877926834542
65,33,3.8986877926834542
65,34,3.8986877926834542
65,35,3.8986877926834542
65,36,3.8986877926834542
65,37,3.8986877926834542
65,38,3.8986877926834542
65,39,3.8986877926834542
65,40,3.8986877926834542
65,41,3.8986877926834542
65,42,3.8986877926834542
65,43,3.8986877926834542
65,44,3.8986877926834542
65,45,3.8986877926834542
65,46,3.8986877926834542
65,47,3.8986877926834542
65,48,3.8986877926834542
65,49,3.8986877926834542
65,50,3.8986877926834542
65,51,3.8986877926834542
65,52,3.8986877926834542
66,0,0.0
66,1,0.0
66,2,6.037500000688947
66,3,7.546875000861184
66,4,7.924218750904243
66,5,8.018554688415009
66,6,8.0421386727927
66,7,8.048034668887123
66,8,8.049508667910729
66,9,8.04987716766663
66,10,8.049969292605605
66,11,8.049992323840348
66,12,8.049998081649035
66,13,8.049999521101205
66,14,8.049999880964247
66,15,8.049999970930008
66,16,8.049999970930008
66,17,8.049999970930008
66,18,8.049999970930008
66,19,8.049999970930008
66,20,8.049999970930008
66,21,8.049999970930008
66,22,8.049999970930008
66,23,8.049999970930008
66,24,8.049999970930008
66,25,8.049999970930008
66,26,8.049999970930008
66,27,8.049999970930008
66,28,8.049999970930008
66,29,8.049999970930008
66,30,8.049999970930008
66,31,8.049999970930008
66,32,8.049999970930008
66,33,8.049999970930008
66,34,8.049999970930008
66,35,8.049999970930008
66,36,8.049999970930008
66,37,8.049999970930008
66,38,8.049999970930008
66,39,8.049999970930008
66,40,8.049999970930008
66,41,8.049999970930008
66,42,8.049999970930008
66,43,8.049999970930008
66,44,8.049999970930008
66,45,8.049999970930008
66,46,8.049999970930008
66,47,8.049999970930008
66,48,8.049999970930008
66,49,8.049999970930008
66,50,8.049999970930008
66,51,8.049999970930008
66,52,8.049999970930008
