fromRegion,toRegion,decisionPeriod,transferIndicator
1,1,10,1
1,1,20,1
1,1,30,1
1,1,40,1
1,1,50,1
1,1,60,1
1,1,70,1
1,1,80,1
1,1,90,1
1,1,100,1
1,1,110,1
1,1,120,1
1,1,130,1
1,1,140,1
1,1,150,1
1,2,30,1
1,2,50,1
1,2,60,1
1,2,90,1
1,2,100,1
1,2,110,1
1,2,130,1
1,2,140,1
1,2,150,1
1,4,10,1
1,4,20,1
1,4,30,1
1,4,40,1
1,4,60,1
1,4,70,1
1,4,80,1
1,4,120,1
1,4,130,1
1,4,140,1
1,4,150,1
1,9,20,1
1,9,40,1
1,9,80,1
1,9,110,1
1,9,120,1
1,9,130,1
1,10,10,1
1,10,30,1
1,10,50,1
1,10,110,1
1,10,130,1
1,10,150,1
1,12,10,1
1,12,30,1
1,12,70,1
1,12,80,1
1,12,100,1
1,12,120,1
1,14,40,1
1,14,50,1
1,14,60,1
1,14,90,1
1,14,110,1
1,14,130,1
1,14,150,1
1,15,20,1
1,15,50,1
1,15,60,1
1,15,110,1
1,20,10,1
1,20,30,1
1,20,40,1
1,20,50,1
1,20,60,1
1,20,80,1
1,20,90,1
1,20,100,1
1,20,110,1
1,20,130,1
1,20,140,1
1,20,150,1
1,33,10,1
1,33,20,1
1,33,50,1
1,33,70,1
1,33,80,1
1,33,90,1
1,33,100,1
1,33,110,1
1,33,120,1
1,33,130,1
1,37,10,1
1,37,30,1
1,37,40,1
1,37,60,1
1,37,90,1
1,37,100,1
1,37,110,1
1,37,120,1
1,37,140,1
1,41,20,1
1,41,40,1
1,41,70,1
1,41,90,1
1,41,120,1
1,41,140,1
1,41,150,1
1,54,10,1
1,54,20,1
1,54,70,1
1,54,80,1
1,54,100,1
1,54,120,1
1,54,130,1
1,58,40,1
1,58,50,1
1,58,60,1
1,58,70,1
1,58,90,1
1,58,100,1
1,58,140,1
1,58,150,1
1,61,10,1
1,61,40,1
1,61,70,1
1,61,90,1
1,61,100,1
1,61,140,1
1,63,20,1
1,63,30,1
1,63,40,1
1,63,50,1
1,63,60,1
1,63,80,1
1,63,90,1
1,63,100,1
1,63,120,1
1,63,140,1
2,1,10,1
2,1,20,1
2,1,40,1
2,1,70,1
2,1,120,1
2,2,10,1
2,2,20,1
2,2,30,1
2,2,40,1
2,2,50,1
2,2,60,1
2,2,70,1
2,2,80,1
2,2,90,1
2,2,100,1
2,2,110,1
2,2,120,1
2,2,130,1
2,2,140,1
2,2,150,1
2,4,10,1
2,4,30,1
2,4,60,1
2,4,80,1
2,4,90,1
2,4,100,1
2,4,110,1
2,4,120,1
2,4,140,1
2,4,150,1
2,10,10,1
2,10,20,1
2,10,30,1
2,10,90,1
2,10,100,1
2,10,110,1
2,10,130,1
2,10,140,1
2,10,150,1
2,12,20,1
2,12,60,1
2,12,90,1
2,12,100,1
2,12,120,1
2,15,10,1
2,15,50,1
2,15,60,1
2,15,70,1
2,15,80,1
2,15,100,1
2,15,110,1
2,15,130,1
2,15,140,1
2,15,150,1
2,20,20,1
2,20,50,1
2,20,70,1
2,20,100,1
2,20,110,1
2,20,120,1
2,20,130,1
2,20,150,1
2,23,20,1
2,23,40,1
2,23,50,1
2,23,80,1
2,23,90,1
2,23,110,1
2,33,20,1
2,33,30,1
2,33,40,1
2,33,60,1
2,33,80,1
2,33,90,1
2,33,100,1
2,33,120,1
2,33,130,1
2,33,140,1
2,33,150,1
2,45,10,1
2,45,20,1
2,45,30,1
2,45,50,1
2,45,60,1
2,45,80,1
2,45,130,1
2,54,10,1
2,54,30,1
2,54,40,1
2,54,50,1
2,54,60,1
2,54,70,1
2,54,110,1
2,54,120,1
2,54,130,1
2,54,140,1
2,58,10,1
2,58,20,1
2,58,70,1
2,58,80,1
2,58,100,1
2,58,140,1
2,58,150,1
2,61,30,1
2,61,40,1
2,61,50,1
2,61,60,1
2,61,70,1
2,61,140,1
2,63,30,1
2,63,40,1
2,63,50,1
2,63,90,1
2,63,110,1
2,63,120,1
2,63,130,1
3,3,10,1
3,3,20,1
3,3,30,1
3,3,40,1
3,3,50,1
3,3,60,1
3,3,70,1
3,3,80,1
3,3,90,1
3,3,100,1
3,3,110,1
3,3,120,1
3,3,130,1
3,3,140,1
3,3,150,1
3,7,10,1
3,7,30,1
3,7,40,1
3,7,50,1
3,7,70,1
3,7,100,1
3,7,130,1
3,7,140,1
3,7,150,1
3,18,10,1
3,18,30,1
3,18,40,1
3,18,50,1
3,18,80,1
3,18,100,1
3,18,130,1
3,18,140,1
3,22,20,1
3,22,30,1
3,22,60,1
3,22,90,1
3,22,110,1
3,22,150,1
3,29,20,1
3,29,40,1
3,29,70,1
3,29,80,1
3,29,110,1
3,29,120,1
3,29,130,1
3,31,10,1
3,31,20,1
3,31,40,1
3,31,50,1
3,31,70,1
3,31,90,1
3,31,100,1
3,31,120,1
3,31,130,1
3,31,140,1
3,38,60,1
3,38,70,1
3,38,80,1
3,38,90,1
3,38,100,1
3,38,110,1
3,38,120,1
3,38,130,1
3,66,10,1
3,66,20,1
3,66,50,1
3,66,60,1
3,66,80,1
3,66,120,1
3,67,20,1
3,67,30,1
3,67,60,1
3,67,90,1
3,67,140,1
3,67,150,1
4,1,50,1
4,1,90,1
4,1,100,1
4,1,110,1
4,2,20,1
4,2,40,1
4,2,50,1
4,2,70,1
4,2,130,1
4,4,10,1
4,4,20,1
4,4,30,1
4,4,40,1
4,4,50,1
4,4,60,1
4,4,70,1
4,4,80,1
4,4,90,1
4,4,100,1
4,4,110,1
4,4,120,1
4,4,130,1
4,4,140,1
4,4,150,1
4,10,20,1
4,10,40,1
4,10,70,1
4,10,80,1
4,10,90,1
4,10,120,1
4,10,130,1
4,10,140,1
4,10,150,1
4,12,20,1
4,12,30,1
4,12,40,1
4,12,60,1
4,12,70,1
4,12,90,1
4,12,100,1
4,12,120,1
4,12,140,1
4,12,150,1
4,15,10,1
4,15,30,1
4,15,40,1
4,15,50,1
4,15,80,1
4,15,90,1
4,15,100,1
4,15,120,1
4,15,150,1
4,17,30,1
4,17,40,1
4,17,60,1
4,17,100,1
4,17,110,1
4,17,120,1
4,17,130,1
4,20,20,1
4,20,30,1
4,20,40,1
4,20,60,1
4,20,70,1
4,20,80,1
4,20,100,1
4,20,140,1
4,20,150,1
4,23,10,1
4,23,20,1
4,23,30,1
4,23,50,1
4,23,100,1
4,23,110,1
4,23,120,1
4,23,140,1
4,33,20,1
4,33,70,1
4,33,80,1
4,33,90,1
4,33,100,1
4,33,110,1
4,33,130,1
4,37,10,1
4,37,30,1
4,37,80,1
4,37,90,1
4,37,110,1
4,37,130,1
4,37,150,1
4,41,50,1
4,41,60,1
4,41,70,1
4,41,90,1
4,41,110,1
4,41,140,1
4,45,10,1
4,45,20,1
4,45,60,1
4,45,80,1
4,45,110,1
4,45,120,1
4,45,130,1
4,45,150,1
4,54,10,1
4,54,20,1
4,54,30,1
4,54,40,1
4,54,130,1
4,54,140,1
4,58,10,1
4,58,30,1
4,58,50,1
4,58,60,1
4,58,80,1
4,58,90,1
4,58,110,1
4,58,120,1
4,58,130,1
4,58,150,1
4,61,10,1
4,61,20,1
4,61,30,1
4,61,50,1
4,61,60,1
4,61,70,1
4,61,80,1
4,61,90,1
4,61,100,1
4,61,120,1
4,61,140,1
4,63,10,1
4,63,40,1
4,63,50,1
4,63,60,1
4,63,70,1
4,63,80,1
4,63,130,1
4,63,140,1
4,63,150,1
5,5,10,1
5,5,20,1
5,5,30,1
5,5,40,1
5,5,50,1
5,5,60,1
5,5,70,1
5,5,80,1
5,5,90,1
5,5,100,1
5,5,110,1
5,5,120,1
5,5,130,1
5,5,140,1
5,5,150,1
5,30,20,1
5,30,30,1
5,30,40,1
5,30,50,1
5,30,60,1
5,30,70,1
5,30,80,1
5,30,90,1
5,30,100,1
5,30,120,1
5,30,130,1
5,30,150,1
5,48,20,1
5,48,30,1
5,48,40,1
5,48,50,1
5,48,70,1
5,48,80,1
5,48,90,1
5,48,100,1
5,48,110,1
5,48,120,1
5,48,140,1
5,49,30,1
5,49,40,1
5,49,80,1
5,49,90,1
5,49,150,1
5,57,10,1
5,57,50,1
5,57,110,1
5,57,120,1
5,57,130,1
5,57,140,1
5,57,150,1
5,64,10,1
5,64,20,1
5,64,60,1
5,64,100,1
5,64,110,1
5,64,130,1
6,6,10,1
6,6,20,1
6,6,30,1
6,6,40,1
6,6,50,1
6,6,60,1
6,6,70,1
6,6,80,1
6,6,90,1
6,6,100,1
6,6,110,1
6,6,120,1
6,6,130,1
6,6,140,1
6,6,150,1
6,11,30,1
6,11,60,1
6,11,70,1
6,11,80,1
6,11,90,1
6,11,100,1
6,11,120,1
6,11,140,1
6,25,10,1
6,25,20,1
6,25,40,1
6,25,50,1
6,25,60,1
6,25,70,1
6,25,80,1
6,25,110,1
6,25,130,1
6,25,150,1
6,43,10,1
6,43,20,1
6,43,30,1
6,43,40,1
6,43,50,1
6,43,80,1
6,43,100,1
6,43,110,1
6,43,120,1
6,43,150,1
6,50,20,1
6,50,40,1
6,50,90,1
6,50,100,1
6,50,110,1
6,50,130,1
6,50,140,1
6,50,150,1
7,3,20,1
7,3,60,1
7,3,80,1
7,3,90,1
7,3,120,1
7,3,130,1
7,7,10,1
7,7,20,1
7,7,30,1
7,7,40,1
7,7,50,1
7,7,60,1
7,7,70,1
7,7,80,1
7,7,90,1
7,7,100,1
7,7,110,1
7,7,120,1
7,7,130,1
7,7,140,1
7,7,150,1
7,18,30,1
7,18,50,1
7,18,60,1
7,18,120,1
7,18,140,1
7,18,150,1
7,19,10,1
7,19,20,1
7,19,40,1
7,19,50,1
7,19,60,1
7,19,90,1
7,19,100,1
7,19,120,1
7,22,10,1
7,22,40,1
7,22,70,1
7,22,80,1
7,22,90,1
7,22,110,1
7,22,120,1
7,22,130,1
7,22,140,1
7,29,10,1
7,29,30,1
7,29,80,1
7,29,90,1
7,29,100,1
7,31,30,1
7,31,60,1
7,31,70,1
7,31,80,1
7,31,100,1
7,31,110,1
7,36,10,1
7,36,20,1
7,36,40,1
7,36,50,1
7,36,60,1
7,36,70,1
7,36,130,1
7,36,140,1
7,36,150,1
7,38,20,1
7,38,50,1
7,38,70,1
7,38,80,1
7,38,110,1
7,38,120,1
7,38,130,1
7,38,150,1
7,65,10,1
7,65,30,1
7,65,50,1
7,65,60,1
7,65,70,1
7,65,110,1
7,65,130,1
7,66,10,1
7,66,30,1
7,66,40,1
7,66,60,1
7,66,70,1
7,66,90,1
7,66,100,1
7,66,120,1
7,66,130,1
7,66,140,1
7,66,150,1
7,67,10,1
7,67,20,1
7,67,40,1
7,67,50,1
7,67,60,1
7,67,100,1
7,67,110,1
7,67,130,1
7,67,140,1
7,67,150,1
8,8,10,1
8,8,20,1
8,8,30,1
8,8,40,1
8,8,50,1
8,8,60,1
8,8,70,1
8,8,80,1
8,8,90,1
8,8,100,1
8,8,110,1
8,8,120,1
8,8,130,1
8,8,140,1
8,8,150,1
8,13,10,1
8,13,20,1
8,13,30,1
8,13,50,1
8,13,70,1
8,13,90,1
8,13,110,1
8,13,120,1
8,13,130,1
8,13,150,1
8,21,10,1
8,21,20,1
8,21,60,1
8,21,80,1
8,21,90,1
8,21,100,1
8,21,110,1
8,21,120,1
8,21,130,1
8,21,150,1
8,24,40,1
8,24,80,1
8,24,110,1
8,24,140,1
8,24,150,1
8,25,10,1
8,25,30,1
8,25,60,1
8,25,100,1
8,25,110,1
8,25,120,1
8,25,130,1
8,25,140,1
8,27,40,1
8,27,50,1
8,27,70,1
8,27,80,1
8,27,90,1
8,27,110,1
8,35,10,1
8,35,20,1
8,35,30,1
8,35,50,1
8,35,60,1
8,35,100,1
8,35,110,1
8,35,130,1
8,35,140,1
8,40,20,1
8,40,40,1
8,40,50,1
8,40,60,1
8,40,70,1
8,40,80,1
8,40,90,1
8,40,120,1
8,40,150,1
8,56,10,1
8,56,20,1
8,56,30,1
8,56,40,1
8,56,70,1
8,56,90,1
8,56,100,1
8,56,120,1
8,56,130,1
8,56,140,1
9,1,10,1
9,1,30,1
9,1,40,1
9,1,50,1
9,1,60,1
9,1,70,1
9,1,90,1
9,1,100,1
9,1,110,1
9,1,120,1
9,1,130,1
9,1,140,1
9,1,150,1
9,9,10,1
9,9,20,1
9,9,30,1
9,9,40,1
9,9,50,1
9,9,60,1
9,9,70,1
9,9,80,1
9,9,90,1
9,9,100,1
9,9,110,1
9,9,120,1
9,9,130,1
9,9,140,1
9,9,150,1
9,26,10,1
9,26,20,1
9,26,30,1
9,26,50,1
9,26,70,1
9,26,80,1
9,26,100,1
9,26,120,1
9,26,130,1
9,26,140,1
9,26,150,1
9,34,20,1
9,34,70,1
9,34,80,1
9,34,110,1
9,34,140,1
9,37,10,1
9,37,20,1
9,37,40,1
9,37,50,1
9,37,60,1
9,37,80,1
9,37,90,1
9,37,120,1
9,37,130,1
9,37,150,1
9,41,20,1
9,41,60,1
9,41,80,1
9,41,90,1
9,41,110,1
9,41,120,1
9,41,130,1
9,51,10,1
9,51,20,1
9,51,30,1
9,51,40,1
9,51,60,1
9,51,80,1
9,51,100,1
9,51,150,1
9,60,30,1
9,60,40,1
9,60,50,1
9,60,100,1
9,60,110,1
9,60,120,1
10,1,20,1
10,1,40,1
10,1,60,1
10,1,70,1
10,1,80,1
10,1,90,1
10,1,100,1
10,1,120,1
10,1,140,1
10,2,40,1
10,2,50,1
10,2,60,1
10,2,70,1
10,2,80,1
10,2,120,1
10,4,10,1
10,4,30,1
10,4,50,1
10,4,60,1
10,4,90,1
10,4,100,1
10,4,110,1
10,4,130,1
10,10,10,1
10,10,20,1
10,10,30,1
10,10,40,1
10,10,50,1
10,10,60,1
10,10,70,1
10,10,80,1
10,10,90,1
10,10,100,1
10,10,110,1
10,10,120,1
10,10,130,1
10,10,140,1
10,10,150,1
10,12,20,1
10,12,40,1
10,12,50,1
10,12,70,1
10,12,80,1
10,12,120,1
10,12,130,1
10,12,140,1
10,12,150,1
10,15,10,1
10,15,20,1
10,15,30,1
10,15,50,1
10,15,70,1
10,15,100,1
10,15,110,1
10,15,130,1
10,15,150,1
10,17,10,1
10,17,20,1
10,17,30,1
10,17,50,1
10,17,60,1
10,17,90,1
10,17,110,1
10,17,120,1
10,17,130,1
10,17,140,1
10,17,150,1
10,20,10,1
10,20,20,1
10,20,40,1
10,20,70,1
10,20,100,1
10,20,120,1
10,20,130,1
10,41,10,1
10,41,30,1
10,41,40,1
10,41,80,1
10,41,90,1
10,41,110,1
10,45,30,1
10,45,50,1
10,45,60,1
10,45,70,1
10,45,80,1
10,45,90,1
10,45,100,1
10,45,120,1
10,45,130,1
10,45,140,1
10,45,150,1
10,54,10,1
10,54,80,1
10,54,110,1
10,54,130,1
10,54,150,1
10,58,30,1
10,58,40,1
10,58,50,1
10,58,60,1
10,58,90,1
10,58,100,1
10,58,120,1
10,58,140,1
10,63,10,1
10,63,20,1
10,63,40,1
10,63,70,1
10,63,110,1
10,63,140,1
10,63,150,1
11,6,10,1
11,6,20,1
11,6,40,1
11,6,50,1
11,6,100,1
11,6,110,1
11,6,130,1
11,6,150,1
11,11,10,1
11,11,20,1
11,11,30,1
11,11,40,1
11,11,50,1
11,11,60,1
11,11,70,1
11,11,80,1
11,11,90,1
11,11,100,1
11,11,110,1
11,11,120,1
11,11,130,1
11,11,140,1
11,11,150,1
11,21,10,1
11,21,50,1
11,21,60,1
11,21,70,1
11,21,80,1
11,21,90,1
11,21,100,1
11,21,120,1
11,21,140,1
11,25,20,1
11,25,30,1
11,25,40,1
11,25,70,1
11,25,80,1
11,25,100,1
11,25,120,1
11,25,140,1
11,25,150,1
11,35,30,1
11,35,40,1
11,35,60,1
11,35,90,1
11,35,110,1
11,35,130,1
11,43,10,1
11,43,50,1
11,43,60,1
11,43,70,1
11,43,90,1
11,43,100,1
11,43,110,1
11,43,120,1
11,43,130,1
11,43,140,1
11,44,20,1
11,44,30,1
11,44,80,1
11,44,130,1
11,44,140,1
11,44,150,1
12,1,20,1
12,1,40,1
12,1,50,1
12,1,60,1
12,1,90,1
12,1,110,1
12,1,130,1
12,1,140,1
12,1,150,1
12,2,10,1
12,2,20,1
12,2,30,1
12,2,40,1
12,2,50,1
12,2,70,1
12,2,80,1
12,2,100,1
12,2,110,1
12,2,130,1
12,2,140,1
12,2,150,1
12,4,10,1
12,4,20,1
12,4,50,1
12,4,80,1
12,4,110,1
12,4,120,1
12,4,130,1
12,10,10,1
12,10,30,1
12,10,60,1
12,10,70,1
12,10,80,1
12,10,90,1
12,10,100,1
12,10,110,1
12,10,120,1
12,12,10,1
12,12,20,1
12,12,30,1
12,12,40,1
12,12,50,1
12,12,60,1
12,12,70,1
12,12,80,1
12,12,90,1
12,12,100,1
12,12,110,1
12,12,120,1
12,12,130,1
12,12,140,1
12,12,150,1
12,14,10,1
12,14,70,1
12,14,100,1
12,14,110,1
12,14,140,1
12,14,150,1
12,15,20,1
12,15,30,1
12,15,40,1
12,15,50,1
12,15,80,1
12,15,90,1
12,15,100,1
12,15,120,1
12,15,140,1
12,20,20,1
12,20,50,1
12,20,60,1
12,20,80,1
12,20,120,1
12,23,20,1
12,23,30,1
12,23,40,1
12,23,50,1
12,23,70,1
12,23,90,1
12,23,120,1
12,23,130,1
12,23,140,1
12,23,150,1
12,33,10,1
12,33,30,1
12,33,40,1
12,33,60,1
12,33,70,1
12,33,80,1
12,33,100,1
12,33,120,1
12,33,130,1
12,33,140,1
12,39,10,1
12,39,20,1
12,39,70,1
12,39,110,1
12,39,120,1
12,39,130,1
12,39,150,1
12,45,20,1
12,45,40,1
12,45,70,1
12,45,90,1
12,45,100,1
12,45,110,1
12,45,140,1
12,61,10,1
12,61,30,1
12,61,50,1
12,61,60,1
12,61,80,1
12,61,90,1
12,61,130,1
12,61,150,1
12,62,30,1
12,62,40,1
12,62,60,1
12,62,150,1
12,63,30,1
12,63,60,1
12,63,70,1
12,63,80,1
12,63,90,1
12,63,100,1
12,63,120,1
13,8,60,1
13,8,80,1
13,8,100,1
13,8,110,1
13,8,140,1
13,13,10,1
13,13,20,1
13,13,30,1
13,13,40,1
13,13,50,1
13,13,60,1
13,13,70,1
13,13,80,1
13,13,90,1
13,13,100,1
13,13,110,1
13,13,120,1
13,13,130,1
13,13,140,1
13,13,150,1
13,21,20,1
13,21,30,1
13,21,50,1
13,21,110,1
13,21,130,1
13,21,140,1
13,24,10,1
13,24,20,1
13,24,30,1
13,24,50,1
13,24,70,1
13,24,80,1
13,24,100,1
13,24,120,1
13,25,30,1
13,25,40,1
13,25,60,1
13,25,70,1
13,25,80,1
13,25,90,1
13,25,100,1
13,25,110,1
13,25,120,1
13,25,130,1
13,25,140,1
13,25,150,1
13,27,30,1
13,27,60,1
13,27,80,1
13,27,90,1
13,27,120,1
13,27,130,1
13,27,150,1
13,28,10,1
13,28,30,1
13,28,40,1
13,28,50,1
13,28,60,1
13,28,90,1
13,28,110,1
13,28,120,1
13,28,130,1
13,35,10,1
13,35,20,1
13,35,40,1
13,35,50,1
13,35,70,1
13,35,90,1
13,35,140,1
13,40,20,1
13,40,30,1
13,40,60,1
13,40,70,1
13,40,100,1
13,40,110,1
13,40,130,1
13,40,140,1
13,47,10,1
13,47,40,1
13,47,60,1
13,47,70,1
13,47,80,1
13,47,90,1
13,47,120,1
13,47,150,1
13,53,20,1
13,53,40,1
13,53,50,1
13,53,70,1
13,53,90,1
13,53,100,1
13,53,120,1
13,53,130,1
13,53,150,1
13,56,10,1
13,56,20,1
13,56,40,1
13,56,50,1
13,56,80,1
13,56,110,1
13,56,130,1
13,56,140,1
13,56,150,1
14,1,10,1
14,1,20,1
14,1,30,1
14,1,70,1
14,1,80,1
14,1,100,1
14,1,120,1
14,1,140,1
14,12,20,1
14,12,30,1
14,12,40,1
14,12,50,1
14,12,60,1
14,12,70,1
14,12,80,1
14,12,90,1
14,12,130,1
14,14,10,1
14,14,20,1
14,14,30,1
14,14,40,1
14,14,50,1
14,14,60,1
14,14,70,1
14,14,80,1
14,14,90,1
14,14,100,1
14,14,110,1
14,14,120,1
14,14,130,1
14,14,140,1
14,14,150,1
14,20,10,1
14,20,30,1
14,20,70,1
14,20,90,1
14,20,100,1
14,20,110,1
14,20,120,1
14,20,130,1
14,20,140,1
14,20,150,1
14,33,20,1
14,33,60,1
14,33,80,1
14,33,90,1
14,33,140,1
14,33,150,1
14,37,10,1
14,37,20,1
14,37,40,1
14,37,50,1
14,37,100,1
14,37,130,1
14,39,10,1
14,39,90,1
14,39,110,1
14,39,120,1
14,39,130,1
14,61,10,1
14,61,20,1
14,61,30,1
14,61,40,1
14,61,50,1
14,61,60,1
14,61,110,1
14,61,120,1
14,61,130,1
14,61,140,1
14,61,150,1
14,62,30,1
14,62,50,1
14,62,70,1
14,62,100,1
14,62,110,1
14,62,140,1
14,62,150,1
14,63,20,1
14,63,30,1
14,63,40,1
14,63,60,1
14,63,70,1
14,63,80,1
14,63,150,1
15,1,10,1
15,1,30,1
15,1,40,1
15,1,80,1
15,1,90,1
15,1,100,1
15,1,120,1
15,1,130,1
15,1,140,1
15,1,150,1
15,2,20,1
15,2,30,1
15,2,40,1
15,2,120,1
15,4,20,1
15,4,30,1
15,4,40,1
15,4,60,1
15,4,70,1
15,4,110,1
15,4,130,1
15,4,140,1
15,10,40,1
15,10,50,1
15,10,60,1
15,10,80,1
15,10,90,1
15,10,120,1
15,10,140,1
15,12,10,1
15,12,40,1
15,12,60,1
15,12,70,1
15,12,110,1
15,12,120,1
15,12,130,1
15,12,150,1
15,15,10,1
15,15,20,1
15,15,30,1
15,15,40,1
15,15,50,1
15,15,60,1
15,15,70,1
15,15,80,1
15,15,90,1
15,15,100,1
15,15,110,1
15,15,120,1
15,15,130,1
15,15,140,1
15,15,150,1
15,45,10,1
15,45,50,1
15,45,70,1
15,45,90,1
15,45,100,1
15,45,110,1
15,45,140,1
15,45,150,1
15,54,10,1
15,54,50,1
15,54,60,1
15,54,70,1
15,54,80,1
15,54,90,1
15,54,100,1
15,54,130,1
15,54,150,1
15,58,20,1
15,58,30,1
15,58,50,1
15,58,100,1
15,58,110,1
15,58,120,1
15,63,10,1
15,63,20,1
15,63,30,1
15,63,40,1
15,63,50,1
15,63,60,1
15,63,80,1
15,63,90,1
15,63,100,1
15,63,130,1
15,63,150,1
16,16,10,1
16,16,20,1
16,16,30,1
16,16,40,1
16,16,50,1
16,16,60,1
16,16,70,1
16,16,80,1
16,16,90,1
16,16,100,1
16,16,110,1
16,16,120,1
16,16,130,1
16,16,140,1
16,16,150,1
16,46,10,1
16,46,20,1
16,46,40,1
16,46,50,1
16,46,60,1
16,46,80,1
16,46,90,1
16,46,110,1
16,46,120,1
16,46,130,1
16,46,140,1
16,55,10,1
16,55,30,1
16,55,50,1
16,55,60,1
16,55,70,1
16,55,90,1
16,55,100,1
16,55,110,1
16,55,120,1
16,55,130,1
16,55,140,1
16,55,150,1
17,4,10,1
17,4,20,1
17,4,40,1
17,4,50,1
17,4,70,1
17,4,80,1
17,4,90,1
17,4,140,1
17,4,150,1
17,10,40,1
17,10,50,1
17,10,70,1
17,10,80,1
17,10,100,1
17,10,130,1
17,17,10,1
17,17,20,1
17,17,30,1
17,17,40,1
17,17,50,1
17,17,60,1
17,17,70,1
17,17,80,1
17,17,90,1
17,17,100,1
17,17,110,1
17,17,120,1
17,17,130,1
17,17,140,1
17,17,150,1
17,34,10,1
17,34,20,1
17,34,30,1
17,34,40,1
17,34,50,1
17,34,60,1
17,34,70,1
17,34,100,1
17,34,110,1
17,34,120,1
17,34,130,1
17,34,150,1
17,41,80,1
17,41,90,1
17,41,100,1
17,41,110,1
17,41,120,1
17,41,140,1
17,41,150,1
17,54,20,1
17,54,30,1
17,54,40,1
17,54,60,1
17,57,10,1
17,57,30,1
17,57,40,1
17,57,50,1
17,57,60,1
17,57,90,1
17,57,100,1
17,57,110,1
17,57,130,1
17,57,140,1
17,58,10,1
17,58,20,1
17,58,30,1
17,58,40,1
17,58,60,1
17,58,70,1
17,58,80,1
17,58,90,1
17,58,100,1
17,58,110,1
17,58,120,1
17,58,130,1
17,64,20,1
17,64,50,1
17,64,120,1
17,64,140,1
17,64,150,1
18,3,20,1
18,3,60,1
18,3,70,1
18,3,90,1
18,3,120,1
18,3,150,1
18,7,10,1
18,7,20,1
18,7,60,1
18,7,70,1
18,7,80,1
18,7,90,1
18,7,100,1
18,7,110,1
18,7,130,1
18,18,10,1
18,18,20,1
18,18,30,1
18,18,40,1
18,18,50,1
18,18,60,1
18,18,70,1
18,18,80,1
18,18,90,1
18,18,100,1
18,18,110,1
18,18,120,1
18,18,130,1
18,18,140,1
18,18,150,1
18,19,60,1
18,19,80,1
18,19,100,1
18,19,150,1
18,22,10,1
18,22,30,1
18,22,50,1
18,22,70,1
18,22,100,1
18,22,110,1
18,22,120,1
18,22,140,1
18,36,10,1
18,36,20,1
18,36,30,1
18,36,40,1
18,36,50,1
18,36,70,1
18,36,90,1
18,36,110,1
18,36,120,1
18,36,140,1
18,36,150,1
18,38,20,1
18,38,30,1
18,38,40,1
18,38,60,1
18,38,130,1
18,65,10,1
18,65,30,1
18,65,40,1
18,65,50,1
18,65,80,1
18,65,120,1
18,65,130,1
18,65,140,1
18,65,150,1
19,7,30,1
19,7,60,1
19,7,70,1
19,7,80,1
19,7,110,1
19,7,130,1
19,7,140,1
19,7,150,1
19,18,10,1
19,18,20,1
19,18,30,1
19,18,40,1
19,18,50,1
19,18,70,1
19,18,90,1
19,18,110,1
19,18,120,1
19,18,130,1
19,19,10,1
19,19,20,1
19,19,30,1
19,19,40,1
19,19,50,1
19,19,60,1
19,19,70,1
19,19,80,1
19,19,90,1
19,19,100,1
19,19,110,1
19,19,120,1
19,19,130,1
19,19,140,1
19,19,150,1
19,22,10,1
19,22,40,1
19,22,90,1
19,22,130,1
19,22,140,1
19,31,50,1
19,31,80,1
19,31,90,1
19,31,100,1
19,31,150,1
19,32,10,1
19,32,30,1
19,32,40,1
19,32,70,1
19,32,80,1
19,32,90,1
19,32,120,1
19,32,150,1
19,36,20,1
19,36,40,1
19,36,60,1
19,36,100,1
19,36,110,1
19,36,120,1
19,38,10,1
19,38,20,1
19,38,30,1
19,38,40,1
19,38,50,1
19,38,60,1
19,38,70,1
19,38,80,1
19,38,90,1
19,38,100,1
19,38,110,1
19,38,130,1
19,38,140,1
19,65,40,1
19,65,50,1
19,65,60,1
19,65,80,1
19,65,100,1
19,65,110,1
19,65,120,1
19,65,150,1
20,1,10,1
20,1,20,1
20,1,70,1
20,1,90,1
20,1,110,1
20,1,120,1
20,2,10,1
20,2,30,1
20,2,40,1
20,2,60,1
20,2,80,1
20,2,90,1
20,2,120,1
20,2,140,1
20,4,10,1
20,4,20,1
20,4,50,1
20,4,90,1
20,4,110,1
20,4,120,1
20,4,130,1
20,10,10,1
20,10,30,1
20,10,40,1
20,10,50,1
20,10,60,1
20,10,80,1
20,10,90,1
20,10,110,1
20,10,140,1
20,10,150,1
20,12,10,1
20,12,30,1
20,12,40,1
20,12,70,1
20,12,90,1
20,12,100,1
20,12,110,1
20,12,130,1
20,12,140,1
20,12,150,1
20,14,20,1
20,14,30,1
20,14,40,1
20,14,50,1
20,14,80,1
20,20,10,1
20,20,20,1
20,20,30,1
20,20,40,1
20,20,50,1
20,20,60,1
20,20,70,1
20,20,80,1
20,20,90,1
20,20,100,1
20,20,110,1
20,20,120,1
20,20,130,1
20,20,140,1
20,20,150,1
20,23,60,1
20,23,70,1
20,23,80,1
20,23,110,1
20,23,120,1
20,23,150,1
20,33,10,1
20,33,30,1
20,33,50,1
20,33,60,1
20,33,80,1
20,33,100,1
20,33,110,1
20,33,120,1
20,33,130,1
20,33,140,1
20,37,30,1
20,37,40,1
20,37,50,1
20,37,70,1
20,37,80,1
20,37,100,1
20,37,120,1
20,37,130,1
20,37,140,1
20,37,150,1
20,41,20,1
20,41,40,1
20,41,50,1
20,41,60,1
20,41,70,1
20,41,100,1
20,41,110,1
20,41,130,1
20,41,140,1
20,41,150,1
20,61,20,1
20,61,30,1
20,61,40,1
20,61,50,1
20,61,70,1
20,61,100,1
20,61,110,1
20,61,120,1
20,61,130,1
20,61,140,1
20,61,150,1
20,62,10,1
20,62,20,1
20,62,60,1
20,62,80,1
20,62,90,1
20,62,120,1
20,62,130,1
20,62,150,1
20,63,20,1
20,63,70,1
20,63,90,1
20,63,100,1
21,8,30,1
21,8,40,1
21,8,50,1
21,8,70,1
21,8,90,1
21,8,120,1
21,8,140,1
21,11,20,1
21,11,30,1
21,11,40,1
21,11,70,1
21,11,100,1
21,11,110,1
21,11,120,1
21,11,130,1
21,11,150,1
21,13,10,1
21,13,40,1
21,13,60,1
21,13,70,1
21,13,80,1
21,13,90,1
21,13,100,1
21,13,120,1
21,13,130,1
21,13,150,1
21,21,10,1
21,21,20,1
21,21,30,1
21,21,40,1
21,21,50,1
21,21,60,1
21,21,70,1
21,21,80,1
21,21,90,1
21,21,100,1
21,21,110,1
21,21,120,1
21,21,130,1
21,21,140,1
21,21,150,1
21,24,20,1
21,24,90,1
21,24,100,1
21,24,110,1
21,24,130,1
21,24,150,1
21,25,20,1
21,25,30,1
21,25,40,1
21,25,50,1
21,25,60,1
21,25,70,1
21,25,90,1
21,25,120,1
21,25,140,1
21,25,150,1
21,27,10,1
21,27,60,1
21,27,70,1
21,27,80,1
21,27,100,1
21,27,140,1
21,35,10,1
21,35,80,1
21,35,100,1
21,35,110,1
21,35,120,1
21,35,130,1
21,35,140,1
21,35,150,1
21,42,30,1
21,42,40,1
21,42,60,1
21,42,80,1
21,42,110,1
21,47,10,1
21,47,20,1
21,47,30,1
21,47,50,1
21,47,60,1
21,47,80,1
21,47,90,1
21,47,100,1
21,47,120,1
21,47,130,1
21,50,10,1
21,50,20,1
21,50,50,1
21,50,70,1
21,50,100,1
21,50,110,1
21,50,140,1
21,59,10,1
21,59,30,1
21,59,50,1
21,59,60,1
21,59,70,1
21,59,80,1
21,59,100,1
21,59,130,1
21,59,140,1
22,3,10,1
22,3,20,1
22,3,40,1
22,3,50,1
22,3,70,1
22,3,80,1
22,3,90,1
22,3,100,1
22,3,120,1
22,3,130,1
22,3,140,1
22,7,20,1
22,7,30,1
22,7,50,1
22,7,60,1
22,7,100,1
22,7,150,1
22,18,20,1
22,18,40,1
22,18,60,1
22,18,90,1
22,18,120,1
22,18,130,1
22,18,150,1
22,19,20,1
22,19,30,1
22,19,50,1
22,19,60,1
22,19,70,1
22,19,80,1
22,19,90,1
22,19,100,1
22,19,110,1
22,19,120,1
22,19,150,1
22,22,10,1
22,22,20,1
22,22,30,1
22,22,40,1
22,22,50,1
22,22,60,1
22,22,70,1
22,22,80,1
22,22,90,1
22,22,100,1
22,22,110,1
22,22,120,1
22,22,130,1
22,22,140,1
22,22,150,1
22,31,10,1
22,31,30,1
22,31,40,1
22,31,50,1
22,31,110,1
22,31,140,1
22,31,150,1
22,38,10,1
22,38,30,1
22,38,70,1
22,38,80,1
22,38,90,1
22,38,100,1
22,38,110,1
22,38,120,1
22,38,140,1
22,65,20,1
22,65,60,1
22,65,80,1
22,65,100,1
22,65,130,1
22,65,140,1
22,67,10,1
22,67,40,1
22,67,70,1
22,67,90,1
22,67,110,1
22,67,130,1
23,2,10,1
23,2,20,1
23,2,30,1
23,2,60,1
23,2,70,1
23,2,100,1
23,2,120,1
23,2,130,1
23,2,140,1
23,2,150,1
23,4,40,1
23,4,60,1
23,4,70,1
23,4,80,1
23,4,90,1
23,4,130,1
23,4,150,1
23,12,10,1
23,12,60,1
23,12,80,1
23,12,100,1
23,12,110,1
23,20,10,1
23,20,20,1
23,20,30,1
23,20,40,1
23,20,50,1
23,20,70,1
23,20,90,1
23,20,120,1
23,20,130,1
23,20,140,1
23,23,10,1
23,23,20,1
23,23,30,1
23,23,40,1
23,23,50,1
23,23,60,1
23,23,70,1
23,23,80,1
23,23,90,1
23,23,100,1
23,23,110,1
23,23,120,1
23,23,130,1
23,23,140,1
23,23,150,1
23,32,40,1
23,32,50,1
23,32,70,1
23,32,80,1
23,32,90,1
23,32,100,1
23,32,130,1
23,32,150,1
23,33,20,1
23,33,30,1
23,33,40,1
23,33,50,1
23,33,80,1
23,33,90,1
23,33,110,1
23,33,150,1
23,39,10,1
23,39,20,1
23,39,30,1
23,39,50,1
23,39,60,1
23,39,70,1
23,39,110,1
23,39,120,1
23,39,140,1
23,61,30,1
23,61,40,1
23,61,90,1
23,61,100,1
23,61,120,1
23,61,130,1
23,61,140,1
23,62,10,1
23,62,20,1
23,62,80,1
23,62,90,1
23,62,110,1
23,62,120,1
23,63,10,1
23,63,50,1
23,63,60,1
23,63,110,1
23,63,120,1
23,63,140,1
23,63,150,1
24,8,10,1
24,8,20,1
24,8,30,1
24,8,50,1
24,8,60,1
24,8,70,1
24,8,90,1
24,8,100,1
24,8,120,1
24,8,130,1
24,13,40,1
24,13,60,1
24,13,90,1
24,13,110,1
24,13,130,1
24,13,140,1
24,13,150,1
24,21,10,1
24,21,30,1
24,21,50,1
24,21,60,1
24,21,70,1
24,21,80,1
24,21,120,1
24,21,140,1
24,24,10,1
24,24,20,1
24,24,30,1
24,24,40,1
24,24,50,1
24,24,60,1
24,24,70,1
24,24,80,1
24,24,90,1
24,24,100,1
24,24,110,1
24,24,120,1
24,24,130,1
24,24,140,1
24,24,150,1
24,27,20,1
24,27,50,1
24,27,70,1
24,27,100,1
24,27,110,1
24,27,120,1
24,27,130,1
24,28,10,1
24,28,20,1
24,28,30,1
24,28,40,1
24,28,80,1
24,28,110,1
24,28,120,1
24,28,150,1
24,40,20,1
24,40,50,1
24,40,80,1
24,40,100,1
24,40,120,1
24,40,130,1
24,40,140,1
24,40,150,1
24,47,10,1
24,47,20,1
24,47,40,1
24,47,50,1
24,47,60,1
24,47,90,1
24,47,100,1
24,49,40,1
24,49,70,1
24,49,80,1
24,49,90,1
24,49,130,1
24,49,140,1
24,49,150,1
24,53,10,1
24,53,30,1
24,53,40,1
24,53,60,1
24,53,70,1
24,53,80,1
24,53,110,1
24,53,140,1
24,56,20,1
24,56,60,1
24,56,90,1
24,56,100,1
24,56,110,1
24,56,150,1
25,6,30,1
25,6,40,1
25,6,90,1
25,6,100,1
25,6,120,1
25,6,140,1
25,8,10,1
25,8,20,1
25,8,40,1
25,8,50,1
25,8,70,1
25,8,80,1
25,8,90,1
25,8,110,1
25,8,150,1
25,11,10,1
25,11,50,1
25,11,60,1
25,11,90,1
25,11,110,1
25,11,130,1
25,11,140,1
25,13,10,1
25,13,20,1
25,13,50,1
25,13,70,1
25,21,10,1
25,21,30,1
25,21,80,1
25,21,100,1
25,21,110,1
25,21,130,1
25,25,10,1
25,25,20,1
25,25,30,1
25,25,40,1
25,25,50,1
25,25,60,1
25,25,70,1
25,25,80,1
25,25,90,1
25,25,100,1
25,25,110,1
25,25,120,1
25,25,130,1
25,25,140,1
25,25,150,1
25,27,20,1
25,27,30,1
25,27,40,1
25,27,60,1
25,27,70,1
25,27,80,1
25,27,100,1
25,27,110,1
25,27,140,1
25,27,150,1
25,35,30,1
25,35,40,1
25,35,50,1
25,35,60,1
25,35,70,1
25,35,120,1
25,35,130,1
25,35,140,1
25,35,150,1
25,42,20,1
25,42,60,1
25,42,70,1
25,42,80,1
25,42,90,1
25,42,110,1
25,42,120,1
25,42,130,1
25,42,140,1
25,42,150,1
25,47,20,1
25,47,30,1
25,47,50,1
25,47,100,1
25,47,120,1
25,47,130,1
25,47,150,1
25,50,10,1
25,50,20,1
25,50,40,1
25,50,60,1
25,50,80,1
25,50,90,1
25,50,100,1
25,50,110,1
25,50,120,1
25,50,140,1
26,9,20,1
26,9,30,1
26,9,40,1
26,9,60,1
26,9,80,1
26,9,90,1
26,9,110,1
26,26,10,1
26,26,20,1
26,26,30,1
26,26,40,1
26,26,50,1
26,26,60,1
26,26,70,1
26,26,80,1
26,26,90,1
26,26,100,1
26,26,110,1
26,26,120,1
26,26,130,1
26,26,140,1
26,26,150,1
26,28,50,1
26,28,70,1
26,28,90,1
26,28,110,1
26,28,130,1
26,28,150,1
26,34,10,1
26,34,20,1
26,34,30,1
26,34,40,1
26,34,80,1
26,34,120,1
26,34,130,1
26,34,140,1
26,34,150,1
26,37,10,1
26,37,20,1
26,37,30,1
26,37,50,1
26,37,80,1
26,37,90,1
26,37,100,1
26,37,130,1
26,41,30,1
26,41,40,1
26,41,50,1
26,41,60,1
26,41,70,1
26,41,80,1
26,41,90,1
26,41,100,1
26,41,110,1
26,41,120,1
26,41,130,1
26,41,140,1
26,41,150,1
26,51,10,1
26,51,20,1
26,51,50,1
26,51,60,1
26,51,70,1
26,51,90,1
26,51,100,1
26,51,120,1
26,52,10,1
26,52,40,1
26,52,50,1
26,52,60,1
26,52,70,1
26,52,80,1
26,52,100,1
26,52,110,1
26,52,130,1
26,52,140,1
26,53,10,1
26,53,20,1
26,53,30,1
26,53,40,1
26,53,60,1
26,53,140,1
26,60,20,1
26,60,40,1
26,60,70,1
26,60,80,1
26,60,100,1
26,60,110,1
26,60,120,1
26,60,140,1
26,60,150,1
27,8,10,1
27,8,20,1
27,8,30,1
27,8,60,1
27,8,100,1
27,8,120,1
27,8,130,1
27,8,140,1
27,8,150,1
27,13,10,1
27,13,20,1
27,13,40,1
27,13,50,1
27,13,70,1
27,13,80,1
27,13,100,1
27,13,110,1
27,13,120,1
27,13,140,1
27,21,20,1
27,21,30,1
27,21,40,1
27,21,90,1
27,21,100,1
27,21,110,1
27,21,120,1
27,21,130,1
27,21,150,1
27,24,10,1
27,24,40,1
27,24,60,1
27,24,80,1
27,24,90,1
27,24,140,1
27,24,150,1
27,25,10,1
27,25,20,1
27,25,50,1
27,25,90,1
27,25,120,1
27,25,130,1
27,27,10,1
27,27,20,1
27,27,30,1
27,27,40,1
27,27,50,1
27,27,60,1
27,27,70,1
27,27,80,1
27,27,90,1
27,27,100,1
27,27,110,1
27,27,120,1
27,27,130,1
27,27,140,1
27,27,150,1
27,30,30,1
27,30,50,1
27,30,60,1
27,30,70,1
27,30,130,1
27,30,150,1
27,35,20,1
27,35,60,1
27,35,70,1
27,35,80,1
27,35,90,1
27,35,120,1
27,40,10,1
27,40,20,1
27,40,30,1
27,40,50,1
27,40,70,1
27,40,90,1
27,40,100,1
27,40,130,1
27,40,140,1
27,40,150,1
27,42,10,1
27,42,50,1
27,42,60,1
27,42,70,1
27,42,110,1
27,42,120,1
27,42,130,1
27,42,140,1
27,47,40,1
27,47,50,1
27,47,70,1
27,47,80,1
27,47,100,1
27,47,110,1
27,47,140,1
27,49,10,1
27,49,30,1
27,49,60,1
27,49,70,1
27,49,80,1
27,49,90,1
27,49,110,1
27,49,120,1
27,49,130,1
27,53,20,1
27,53,30,1
27,53,40,1
27,53,50,1
27,53,60,1
27,53,80,1
27,53,100,1
27,53,130,1
27,56,20,1
27,56,40,1
27,56,60,1
27,56,70,1
27,56,80,1
27,56,100,1
27,56,110,1
27,56,120,1
27,56,140,1
27,56,150,1
27,59,30,1
27,59,40,1
27,59,90,1
27,59,100,1
27,59,110,1
27,59,140,1
27,59,150,1
28,13,20,1
28,13,70,1
28,13,80,1
28,13,100,1
28,13,130,1
28,13,140,1
28,13,150,1
28,24,20,1
28,24,50,1
28,24,60,1
28,24,70,1
28,24,90,1
28,24,100,1
28,24,110,1
28,24,130,1
28,24,140,1
28,24,150,1
28,26,10,1
28,26,20,1
28,26,30,1
28,26,40,1
28,26,60,1
28,26,70,1
28,26,80,1
28,26,100,1
28,26,110,1
28,26,140,1
28,28,10,1
28,28,20,1
28,28,30,1
28,28,40,1
28,28,50,1
28,28,60,1
28,28,70,1
28,28,80,1
28,28,90,1
28,28,100,1
28,28,110,1
28,28,120,1
28,28,130,1
28,28,140,1
28,28,150,1
28,40,10,1
28,40,40,1
28,40,90,1
28,40,100,1
28,40,110,1
28,40,120,1
28,40,130,1
28,51,30,1
28,51,40,1
28,51,50,1
28,51,60,1
28,51,80,1
28,51,90,1
28,51,120,1
28,51,140,1
28,51,150,1
28,52,10,1
28,52,30,1
28,52,80,1
28,52,90,1
28,52,110,1
28,52,150,1
28,53,10,1
28,53,20,1
28,53,40,1
28,53,60,1
28,53,70,1
28,53,90,1
28,53,110,1
28,53,130,1
28,56,10,1
28,56,30,1
28,56,50,1
28,56,60,1
28,56,70,1
28,56,80,1
28,56,120,1
28,60,10,1
28,60,20,1
28,60,30,1
28,60,50,1
28,60,60,1
28,60,120,1
28,60,130,1
28,60,140,1
28,60,150,1
29,3,10,1
29,3,30,1
29,3,50,1
29,3,60,1
29,3,90,1
29,3,100,1
29,3,140,1
29,3,150,1
29,7,20,1
29,7,40,1
29,7,50,1
29,7,60,1
29,7,70,1
29,7,110,1
29,7,120,1
29,7,130,1
29,29,10,1
29,29,20,1
29,29,30,1
29,29,40,1
29,29,50,1
29,29,60,1
29,29,70,1
29,29,80,1
29,29,90,1
29,29,100,1
29,29,110,1
29,29,120,1
29,29,130,1
29,29,140,1
29,29,150,1
29,31,10,1
29,31,40,1
29,31,50,1
29,31,60,1
29,31,90,1
29,31,100,1
29,31,110,1
29,31,130,1
29,31,150,1
29,46,20,1
29,46,80,1
29,46,130,1
29,66,10,1
29,66,30,1
29,66,40,1
29,66,50,1
29,66,70,1
29,66,80,1
29,66,100,1
29,66,110,1
29,66,120,1
29,66,140,1
29,67,20,1
29,67,30,1
29,67,70,1
29,67,80,1
29,67,90,1
29,67,120,1
29,67,140,1
30,5,10,1
30,5,50,1
30,5,110,1
30,5,140,1
30,27,10,1
30,27,20,1
30,27,30,1
30,27,40,1
30,27,80,1
30,27,90,1
30,27,100,1
30,27,110,1
30,27,120,1
30,27,140,1
30,30,10,1
30,30,20,1
30,30,30,1
30,30,40,1
30,30,50,1
30,30,60,1
30,30,70,1
30,30,80,1
30,30,90,1
30,30,100,1
30,30,110,1
30,30,120,1
30,30,130,1
30,30,140,1
30,30,150,1
30,42,10,1
30,42,30,1
30,42,40,1
30,42,70,1
30,42,100,1
30,42,120,1
30,42,130,1
30,42,150,1
30,47,20,1
30,47,30,1
30,47,60,1
30,47,80,1
30,47,110,1
30,47,120,1
30,47,130,1
30,49,30,1
30,49,50,1
30,49,60,1
30,49,70,1
30,49,90,1
30,49,130,1
30,49,140,1
30,49,150,1
30,59,20,1
30,59,40,1
30,59,50,1
30,59,60,1
30,59,70,1
30,59,80,1
30,59,90,1
30,59,100,1
30,59,130,1
30,59,150,1
31,3,30,1
31,3,80,1
31,3,110,1
31,3,150,1
31,7,10,1
31,7,40,1
31,7,50,1
31,7,120,1
31,7,130,1
31,7,140,1
31,7,150,1
31,19,10,1
31,19,20,1
31,19,30,1
31,19,40,1
31,19,60,1
31,19,70,1
31,19,110,1
31,19,120,1
31,19,130,1
31,19,140,1
31,22,20,1
31,22,60,1
31,22,70,1
31,22,80,1
31,22,90,1
31,22,100,1
31,22,130,1
31,29,10,1
31,29,20,1
31,29,30,1
31,29,50,1
31,29,70,1
31,29,80,1
31,29,90,1
31,29,120,1
31,29,140,1
31,31,10,1
31,31,20,1
31,31,30,1
31,31,40,1
31,31,50,1
31,31,60,1
31,31,70,1
31,31,80,1
31,31,90,1
31,31,100,1
31,31,110,1
31,31,120,1
31,31,130,1
31,31,140,1
31,31,150,1
31,36,50,1
31,36,100,1
31,36,110,1
31,36,150,1
31,38,10,1
31,38,30,1
31,38,40,1
31,38,60,1
31,38,80,1
31,38,90,1
31,38,100,1
31,38,140,1
31,38,150,1
31,66,10,1
31,66,20,1
31,66,40,1
31,66,50,1
31,66,70,1
31,66,90,1
31,66,100,1
31,66,110,1
31,66,130,1
31,66,150,1
31,67,20,1
31,67,40,1
31,67,50,1
31,67,60,1
31,67,100,1
31,67,110,1
31,67,120,1
32,19,10,1
32,19,20,1
32,19,40,1
32,19,50,1
32,19,60,1
32,19,80,1
32,19,90,1
32,19,100,1
32,19,110,1
32,19,120,1
32,19,130,1
32,23,10,1
32,23,20,1
32,23,60,1
32,23,90,1
32,23,110,1
32,23,120,1
32,23,140,1
32,32,10,1
32,32,20,1
32,32,30,1
32,32,40,1
32,32,50,1
32,32,60,1
32,32,70,1
32,32,80,1
32,32,90,1
32,32,100,1
32,32,110,1
32,32,120,1
32,32,130,1
32,32,140,1
32,32,150,1
32,33,10,1
32,33,20,1
32,33,50,1
32,33,60,1
32,33,70,1
32,33,90,1
32,33,100,1
32,33,120,1
32,33,140,1
32,33,150,1
32,36,10,1
32,36,30,1
32,36,40,1
32,36,50,1
32,36,80,1
32,36,100,1
32,36,110,1
32,36,120,1
32,36,130,1
32,36,140,1
32,36,150,1
32,38,10,1
32,38,30,1
32,38,40,1
32,38,50,1
32,39,20,1
32,39,50,1
32,39,60,1
32,39,70,1
32,39,80,1
32,39,100,1
32,39,120,1
32,39,130,1
32,61,50,1
32,61,60,1
32,61,70,1
32,61,80,1
32,61,90,1
32,61,110,1
32,61,130,1
32,61,150,1
32,62,30,1
32,62,40,1
32,62,70,1
32,62,80,1
32,62,90,1
32,62,100,1
32,62,110,1
32,62,120,1
32,62,130,1
32,62,150,1
32,65,20,1
32,65,30,1
32,65,40,1
32,65,70,1
32,65,90,1
32,65,140,1
33,1,30,1
33,1,40,1
33,1,60,1
33,1,140,1
33,1,150,1
33,2,10,1
33,2,30,1
33,2,50,1
33,2,70,1
33,2,110,1
33,4,10,1
33,4,30,1
33,4,40,1
33,4,60,1
33,4,120,1
33,4,140,1
33,4,150,1
33,12,20,1
33,12,30,1
33,12,40,1
33,12,50,1
33,12,90,1
33,12,110,1
33,12,150,1
33,14,10,1
33,14,30,1
33,14,40,1
33,14,50,1
33,14,60,1
33,14,70,1
33,14,100,1
33,14,110,1
33,14,120,1
33,14,130,1
33,20,20,1
33,20,40,1
33,20,70,1
33,20,80,1
33,20,90,1
33,20,150,1
33,23,10,1
33,23,60,1
33,23,70,1
33,23,90,1
33,23,100,1
33,23,120,1
33,23,130,1
33,23,140,1
33,32,30,1
33,32,40,1
33,32,60,1
33,32,80,1
33,32,100,1
33,32,110,1
33,32,130,1
33,33,10,1
33,33,20,1
33,33,30,1
33,33,40,1
33,33,50,1
33,33,60,1
33,33,70,1
33,33,80,1
33,33,90,1
33,33,100,1
33,33,110,1
33,33,120,1
33,33,130,1
33,33,140,1
33,33,150,1
33,37,20,1
33,37,30,1
33,37,50,1
33,37,60,1
33,37,70,1
33,37,80,1
33,37,90,1
33,37,100,1
33,37,110,1
33,37,120,1
33,37,130,1
33,39,20,1
33,39,40,1
33,39,70,1
33,39,80,1
33,39,90,1
33,39,100,1
33,39,140,1
33,39,150,1
33,61,10,1
33,61,20,1
33,61,50,1
33,61,60,1
33,61,70,1
33,61,80,1
33,61,90,1
33,61,110,1
33,61,120,1
33,61,130,1
33,62,10,1
33,62,20,1
33,62,50,1
33,62,60,1
33,62,70,1
33,62,80,1
33,62,90,1
33,62,100,1
33,62,130,1
33,62,140,1
33,62,150,1
33,63,10,1
33,63,20,1
33,63,30,1
33,63,80,1
33,63,100,1
33,63,110,1
33,63,120,1
33,63,130,1
33,63,140,1
34,9,10,1
34,9,20,1
34,9,30,1
34,9,40,1
34,9,50,1
34,9,60,1
34,9,80,1
34,9,90,1
34,9,100,1
34,9,120,1
34,9,130,1
34,9,150,1
34,17,80,1
34,17,90,1
34,17,130,1
34,17,140,1
34,26,50,1
34,26,60,1
34,26,70,1
34,26,90,1
34,26,100,1
34,26,110,1
34,26,130,1
34,34,10,1
34,34,20,1
34,34,30,1
34,34,40,1
34,34,50,1
34,34,60,1
34,34,70,1
34,34,80,1
34,34,90,1
34,34,100,1
34,34,110,1
34,34,120,1
34,34,130,1
34,34,140,1
34,34,150,1
34,41,10,1
34,41,20,1
34,41,30,1
34,41,40,1
34,41,50,1
34,41,70,1
34,41,150,1
34,48,60,1
34,48,70,1
34,48,80,1
34,49,20,1
34,49,30,1
34,49,60,1
34,49,110,1
34,49,120,1
34,49,130,1
34,49,150,1
34,51,10,1
34,51,20,1
34,51,30,1
34,51,40,1
34,51,50,1
34,51,80,1
34,51,90,1
34,51,110,1
34,51,120,1
34,51,130,1
34,51,140,1
34,53,50,1
34,53,60,1
34,53,90,1
34,53,100,1
34,53,130,1
34,53,140,1
34,53,150,1
34,54,10,1
34,54,30,1
34,54,40,1
34,54,60,1
34,54,70,1
34,54,90,1
34,54,100,1
34,54,140,1
34,57,10,1
34,57,20,1
34,57,30,1
34,57,40,1
34,57,70,1
34,57,80,1
34,57,100,1
34,57,110,1
34,57,120,1
34,57,140,1
34,60,10,1
34,60,20,1
34,60,30,1
34,60,50,1
34,60,80,1
34,60,100,1
34,60,110,1
34,60,120,1
34,60,130,1
34,60,140,1
34,60,150,1
34,64,10,1
34,64,40,1
34,64,60,1
34,64,70,1
34,64,80,1
34,64,110,1
34,64,120,1
34,64,130,1
34,64,150,1
35,8,40,1
35,8,70,1
35,8,80,1
35,8,90,1
35,8,110,1
35,8,120,1
35,8,130,1
35,8,150,1
35,11,10,1
35,11,20,1
35,11,40,1
35,11,50,1
35,11,70,1
35,11,80,1
35,11,90,1
35,11,100,1
35,11,140,1
35,11,150,1
35,13,20,1
35,13,30,1
35,13,60,1
35,13,80,1
35,13,110,1
35,13,120,1
35,13,130,1
35,21,20,1
35,21,30,1
35,21,40,1
35,21,50,1
35,21,60,1
35,21,70,1
35,21,90,1
35,21,140,1
35,25,10,1
35,25,20,1
35,25,80,1
35,25,90,1
35,25,100,1
35,25,110,1
35,27,10,1
35,27,30,1
35,27,40,1
35,27,50,1
35,27,70,1
35,27,100,1
35,27,110,1
35,27,130,1
35,27,140,1
35,27,150,1
35,35,10,1
35,35,20,1
35,35,30,1
35,35,40,1
35,35,50,1
35,35,60,1
35,35,70,1
35,35,80,1
35,35,90,1
35,35,100,1
35,35,110,1
35,35,120,1
35,35,130,1
35,35,140,1
35,35,150,1
35,56,10,1
35,56,60,1
35,56,120,1
35,56,130,1
35,56,140,1
36,7,30,1
36,7,50,1
36,7,60,1
36,7,70,1
36,7,80,1
36,7,90,1
36,7,100,1
36,7,110,1
36,7,120,1
36,7,130,1
36,18,20,1
36,18,60,1
36,18,70,1
36,18,80,1
36,18,100,1
36,18,150,1
36,19,10,1
36,19,30,1
36,19,50,1
36,19,70,1
36,19,80,1
36,19,90,1
36,19,110,1
36,19,130,1
36,19,140,1
36,19,150,1
36,31,10,1
36,31,20,1
36,31,30,1
36,31,40,1
36,31,60,1
36,31,70,1
36,31,80,1
36,31,90,1
36,31,120,1
36,31,140,1
36,32,20,1
36,32,60,1
36,32,70,1
36,32,90,1
36,36,10,1
36,36,20,1
36,36,30,1
36,36,40,1
36,36,50,1
36,36,60,1
36,36,70,1
36,36,80,1
36,36,90,1
36,36,100,1
36,36,110,1
36,36,120,1
36,36,130,1
36,36,140,1
36,36,150,1
36,38,20,1
36,38,40,1
36,38,50,1
36,38,110,1
36,38,120,1
36,38,130,1
36,38,140,1
36,38,150,1
36,39,20,1
36,39,30,1
36,39,40,1
36,39,50,1
36,39,60,1
36,39,70,1
36,39,80,1
36,39,90,1
36,39,100,1
36,39,110,1
36,39,120,1
36,39,150,1
36,62,10,1
36,62,20,1
36,62,40,1
36,62,50,1
36,62,100,1
36,62,130,1
36,62,140,1
36,62,150,1
36,65,10,1
36,65,30,1
36,65,40,1
36,65,100,1
36,65,110,1
36,65,120,1
37,1,20,1
37,1,50,1
37,1,70,1
37,1,80,1
37,1,130,1
37,1,150,1
37,4,20,1
37,4,40,1
37,4,50,1
37,4,60,1
37,4,70,1
37,4,80,1
37,4,90,1
37,4,100,1
37,4,120,1
37,4,130,1
37,4,140,1
37,9,10,1
37,9,30,1
37,9,70,1
37,9,100,1
37,9,110,1
37,9,120,1
37,9,140,1
37,14,10,1
37,14,30,1
37,14,60,1
37,14,70,1
37,14,80,1
37,14,90,1
37,14,110,1
37,14,120,1
37,14,130,1
37,14,140,1
37,14,150,1
37,20,10,1
37,20,20,1
37,20,60,1
37,20,90,1
37,20,110,1
37,20,120,1
37,20,140,1
37,26,20,1
37,26,30,1
37,26,40,1
37,26,50,1
37,26,60,1
37,26,70,1
37,26,80,1
37,26,90,1
37,26,100,1
37,26,110,1
37,26,120,1
37,26,140,1
37,33,10,1
37,33,40,1
37,33,110,1
37,33,140,1
37,37,10,1
37,37,20,1
37,37,30,1
37,37,40,1
37,37,50,1
37,37,60,1
37,37,70,1
37,37,80,1
37,37,90,1
37,37,100,1
37,37,110,1
37,37,120,1
37,37,130,1
37,37,140,1
37,37,150,1
37,41,10,1
37,41,30,1
37,41,40,1
37,41,50,1
37,41,90,1
37,41,100,1
37,41,120,1
37,41,130,1
37,41,150,1
37,60,10,1
37,60,20,1
37,60,30,1
37,60,40,1
37,60,50,1
37,60,70,1
37,60,80,1
37,60,90,1
37,60,130,1
37,63,30,1
37,63,50,1
37,63,80,1
37,63,100,1
37,63,110,1
37,63,130,1
37,63,150,1
38,3,10,1
38,3,20,1
38,3,30,1
38,3,40,1
38,3,50,1
38,3,140,1
38,7,10,1
38,7,30,1
38,7,40,1
38,7,60,1
38,7,90,1
38,7,100,1
38,7,140,1
38,18,10,1
38,18,70,1
38,18,80,1
38,18,110,1
38,18,120,1
38,18,140,1
38,18,150,1
38,19,40,1
38,19,120,1
38,19,150,1
38,22,20,1
38,22,40,1
38,22,50,1
38,22,60,1
38,22,130,1
38,22,150,1
38,31,20,1
38,31,40,1
38,31,50,1
38,31,70,1
38,31,110,1
38,31,120,1
38,31,130,1
38,32,20,1
38,32,50,1
38,32,60,1
38,32,70,1
38,32,80,1
38,32,90,1
38,32,100,1
38,32,110,1
38,32,120,1
38,32,130,1
38,32,140,1
38,36,10,1
38,36,30,1
38,36,60,1
38,36,70,1
38,36,80,1
38,36,90,1
38,36,100,1
38,38,10,1
38,38,20,1
38,38,30,1
38,38,40,1
38,38,50,1
38,38,60,1
38,38,70,1
38,38,80,1
38,38,90,1
38,38,100,1
38,38,110,1
38,38,120,1
38,38,130,1
38,38,140,1
38,38,150,1
38,65,10,1
38,65,20,1
38,65,30,1
38,65,40,1
38,65,70,1
38,65,80,1
38,65,90,1
38,65,110,1
38,65,130,1
38,65,140,1
38,67,30,1
38,67,50,1
38,67,60,1
38,67,80,1
38,67,90,1
38,67,100,1
38,67,110,1
38,67,120,1
38,67,130,1
38,67,150,1
39,12,30,1
39,12,40,1
39,12,50,1
39,12,60,1
39,12,80,1
39,12,90,1
39,12,100,1
39,12,140,1
39,14,20,1
39,14,50,1
39,14,60,1
39,14,70,1
39,14,80,1
39,14,140,1
39,14,150,1
39,23,10,1
39,23,40,1
39,23,80,1
39,23,90,1
39,23,100,1
39,23,110,1
39,23,130,1
39,23,150,1
39,32,10,1
39,32,30,1
39,32,40,1
39,32,90,1
39,32,110,1
39,32,120,1
39,32,130,1
39,32,140,1
39,32,150,1
39,33,10,1
39,33,20,1
39,33,30,1
39,33,50,1
39,33,60,1
39,33,70,1
39,33,110,1
39,33,130,1
39,36,10,1
39,36,60,1
39,36,80,1
39,36,130,1
39,36,140,1
39,39,10,1
39,39,20,1
39,39,30,1
39,39,40,1
39,39,50,1
39,39,60,1
39,39,70,1
39,39,80,1
39,39,90,1
39,39,100,1
39,39,110,1
39,39,120,1
39,39,130,1
39,39,140,1
39,39,150,1
39,61,20,1
39,61,40,1
39,61,70,1
39,61,100,1
39,61,110,1
39,61,120,1
39,61,150,1
39,62,10,1
39,62,20,1
39,62,30,1
39,62,50,1
39,62,60,1
39,62,70,1
39,62,120,1
39,62,130,1
39,65,20,1
39,65,70,1
39,65,80,1
39,65,90,1
39,65,100,1
39,65,110,1
39,65,120,1
39,65,150,1
40,8,10,1
40,8,30,1
40,8,70,1
40,8,100,1
40,8,110,1
40,8,120,1
40,8,130,1
40,8,140,1
40,13,10,1
40,13,40,1
40,13,50,1
40,13,60,1
40,13,80,1
40,13,90,1
40,13,120,1
40,13,140,1
40,13,150,1
40,24,10,1
40,24,20,1
40,24,30,1
40,24,40,1
40,24,60,1
40,24,70,1
40,24,80,1
40,24,90,1
40,24,110,1
40,27,30,1
40,27,40,1
40,27,50,1
40,27,60,1
40,27,80,1
40,27,90,1
40,27,110,1
40,27,120,1
40,28,10,1
40,28,20,1
40,28,30,1
40,28,50,1
40,28,60,1
40,28,70,1
40,28,80,1
40,28,140,1
40,28,150,1
40,40,10,1
40,40,20,1
40,40,30,1
40,40,40,1
40,40,50,1
40,40,60,1
40,40,70,1
40,40,80,1
40,40,90,1
40,40,100,1
40,40,110,1
40,40,120,1
40,40,130,1
40,40,140,1
40,40,150,1
40,51,10,1
40,51,20,1
40,51,40,1
40,51,80,1
40,51,90,1
40,51,100,1
40,51,110,1
40,51,130,1
40,51,140,1
40,51,150,1
40,52,20,1
40,52,70,1
40,52,80,1
40,52,100,1
40,52,120,1
40,52,130,1
40,52,140,1
40,53,20,1
40,53,50,1
40,53,100,1
40,53,120,1
40,53,130,1
40,53,150,1
40,56,30,1
40,56,50,1
40,56,60,1
40,56,70,1
40,56,90,1
40,56,130,1
40,56,150,1
41,1,10,1
41,1,40,1
41,1,50,1
41,1,60,1
41,1,80,1
41,1,100,1
41,1,110,1
41,1,130,1
41,4,10,1
41,4,20,1
41,4,30,1
41,4,40,1
41,4,80,1
41,4,100,1
41,4,120,1
41,4,130,1
41,4,150,1
41,9,10,1
41,9,30,1
41,9,40,1
41,9,50,1
41,9,70,1
41,9,100,1
41,9,140,1
41,9,150,1
41,10,20,1
41,10,50,1
41,10,60,1
41,10,70,1
41,10,100,1
41,10,120,1
41,10,130,1
41,10,140,1
41,10,150,1
41,17,10,1
41,17,20,1
41,17,30,1
41,17,40,1
41,17,50,1
41,17,60,1
41,17,70,1
41,17,130,1
41,20,10,1
41,20,30,1
41,20,80,1
41,20,90,1
41,20,110,1
41,20,120,1
41,20,140,1
41,26,10,1
41,26,20,1
41,26,40,1
41,34,60,1
41,34,80,1
41,34,90,1
41,34,100,1
41,34,110,1
41,34,120,1
41,34,130,1
41,34,140,1
41,37,20,1
41,37,60,1
41,37,70,1
41,37,80,1
41,37,110,1
41,37,140,1
41,41,10,1
41,41,20,1
41,41,30,1
41,41,40,1
41,41,50,1
41,41,60,1
41,41,70,1
41,41,80,1
41,41,90,1
41,41,100,1
41,41,110,1
41,41,120,1
41,41,130,1
41,41,140,1
41,41,150,1
41,54,30,1
41,54,40,1
41,54,50,1
41,54,60,1
41,54,80,1
41,54,90,1
41,54,100,1
41,54,110,1
41,54,120,1
41,54,140,1
41,54,150,1
41,57,30,1
41,57,40,1
41,57,50,1
41,57,70,1
41,57,80,1
41,57,110,1
41,57,120,1
41,57,150,1
41,58,10,1
41,58,20,1
41,58,40,1
41,58,50,1
41,58,60,1
41,58,90,1
41,58,110,1
41,58,120,1
41,60,30,1
41,60,50,1
41,60,70,1
41,60,90,1
41,60,120,1
41,60,130,1
41,60,140,1
41,63,20,1
41,63,70,1
41,63,90,1
41,63,100,1
41,63,110,1
41,63,130,1
41,63,140,1
41,63,150,1
41,64,10,1
41,64,60,1
41,64,80,1
41,64,90,1
41,64,130,1
41,64,150,1
42,21,10,1
42,21,50,1
42,21,70,1
42,21,80,1
42,21,100,1
42,21,130,1
42,21,140,1
42,21,150,1
42,25,10,1
42,25,30,1
42,25,40,1
42,25,50,1
42,25,100,1
42,25,110,1
42,27,20,1
42,27,30,1
42,27,40,1
42,27,80,1
42,27,90,1
42,27,100,1
42,27,130,1
42,27,150,1
42,30,10,1
42,30,20,1
42,30,50,1
42,30,60,1
42,30,80,1
42,30,90,1
42,30,110,1
42,30,140,1
42,42,10,1
42,42,20,1
42,42,30,1
42,42,40,1
42,42,50,1
42,42,60,1
42,42,70,1
42,42,80,1
42,42,90,1
42,42,100,1
42,42,110,1
42,42,120,1
42,42,130,1
42,42,140,1
42,42,150,1
42,47,10,1
42,47,20,1
42,47,60,1
42,47,70,1
42,47,90,1
42,47,110,1
42,47,120,1
42,47,130,1
42,47,140,1
42,50,30,1
42,50,40,1
42,50,70,1
42,50,80,1
42,50,110,1
42,50,120,1
42,50,130,1
42,50,150,1
42,59,10,1
42,59,30,1
42,59,40,1
42,59,60,1
42,59,70,1
42,59,120,1
43,6,20,1
43,6,50,1
43,6,60,1
43,6,70,1
43,6,90,1
43,6,130,1
43,6,140,1
43,6,150,1
43,11,20,1
43,11,30,1
43,11,40,1
43,11,80,1
43,11,100,1
43,11,150,1
43,43,10,1
43,43,20,1
43,43,30,1
43,43,40,1
43,43,50,1
43,43,60,1
43,43,70,1
43,43,80,1
43,43,90,1
43,43,100,1
43,43,110,1
43,43,120,1
43,43,130,1
43,43,140,1
43,43,150,1
43,44,10,1
43,44,40,1
43,44,50,1
43,44,60,1
43,44,70,1
43,44,90,1
43,44,100,1
43,44,110,1
43,44,120,1
43,44,130,1
43,44,140,1
44,11,10,1
44,11,40,1
44,11,50,1
44,11,60,1
44,11,70,1
44,11,90,1
44,11,100,1
44,11,110,1
44,11,120,1
44,11,140,1
44,43,20,1
44,43,30,1
44,43,60,1
44,43,80,1
44,43,130,1
44,43,150,1
44,44,10,1
44,44,20,1
44,44,30,1
44,44,40,1
44,44,50,1
44,44,60,1
44,44,70,1
44,44,80,1
44,44,90,1
44,44,100,1
44,44,110,1
44,44,120,1
44,44,130,1
44,44,140,1
44,44,150,1
45,2,10,1
45,2,50,1
45,2,70,1
45,2,90,1
45,2,110,1
45,2,120,1
45,2,130,1
45,2,140,1
45,2,150,1
45,4,30,1
45,4,40,1
45,4,50,1
45,4,70,1
45,4,90,1
45,4,100,1
45,4,140,1
45,10,10,1
45,10,20,1
45,10,40,1
45,10,70,1
45,10,110,1
45,10,140,1
45,12,10,1
45,12,30,1
45,12,50,1
45,12,60,1
45,12,80,1
45,12,130,1
45,12,150,1
45,15,20,1
45,15,30,1
45,15,40,1
45,15,60,1
45,15,80,1
45,15,90,1
45,15,120,1
45,15,130,1
45,45,10,1
45,45,20,1
45,45,30,1
45,45,40,1
45,45,50,1
45,45,60,1
45,45,70,1
45,45,80,1
45,45,90,1
45,45,100,1
45,45,110,1
45,45,120,1
45,45,130,1
45,45,140,1
45,45,150,1
45,58,20,1
45,58,30,1
45,58,40,1
45,58,60,1
45,58,70,1
45,58,90,1
45,58,100,1
45,58,110,1
45,58,130,1
45,58,140,1
45,58,150,1
45,63,10,1
45,63,80,1
45,63,100,1
45,63,120,1
45,63,150,1
46,16,10,1
46,16,20,1
46,16,30,1
46,16,50,1
46,16,60,1
46,16,70,1
46,16,80,1
46,16,90,1
46,16,100,1
46,16,120,1
46,16,140,1
46,16,150,1
46,29,10,1
46,29,30,1
46,29,40,1
46,29,50,1
46,29,60,1
46,29,70,1
46,29,90,1
46,29,100,1
46,29,110,1
46,29,120,1
46,29,130,1
46,29,140,1
46,46,10,1
46,46,20,1
46,46,30,1
46,46,40,1
46,46,50,1
46,46,60,1
46,46,70,1
46,46,80,1
46,46,90,1
46,46,100,1
46,46,110,1
46,46,120,1
46,46,130,1
46,46,140,1
46,46,150,1
46,55,30,1
46,55,40,1
46,55,100,1
46,55,130,1
46,55,140,1
46,66,20,1
46,66,50,1
46,66,60,1
46,66,80,1
46,66,110,1
46,66,120,1
46,66,130,1
46,66,150,1
46,67,10,1
46,67,20,1
46,67,40,1
46,67,80,1
46,67,90,1
46,67,100,1
47,13,20,1
47,13,30,1
47,13,50,1
47,13,60,1
47,13,100,1
47,13,110,1
47,13,130,1
47,13,140,1
47,21,10,1
47,21,40,1
47,21,70,1
47,21,110,1
47,21,140,1
47,24,20,1
47,24,30,1
47,24,60,1
47,24,70,1
47,24,80,1
47,24,100,1
47,24,110,1
47,24,120,1
47,24,130,1
47,24,140,1
47,24,150,1
47,25,10,1
47,25,20,1
47,25,40,1
47,25,60,1
47,25,70,1
47,25,80,1
47,25,90,1
47,25,110,1
47,25,140,1
47,25,150,1
47,27,10,1
47,27,20,1
47,27,30,1
47,27,60,1
47,27,70,1
47,27,90,1
47,27,120,1
47,27,130,1
47,27,150,1
47,30,10,1
47,30,40,1
47,30,50,1
47,30,70,1
47,30,90,1
47,30,100,1
47,30,140,1
47,30,150,1
47,42,30,1
47,42,40,1
47,42,80,1
47,42,100,1
47,42,150,1
47,47,10,1
47,47,20,1
47,47,30,1
47,47,40,1
47,47,50,1
47,47,60,1
47,47,70,1
47,47,80,1
47,47,90,1
47,47,100,1
47,47,110,1
47,47,120,1
47,47,130,1
47,47,140,1
47,47,150,1
47,49,10,1
47,49,20,1
47,49,40,1
47,49,50,1
47,49,60,1
47,49,80,1
47,49,90,1
47,49,100,1
47,49,120,1
47,50,20,1
47,50,30,1
47,50,50,1
47,50,60,1
47,50,80,1
47,50,90,1
47,50,120,1
47,50,130,1
47,50,150,1
47,59,10,1
47,59,20,1
47,59,50,1
47,59,70,1
47,59,80,1
47,59,110,1
47,59,120,1
47,59,130,1
48,5,10,1
48,5,30,1
48,5,60,1
48,5,70,1
48,5,130,1
48,5,150,1
48,34,10,1
48,34,20,1
48,34,30,1
48,34,40,1
48,34,50,1
48,34,90,1
48,34,100,1
48,34,110,1
48,34,120,1
48,34,130,1
48,34,140,1
48,34,150,1
48,48,10,1
48,48,20,1
48,48,30,1
48,48,40,1
48,48,50,1
48,48,60,1
48,48,70,1
48,48,80,1
48,48,90,1
48,48,100,1
48,48,110,1
48,48,120,1
48,48,130,1
48,48,140,1
48,48,150,1
48,49,10,1
48,49,20,1
48,49,40,1
48,49,50,1
48,49,80,1
48,49,100,1
48,49,130,1
48,49,140,1
48,49,150,1
48,53,10,1
48,53,50,1
48,53,60,1
48,53,70,1
48,53,80,1
48,53,90,1
48,53,100,1
48,53,110,1
48,53,120,1
48,53,150,1
48,57,20,1
48,57,30,1
48,57,40,1
48,57,60,1
48,57,70,1
48,57,80,1
48,57,90,1
48,57,120,1
48,60,10,1
48,60,50,1
48,60,60,1
48,60,110,1
48,60,130,1
48,60,140,1
48,64,20,1
48,64,30,1
48,64,40,1
48,64,50,1
48,64,60,1
48,64,70,1
48,64,80,1
48,64,110,1
48,64,140,1
49,5,10,1
49,5,20,1
49,5,50,1
49,5,60,1
49,5,70,1
49,5,90,1
49,5,100,1
49,5,110,1
49,5,120,1
49,5,130,1
49,5,140,1
49,5,150,1
49,24,10,1
49,24,20,1
49,24,30,1
49,24,50,1
49,24,60,1
49,24,90,1
49,24,110,1
49,24,120,1
49,24,130,1
49,27,20,1
49,27,40,1
49,27,50,1
49,27,60,1
49,27,100,1
49,27,140,1
49,27,150,1
49,30,10,1
49,30,20,1
49,30,40,1
49,30,60,1
49,30,80,1
49,30,100,1
49,30,110,1
49,30,120,1
49,30,130,1
49,34,10,1
49,34,30,1
49,34,40,1
49,34,50,1
49,34,70,1
49,34,80,1
49,34,90,1
49,34,100,1
49,34,140,1
49,47,30,1
49,47,70,1
49,47,110,1
49,47,130,1
49,47,140,1
49,47,150,1
49,48,30,1
49,48,60,1
49,48,70,1
49,48,90,1
49,48,110,1
49,48,120,1
49,48,150,1
49,49,10,1
49,49,20,1
49,49,30,1
49,49,40,1
49,49,50,1
49,49,60,1
49,49,70,1
49,49,80,1
49,49,90,1
49,49,100,1
49,49,110,1
49,49,120,1
49,49,130,1
49,49,140,1
49,49,150,1
49,53,10,1
49,53,30,1
49,53,40,1
49,53,50,1
49,53,70,1
49,53,80,1
49,53,90,1
49,53,120,1
49,53,140,1
49,53,150,1
49,57,20,1
49,57,60,1
49,57,80,1
49,57,90,1
49,57,130,1
50,6,10,1
50,6,20,1
50,6,30,1
50,6,50,1
50,6,60,1
50,6,70,1
50,6,80,1
50,6,90,1
50,6,110,1
50,6,120,1
50,6,140,1
50,21,30,1
50,21,40,1
50,21,60,1
50,21,70,1
50,21,80,1
50,21,90,1
50,21,120,1
50,21,130,1
50,21,150,1
50,25,30,1
50,25,50,1
50,25,70,1
50,25,80,1
50,25,130,1
50,25,150,1
50,42,10,1
50,42,20,1
50,42,50,1
50,42,60,1
50,42,90,1
50,42,100,1
50,47,10,1
50,47,20,1
50,47,40,1
50,47,70,1
50,47,80,1
50,47,100,1
50,47,110,1
50,47,140,1
50,50,10,1
50,50,20,1
50,50,30,1
50,50,40,1
50,50,50,1
50,50,60,1
50,50,70,1
50,50,80,1
50,50,90,1
50,50,100,1
50,50,110,1
50,50,120,1
50,50,130,1
50,50,140,1
50,50,150,1
50,59,10,1
50,59,20,1
50,59,40,1
50,59,90,1
50,59,100,1
50,59,110,1
50,59,120,1
50,59,140,1
50,59,150,1
51,9,30,1
51,9,50,1
51,9,70,1
51,9,80,1
51,9,90,1
51,9,110,1
51,9,120,1
51,9,130,1
51,9,140,1
51,9,150,1
51,26,30,1
51,26,40,1
51,26,70,1
51,26,80,1
51,26,110,1
51,26,130,1
51,26,140,1
51,26,150,1
51,28,10,1
51,28,20,1
51,28,60,1
51,28,70,1
51,28,100,1
51,28,110,1
51,28,130,1
51,34,60,1
51,34,70,1
51,34,100,1
51,34,110,1
51,34,120,1
51,34,150,1
51,40,30,1
51,40,50,1
51,40,60,1
51,40,70,1
51,40,120,1
51,51,10,1
51,51,20,1
51,51,30,1
51,51,40,1
51,51,50,1
51,51,60,1
51,51,70,1
51,51,80,1
51,51,90,1
51,51,100,1
51,51,110,1
51,51,120,1
51,51,130,1
51,51,140,1
51,51,150,1
51,52,10,1
51,52,20,1
51,52,30,1
51,52,40,1
51,52,50,1
51,52,80,1
51,52,90,1
51,52,100,1
51,52,120,1
51,52,140,1
51,52,150,1
51,53,10,1
51,53,20,1
51,53,40,1
51,53,80,1
51,53,90,1
51,53,100,1
51,53,110,1
51,53,120,1
51,53,130,1
51,60,10,1
51,60,20,1
51,60,30,1
51,60,40,1
51,60,50,1
51,60,60,1
51,60,90,1
51,60,100,1
51,60,140,1
52,26,20,1
52,26,30,1
52,26,70,1
52,26,80,1
52,26,90,1
52,26,120,1
52,26,150,1
52,28,10,1
52,28,20,1
52,28,30,1
52,28,40,1
52,28,50,1
52,28,60,1
52,28,70,1
52,28,100,1
52,28,120,1
52,28,130,1
52,28,140,1
52,40,10,1
52,40,30,1
52,40,40,1
52,40,50,1
52,40,60,1
52,40,80,1
52,40,90,1
52,40,110,1
52,40,150,1
52,51,10,1
52,51,60,1
52,51,70,1
52,51,100,1
52,51,110,1
52,51,120,1
52,51,130,1
52,52,10,1
52,52,20,1
52,52,30,1
52,52,40,1
52,52,50,1
52,52,60,1
52,52,70,1
52,52,80,1
52,52,90,1
52,52,100,1
52,52,110,1
52,52,120,1
52,52,130,1
52,52,140,1
52,52,150,1
52,56,10,1
52,56,20,1
52,56,50,1
52,56,70,1
52,56,80,1
52,56,90,1
52,56,110,1
52,56,130,1
52,56,140,1
52,56,150,1
53,13,10,1
53,13,30,1
53,13,50,1
53,13,60,1
53,13,80,1
53,13,90,1
53,13,110,1
53,13,120,1
53,13,130,1
53,13,140,1
53,24,20,1
53,24,40,1
53,24,50,1
53,24,90,1
53,24,100,1
53,24,120,1
53,24,130,1
53,24,150,1
53,26,30,1
53,26,40,1
53,26,50,1
53,26,70,1
53,26,80,1
53,26,90,1
53,26,100,1
53,26,110,1
53,26,120,1
53,26,130,1
53,26,140,1
53,26,150,1
53,27,10,1
53,27,70,1
53,27,90,1
53,27,110,1
53,27,120,1
53,27,140,1
53,27,150,1
53,28,30,1
53,28,50,1
53,28,80,1
53,28,100,1
53,28,120,1
53,28,140,1
53,28,150,1
53,34,10,1
53,34,20,1
53,34,30,1
53,34,40,1
53,34,70,1
53,34,80,1
53,34,100,1
53,34,110,1
53,34,120,1
53,40,10,1
53,40,30,1
53,40,40,1
53,40,60,1
53,40,70,1
53,40,80,1
53,40,90,1
53,40,110,1
53,40,140,1
53,48,10,1
53,48,20,1
53,48,30,1
53,48,40,1
53,48,50,1
53,48,130,1
53,48,140,1
53,49,20,1
53,49,60,1
53,49,100,1
53,49,110,1
53,49,120,1
53,49,130,1
53,51,30,1
53,51,50,1
53,51,60,1
53,51,70,1
53,51,140,1
53,51,150,1
53,53,10,1
53,53,20,1
53,53,30,1
53,53,40,1
53,53,50,1
53,53,60,1
53,53,70,1
53,53,80,1
53,53,90,1
53,53,100,1
53,53,110,1
53,53,120,1
53,53,130,1
53,53,140,1
53,53,150,1
53,57,10,1
53,57,20,1
53,57,40,1
53,57,50,1
53,57,70,1
53,57,90,1
53,57,100,1
53,60,20,1
53,60,60,1
53,60,80,1
53,60,90,1
53,60,100,1
53,60,130,1
53,60,150,1
54,1,30,1
54,1,40,1
54,1,50,1
54,1,60,1
54,1,80,1
54,1,110,1
54,1,140,1
54,1,150,1
54,2,20,1
54,2,60,1
54,2,80,1
54,2,90,1
54,2,100,1
54,2,110,1
54,2,150,1
54,4,30,1
54,4,50,1
54,4,60,1
54,4,70,1
54,4,80,1
54,4,90,1
54,4,100,1
54,4,110,1
54,4,120,1
54,4,150,1
54,10,20,1
54,10,30,1
54,10,40,1
54,10,50,1
54,10,60,1
54,10,70,1
54,10,90,1
54,10,100,1
54,10,120,1
54,10,140,1
54,15,10,1
54,15,20,1
54,15,30,1
54,15,40,1
54,15,60,1
54,15,110,1
54,15,120,1
54,17,10,1
54,17,40,1
54,17,50,1
54,17,70,1
54,17,80,1
54,17,90,1
54,17,100,1
54,17,110,1
54,17,120,1
54,17,130,1
54,17,140,1
54,17,150,1
54,34,20,1
54,34,50,1
54,34,80,1
54,34,110,1
54,34,130,1
54,34,150,1
54,41,10,1
54,41,20,1
54,41,130,1
54,54,10,1
54,54,20,1
54,54,30,1
54,54,40,1
54,54,50,1
54,54,60,1
54,54,70,1
54,54,80,1
54,54,90,1
54,54,100,1
54,54,110,1
54,54,120,1
54,54,130,1
54,54,140,1
54,54,150,1
54,58,10,1
54,58,30,1
54,58,100,1
54,58,120,1
54,58,130,1
54,58,140,1
54,58,150,1
54,63,10,1
54,63,30,1
54,63,40,1
54,63,70,1
54,63,130,1
54,64,10,1
54,64,20,1
54,64,40,1
54,64,50,1
54,64,60,1
54,64,70,1
54,64,80,1
54,64,90,1
54,64,100,1
54,64,140,1
55,16,10,1
55,16,30,1
55,16,40,1
55,16,50,1
55,16,90,1
55,16,130,1
55,16,140,1
55,46,10,1
55,46,20,1
55,46,30,1
55,46,40,1
55,46,50,1
55,46,60,1
55,46,70,1
55,46,80,1
55,46,90,1
55,46,100,1
55,46,110,1
55,46,120,1
55,46,150,1
55,55,10,1
55,55,20,1
55,55,30,1
55,55,40,1
55,55,50,1
55,55,60,1
55,55,70,1
55,55,80,1
55,55,90,1
55,55,100,1
55,55,110,1
55,55,120,1
55,55,130,1
55,55,140,1
55,55,150,1
55,66,10,1
55,66,30,1
55,66,130,1
55,66,140,1
56,8,10,1
56,8,20,1
56,8,50,1
56,8,60,1
56,8,80,1
56,8,110,1
56,8,130,1
56,8,150,1
56,13,30,1
56,13,50,1
56,13,60,1
56,13,70,1
56,13,90,1
56,13,100,1
56,13,120,1
56,24,10,1
56,24,40,1
56,24,50,1
56,24,70,1
56,24,80,1
56,24,120,1
56,24,130,1
56,24,140,1
56,27,10,1
56,27,30,1
56,27,50,1
56,27,90,1
56,27,130,1
56,27,140,1
56,28,20,1
56,28,40,1
56,28,60,1
56,28,90,1
56,28,100,1
56,28,110,1
56,28,130,1
56,28,140,1
56,28,150,1
56,35,20,1
56,35,30,1
56,35,40,1
56,35,50,1
56,35,70,1
56,35,80,1
56,35,90,1
56,35,100,1
56,35,110,1
56,35,150,1
56,40,10,1
56,40,20,1
56,40,40,1
56,40,80,1
56,40,100,1
56,40,120,1
56,40,140,1
56,40,150,1
56,52,30,1
56,52,40,1
56,52,60,1
56,52,70,1
56,52,110,1
56,52,120,1
56,52,150,1
56,56,10,1
56,56,20,1
56,56,30,1
56,56,40,1
56,56,50,1
56,56,60,1
56,56,70,1
56,56,80,1
56,56,90,1
56,56,100,1
56,56,110,1
56,56,120,1
56,56,130,1
56,56,140,1
56,56,150,1
57,5,20,1
57,5,30,1
57,5,40,1
57,5,60,1
57,5,70,1
57,5,80,1
57,5,90,1
57,5,100,1
57,5,130,1
57,17,10,1
57,17,20,1
57,17,40,1
57,17,70,1
57,17,80,1
57,17,120,1
57,17,150,1
57,34,30,1
57,34,50,1
57,34,60,1
57,34,80,1
57,34,90,1
57,34,130,1
57,34,150,1
57,41,10,1
57,41,60,1
57,41,80,1
57,41,90,1
57,41,100,1
57,41,130,1
57,41,140,1
57,48,10,1
57,48,50,1
57,48,60,1
57,48,100,1
57,48,110,1
57,48,130,1
57,48,140,1
57,48,150,1
57,49,10,1
57,49,20,1
57,49,30,1
57,49,40,1
57,49,50,1
57,49,70,1
57,49,100,1
57,49,110,1
57,49,120,1
57,49,140,1
57,49,150,1
57,53,30,1
57,53,60,1
57,53,80,1
57,53,90,1
57,53,110,1
57,53,120,1
57,53,130,1
57,53,140,1
57,53,150,1
57,57,10,1
57,57,20,1
57,57,30,1
57,57,40,1
57,57,50,1
57,57,60,1
57,57,70,1
57,57,80,1
57,57,90,1
57,57,100,1
57,57,110,1
57,57,120,1
57,57,130,1
57,57,140,1
57,57,150,1
57,60,10,1
57,60,20,1
57,60,40,1
57,60,50,1
57,60,70,1
57,60,80,1
57,60,90,1
57,60,110,1
57,64,20,1
57,64,30,1
57,64,40,1
57,64,50,1
57,64,70,1
57,64,100,1
57,64,120,1
57,64,140,1
58,1,10,1
58,1,20,1
58,1,30,1
58,1,80,1
58,1,90,1
58,1,120,1
58,2,30,1
58,2,40,1
58,2,50,1
58,2,60,1
58,2,90,1
58,2,110,1
58,2,120,1
58,2,130,1
58,2,140,1
58,4,20,1
58,4,70,1
58,4,100,1
58,4,140,1
58,10,10,1
58,10,20,1
58,10,70,1
58,10,80,1
58,10,110,1
58,10,130,1
58,10,150,1
58,15,10,1
58,15,40,1
58,15,60,1
58,15,70,1
58,15,80,1
58,15,90,1
58,15,130,1
58,15,140,1
58,15,150,1
58,17,20,1
58,17,50,1
58,17,100,1
58,17,140,1
58,17,150,1
58,41,10,1
58,41,30,1
58,41,60,1
58,41,70,1
58,41,80,1
58,41,100,1
58,41,120,1
58,41,130,1
58,41,140,1
58,41,150,1
58,45,10,1
58,45,30,1
58,45,40,1
58,45,120,1
58,45,150,1
58,54,20,1
58,54,40,1
58,54,50,1
58,54,60,1
58,54,70,1
58,54,80,1
58,54,90,1
58,54,100,1
58,54,110,1
58,58,10,1
58,58,20,1
58,58,30,1
58,58,40,1
58,58,50,1
58,58,60,1
58,58,70,1
58,58,80,1
58,58,90,1
58,58,100,1
58,58,110,1
58,58,120,1
58,58,130,1
58,58,140,1
58,58,150,1
58,63,10,1
58,63,20,1
58,63,30,1
58,63,50,1
58,63,60,1
58,63,90,1
58,63,100,1
58,63,110,1
58,63,120,1
58,63,140,1
58,64,30,1
58,64,40,1
58,64,50,1
58,64,60,1
58,64,80,1
58,64,90,1
58,64,100,1
58,64,110,1
58,64,120,1
58,64,130,1
58,64,150,1
59,21,20,1
59,21,40,1
59,21,60,1
59,21,90,1
59,21,100,1
59,21,110,1
59,21,120,1
59,21,150,1
59,27,10,1
59,27,20,1
59,27,30,1
59,27,50,1
59,27,60,1
59,27,70,1
59,27,80,1
59,27,120,1
59,27,130,1
59,27,140,1
59,30,10,1
59,30,30,1
59,30,110,1
59,30,120,1
59,30,140,1
59,42,20,1
59,42,40,1
59,42,50,1
59,42,70,1
59,42,80,1
59,42,90,1
59,42,100,1
59,42,110,1
59,42,130,1
59,42,140,1
59,42,150,1
59,47,30,1
59,47,40,1
59,47,50,1
59,47,60,1
59,47,70,1
59,47,90,1
59,47,100,1
59,47,140,1
59,47,150,1
59,50,10,1
59,50,30,1
59,50,50,1
59,50,60,1
59,50,70,1
59,50,80,1
59,50,120,1
59,50,130,1
59,59,10,1
59,59,20,1
59,59,30,1
59,59,40,1
59,59,50,1
59,59,60,1
59,59,70,1
59,59,80,1
59,59,90,1
59,59,100,1
59,59,110,1
59,59,120,1
59,59,130,1
59,59,140,1
59,59,150,1
60,9,10,1
60,9,20,1
60,9,50,1
60,9,60,1
60,9,70,1
60,9,80,1
60,9,100,1
60,9,120,1
60,9,130,1
60,9,140,1
60,9,150,1
60,26,10,1
60,26,20,1
60,26,30,1
60,26,50,1
60,26,60,1
60,26,90,1
60,26,130,1
60,28,40,1
60,28,80,1
60,28,90,1
60,28,100,1
60,28,140,1
60,28,150,1
60,34,30,1
60,34,40,1
60,34,60,1
60,34,70,1
60,34,90,1
60,34,140,1
60,37,50,1
60,37,60,1
60,37,100,1
60,37,110,1
60,37,120,1
60,37,140,1
60,37,150,1
60,41,10,1
60,41,20,1
60,41,40,1
60,41,50,1
60,41,60,1
60,41,80,1
60,41,100,1
60,41,110,1
60,41,150,1
60,48,20,1
60,48,30,1
60,48,40,1
60,48,50,1
60,48,70,1
60,48,80,1
60,48,90,1
60,48,100,1
60,48,120,1
60,48,150,1
60,51,70,1
60,51,80,1
60,51,110,1
60,51,120,1
60,51,130,1
60,51,150,1
60,53,10,1
60,53,30,1
60,53,40,1
60,53,50,1
60,53,70,1
60,53,110,1
60,53,120,1
60,53,140,1
60,57,20,1
60,57,30,1
60,57,60,1
60,57,100,1
60,57,120,1
60,57,130,1
60,57,140,1
60,57,150,1
60,60,10,1
60,60,20,1
60,60,30,1
60,60,40,1
60,60,50,1
60,60,60,1
60,60,70,1
60,60,80,1
60,60,90,1
60,60,100,1
60,60,110,1
60,60,120,1
60,60,130,1
60,60,140,1
60,60,150,1
60,64,10,1
60,64,20,1
60,64,30,1
60,64,50,1
60,64,80,1
60,64,90,1
60,64,100,1
60,64,110,1
60,64,130,1
60,64,140,1
61,1,20,1
61,1,30,1
61,1,50,1
61,1,60,1
61,1,90,1
61,1,110,1
61,1,120,1
61,1,130,1
61,1,150,1
61,2,10,1
61,2,20,1
61,2,80,1
61,2,90,1
61,2,100,1
61,2,110,1
61,2,120,1
61,2,130,1
61,2,150,1
61,4,40,1
61,4,110,1
61,4,130,1
61,4,150,1
61,12,20,1
61,12,40,1
61,12,70,1
61,12,80,1
61,12,100,1
61,12,110,1
61,12,120,1
61,12,140,1
61,14,30,1
61,14,70,1
61,14,80,1
61,14,90,1
61,14,100,1
61,14,140,1
61,20,10,1
61,20,50,1
61,20,60,1
61,20,80,1
61,20,90,1
61,20,130,1
61,23,10,1
61,23,20,1
61,23,30,1
61,23,50,1
61,23,60,1
61,23,70,1
61,23,80,1
61,23,110,1
61,32,10,1
61,32,20,1
61,32,30,1
61,32,40,1
61,32,50,1
61,32,60,1
61,32,70,1
61,32,100,1
61,32,120,1
61,32,140,1
61,33,10,1
61,33,30,1
61,33,40,1
61,33,100,1
61,33,150,1
61,39,30,1
61,39,50,1
61,39,60,1
61,39,80,1
61,39,130,1
61,39,140,1
61,39,150,1
61,61,10,1
61,61,20,1
61,61,30,1
61,61,40,1
61,61,50,1
61,61,60,1
61,61,70,1
61,61,80,1
61,61,90,1
61,61,100,1
61,61,110,1
61,61,120,1
61,61,130,1
61,61,140,1
61,61,150,1
61,62,20,1
61,62,40,1
61,62,50,1
61,62,60,1
61,62,70,1
61,62,90,1
61,62,100,1
61,62,110,1
61,62,120,1
61,62,140,1
61,63,10,1
61,63,30,1
61,63,40,1
61,63,50,1
61,63,60,1
61,63,70,1
61,63,90,1
61,63,120,1
61,63,130,1
61,63,140,1
61,63,150,1
62,12,10,1
62,12,20,1
62,12,50,1
62,12,70,1
62,12,80,1
62,12,90,1
62,12,100,1
62,12,110,1
62,12,120,1
62,12,130,1
62,12,140,1
62,14,10,1
62,14,20,1
62,14,40,1
62,14,60,1
62,14,80,1
62,14,90,1
62,14,120,1
62,14,130,1
62,20,30,1
62,20,40,1
62,20,50,1
62,20,70,1
62,20,100,1
62,20,110,1
62,20,140,1
62,20,150,1
62,23,30,1
62,23,40,1
62,23,50,1
62,23,60,1
62,23,70,1
62,23,130,1
62,23,140,1
62,23,150,1
62,32,10,1
62,32,20,1
62,32,50,1
62,32,60,1
62,32,80,1
62,32,140,1
62,33,30,1
62,33,40,1
62,33,110,1
62,33,120,1
62,36,20,1
62,36,30,1
62,36,40,1
62,36,60,1
62,36,70,1
62,36,80,1
62,36,90,1
62,36,110,1
62,36,120,1
62,36,150,1
62,39,40,1
62,39,80,1
62,39,90,1
62,39,100,1
62,39,110,1
62,39,150,1
62,61,10,1
62,61,30,1
62,61,80,1
62,61,130,1
62,61,150,1
62,62,10,1
62,62,20,1
62,62,30,1
62,62,40,1
62,62,50,1
62,62,60,1
62,62,70,1
62,62,80,1
62,62,90,1
62,62,100,1
62,62,110,1
62,62,120,1
62,62,130,1
62,62,140,1
62,62,150,1
62,65,10,1
62,65,20,1
62,65,50,1
62,65,60,1
62,65,70,1
62,65,90,1
62,65,100,1
62,65,120,1
62,65,130,1
62,65,140,1
62,65,150,1
63,1,10,1
63,1,70,1
63,1,100,1
63,1,110,1
63,1,130,1
63,1,140,1
63,1,150,1
63,2,10,1
63,2,20,1
63,2,60,1
63,2,70,1
63,2,80,1
63,2,100,1
63,2,140,1
63,2,150,1
63,4,20,1
63,4,30,1
63,4,50,1
63,4,90,1
63,4,100,1
63,4,110,1
63,4,120,1
63,10,30,1
63,10,40,1
63,10,50,1
63,10,60,1
63,10,80,1
63,10,90,1
63,10,100,1
63,10,110,1
63,10,120,1
63,10,130,1
63,12,10,1
63,12,20,1
63,12,40,1
63,12,50,1
63,12,110,1
63,12,130,1
63,12,140,1
63,12,150,1
63,14,10,1
63,14,20,1
63,14,30,1
63,14,50,1
63,14,90,1
63,14,100,1
63,14,120,1
63,14,130,1
63,14,140,1
63,14,150,1
63,15,70,1
63,15,110,1
63,15,120,1
63,15,140,1
63,15,150,1
63,20,10,1
63,20,30,1
63,20,40,1
63,20,50,1
63,20,60,1
63,20,80,1
63,20,110,1
63,20,120,1
63,20,130,1
63,20,140,1
63,20,150,1
63,23,10,1
63,23,20,1
63,23,30,1
63,23,40,1
63,23,70,1
63,23,80,1
63,23,90,1
63,23,100,1
63,23,130,1
63,23,150,1
63,33,30,1
63,33,40,1
63,33,50,1
63,33,60,1
63,33,70,1
63,33,90,1
63,33,150,1
63,37,10,1
63,37,20,1
63,37,40,1
63,37,60,1
63,37,70,1
63,37,90,1
63,37,120,1
63,37,140,1
63,41,10,1
63,41,30,1
63,41,40,1
63,41,50,1
63,41,60,1
63,41,80,1
63,41,120,1
63,45,30,1
63,45,40,1
63,45,70,1
63,45,90,1
63,45,130,1
63,45,140,1
63,54,20,1
63,54,50,1
63,54,60,1
63,54,80,1
63,54,90,1
63,54,100,1
63,54,110,1
63,54,120,1
63,54,140,1
63,54,150,1
63,58,40,1
63,58,70,1
63,58,80,1
63,58,130,1
63,58,150,1
63,61,20,1
63,61,60,1
63,61,80,1
63,61,100,1
63,61,110,1
63,63,10,1
63,63,20,1
63,63,30,1
63,63,40,1
63,63,50,1
63,63,60,1
63,63,70,1
63,63,80,1
63,63,90,1
63,63,100,1
63,63,110,1
63,63,120,1
63,63,130,1
63,63,140,1
63,63,150,1
64,5,20,1
64,5,30,1
64,5,40,1
64,5,50,1
64,5,70,1
64,5,80,1
64,5,90,1
64,5,100,1
64,5,120,1
64,5,130,1
64,5,140,1
64,5,150,1
64,17,10,1
64,17,30,1
64,17,40,1
64,17,50,1
64,17,60,1
64,17,70,1
64,17,80,1
64,17,90,1
64,17,100,1
64,17,110,1
64,17,130,1
64,34,20,1
64,34,30,1
64,34,50,1
64,34,60,1
64,34,90,1
64,34,100,1
64,34,140,1
64,41,20,1
64,41,30,1
64,41,40,1
64,41,50,1
64,41,70,1
64,41,100,1
64,41,110,1
64,41,120,1
64,41,130,1
64,41,140,1
64,48,10,1
64,48,20,1
64,48,40,1
64,48,60,1
64,48,90,1
64,48,100,1
64,48,110,1
64,48,120,1
64,48,130,1
64,48,140,1
64,48,150,1
64,54,30,1
64,54,110,1
64,54,120,1
64,54,130,1
64,54,150,1
64,57,10,1
64,57,60,1
64,57,80,1
64,57,90,1
64,57,110,1
64,57,130,1
64,57,140,1
64,57,150,1
64,58,10,1
64,58,20,1
64,58,70,1
64,58,80,1
64,58,140,1
64,60,60,1
64,60,70,1
64,60,80,1
64,60,120,1
64,60,150,1
64,64,10,1
64,64,20,1
64,64,30,1
64,64,40,1
64,64,50,1
64,64,60,1
64,64,70,1
64,64,80,1
64,64,90,1
64,64,100,1
64,64,110,1
64,64,120,1
64,64,130,1
64,64,140,1
64,64,150,1
65,7,20,1
65,7,40,1
65,7,80,1
65,7,90,1
65,7,100,1
65,7,120,1
65,7,140,1
65,7,150,1
65,18,10,1
65,18,20,1
65,18,30,1
65,18,60,1
65,18,70,1
65,18,90,1
65,18,100,1
65,18,110,1
65,19,10,1
65,19,20,1
65,19,30,1
65,19,40,1
65,19,70,1
65,19,90,1
65,19,110,1
65,19,130,1
65,19,140,1
65,22,10,1
65,22,20,1
65,22,30,1
65,22,40,1
65,22,50,1
65,22,70,1
65,22,80,1
65,22,100,1
65,22,110,1
65,22,120,1
65,22,130,1
65,22,150,1
65,32,10,1
65,32,50,1
65,32,80,1
65,32,100,1
65,32,110,1
65,32,120,1
65,32,130,1
65,32,150,1
65,36,20,1
65,36,50,1
65,36,60,1
65,36,70,1
65,36,80,1
65,36,90,1
65,36,120,1
65,36,130,1
65,36,140,1
65,38,50,1
65,38,60,1
65,38,70,1
65,38,100,1
65,38,120,1
65,38,140,1
65,38,150,1
65,39,10,1
65,39,30,1
65,39,40,1
65,39,60,1
65,39,130,1
65,39,140,1
65,62,30,1
65,62,40,1
65,62,80,1
65,62,110,1
65,65,10,1
65,65,20,1
65,65,30,1
65,65,40,1
65,65,50,1
65,65,60,1
65,65,70,1
65,65,80,1
65,65,90,1
65,65,100,1
65,65,110,1
65,65,120,1
65,65,130,1
65,65,140,1
65,65,150,1
66,3,10,1
66,3,30,1
66,3,40,1
66,3,70,1
66,3,90,1
66,3,100,1
66,3,110,1
66,3,130,1
66,3,140,1
66,7,10,1
66,7,20,1
66,7,50,1
66,7,80,1
66,7,110,1
66,7,120,1
66,7,130,1
66,29,20,1
66,29,50,1
66,29,60,1
66,29,130,1
66,29,140,1
66,29,150,1
66,31,20,1
66,31,30,1
66,31,40,1
66,31,60,1
66,31,80,1
66,31,110,1
66,31,120,1
66,31,150,1
66,46,10,1
66,46,30,1
66,46,40,1
66,46,70,1
66,46,90,1
66,46,100,1
66,46,140,1
66,55,10,1
66,55,20,1
66,55,30,1
66,55,40,1
66,55,50,1
66,55,60,1
66,55,80,1
66,55,90,1
66,55,110,1
66,55,120,1
66,66,10,1
66,66,20,1
66,66,30,1
66,66,40,1
66,66,50,1
66,66,60,1
66,66,70,1
66,66,80,1
66,66,90,1
66,66,100,1
66,66,110,1
66,66,120,1
66,66,130,1
66,66,140,1
66,66,150,1
66,67,10,1
66,67,50,1
66,67,70,1
66,67,80,1
66,67,100,1
66,67,120,1
66,67,130,1
66,67,150,1
67,3,10,1
67,3,40,1
67,3,50,1
67,3,70,1
67,3,80,1
67,3,100,1
67,3,110,1
67,3,120,1
67,3,130,1
67,7,30,1
67,7,70,1
67,7,90,1
67,7,120,1
67,22,20,1
67,22,30,1
67,22,50,1
67,22,60,1
67,22,80,1
67,22,100,1
67,22,120,1
67,22,140,1
67,22,150,1
67,29,10,1
67,29,40,1
67,29,50,1
67,29,60,1
67,29,100,1
67,29,110,1
67,29,130,1
67,29,150,1
67,31,10,1
67,31,20,1
67,31,70,1
67,31,80,1
67,31,90,1
67,31,100,1
67,31,130,1
67,31,140,1
67,31,150,1
67,38,10,1
67,38,20,1
67,38,40,1
67,38,70,1
67,38,90,1
67,46,20,1
67,46,30,1
67,46,50,1
67,46,60,1
67,46,70,1
67,46,90,1
67,46,100,1
67,46,110,1
67,46,120,1
67,46,130,1
67,46,140,1
67,46,150,1
67,66,20,1
67,66,30,1
67,66,40,1
67,66,60,1
67,66,80,1
67,66,90,1
67,66,110,1
67,67,10,1
67,67,20,1
67,67,30,1
67,67,40,1
67,67,50,1
67,67,60,1
67,67,70,1
67,67,80,1
67,67,90,1
67,67,100,1
67,67,110,1
67,67,120,1
67,67,130,1
67,67,140,1
67,67,150,1
